{"calculated": true, "Message": "", "method": {"precision": 0.7708489232560073, "recall": 0.6061854321956323, "hmean": 0.6786720837451045, "AP": 0}}