{"precision": 1.0, "recall": 1.0, "hmean": 1.0, "pairs": [{"gt": 1, "det": 1}, {"gt": 2, "det": 0}], "AP": 0, "iouMat": [[0.0, 0.0], [0.0, 0.8384788657744799], [0.6967817491754891, 0.0]], "gtPolPoints": [[210, 592, 216, 517, 202, 517, 195, 591], [178, 230, 178, 258, 406, 258, 406, 230], [119, 193, 117, 216, 519, 216, 517, 195]], "detPolPoints": [[140, 194, 507, 194, 507, 223, 140, 223], [177, 229, 404, 228, 404, 261, 177, 262]], "gtDontCare": [0], "detDontCare": [], "evaluationParams": {"IOU_CONSTRAINT": 0.5, "AREA_PRECISION_CONSTRAINT": 0.5, "GT_SAMPLE_NAME_2_ID": "", "DET_SAMPLE_NAME_2_ID": "", "LTRB": false, "CRLF": false, "CONFIDENCES": false, "PER_SAMPLE_RESULTS": true}, "evaluationLog": "GT polygons: 3 (1 don't care)\nDET polygons: 2\nMatch GT #1 with Det #1\nMatch GT #2 with Det #0\n"}