{"precision": 1.0, "recall": 1.0, "hmean": 1.0, "pairs": [{"gt": 0, "det": 0}, {"gt": 1, "det": 3}, {"gt": 2, "det": 2}, {"gt": 3, "det": 1}], "AP": 0, "iouMat": [[0.8447024673439768, 0.0, 0.0, 0.0], [0.0, 0.0, 0.0, 0.8552454549013897], [0.0, 0.0, 0.8693983772176556, 0.0], [0.0, 0.8146800392610078, 0.0, 0.0]], "gtPolPoints": [[22, 416, 22, 437, 313, 437, 313, 416], [123, 109, 119, 129, 222, 140, 223, 119], [264, 121, 264, 140, 364, 137, 363, 120], [404, 114, 406, 132, 485, 126, 483, 109]], "detPolPoints": [[18, 417, 314, 417, 314, 435, 18, 435], [402, 115, 485, 108, 487, 128, 404, 135], [261, 119, 363, 120, 363, 139, 261, 138], [119, 112, 224, 117, 223, 138, 118, 132]], "gtDontCare": [], "detDontCare": [], "evaluationParams": {"IOU_CONSTRAINT": 0.5, "AREA_PRECISION_CONSTRAINT": 0.5, "GT_SAMPLE_NAME_2_ID": "", "DET_SAMPLE_NAME_2_ID": "", "LTRB": false, "CRLF": false, "CONFIDENCES": false, "PER_SAMPLE_RESULTS": true}, "evaluationLog": "GT polygons: 4\nDET polygons: 4\nMatch GT #0 with Det #0\nMatch GT #1 with Det #3\nMatch GT #2 with Det #2\nMatch GT #3 with Det #1\n"}