{"precision": 0.3333333333333333, "recall": 0.3333333333333333, "hmean": 0.3333333333333333, "pairs": [{"gt": 3, "det": 3}, {"gt": 16, "det": 2}], "AP": 0, "iouMat": [[0.0, 0.0, 0.0, 0.0, 0.0, 0.0, 0.0], [0.0, 0.0, 0.0, 0.0, 0.0, 0.0, 0.0], [0.0, 0.0, 0.0, 0.0, 0.0, 0.0, 0.0], [0.0, 0.0, 0.0, 0.7703145478374837, 0.0, 0.0, 0.0], [0.3892349745701121, 0.0, 0.0, 0.0, 0.0, 0.0, 0.4366090710280334], [0.3613026001073147, 0.0, 0.0, 0.0, 0.0, 0.0, 0.0], [0.0, 0.0, 0.0, 0.0, 0.0, 0.0, 0.0], [0.0, 0.4104751241334615, 0.0, 0.0, 0.0, 0.0, 0.0], [0.0, 0.26779945089648893, 0.0, 0.0, 0.0, 0.13184384894821188, 0.0], [0.0, 0.01221633960889313, 0.0, 0.0, 0.0, 0.41494845360824745, 0.0], [0.0, 0.0, 0.0, 0.0, 0.8400524853143942, 0.0, 0.0], [0.0, 0.0, 0.0, 0.0, 0.0, 0.0, 0.0], [0.0, 0.0, 0.0, 0.0, 0.0, 0.0, 0.0], [0.0, 0.0, 0.0, 0.0, 0.0, 0.0, 0.0], [0.0, 0.0, 0.0, 0.0, 0.0, 0.0, 0.0], [0.0, 0.0, 0.0, 0.0, 0.0, 0.0, 0.0], [0.0, 0.0, 0.8312569961845079, 0.0, 0.0, 0.0, 0.0]], "gtPolPoints": [[123, 176, 120, 190, 142, 196, 145, 185], [130, 150, 130, 164, 149, 166, 148, 150], [134, 118, 119, 133, 125, 139, 143, 125], [459, 390, 460, 439, 483, 439, 483, 388], [227, 441, 227, 459, 380, 460, 380, 443], [381, 444, 380, 460, 484, 460, 483, 446], [0, 488, 0, 497, 140, 497, 142, 490], [365, 129, 365, 171, 410, 171, 410, 129], [360, 172, 360, 211, 398, 211, 398, 172], [413, 191, 413, 214, 399, 214, 399, 191], [366, 215, 369, 228, 400, 229, 400, 215], [396, 232, 396, 379, 405, 379, 405, 232], [386, 231, 386, 331, 393, 331, 393, 231], [381, 231, 381, 350, 387, 350, 387, 231], [373, 233, 373, 370, 381, 370, 381, 233], [367, 230, 367, 346, 374, 346, 374, 230], [232, 392, 231, 434, 449, 434, 446, 396]], "detPolPoints": [[260, 438, 484, 443, 484, 462, 259, 457], [362, 141, 405, 140, 407, 195, 364, 196], [244, 396, 453, 395, 453, 436, 244, 437], [456, 386, 483, 386, 484, 442, 457, 443], [367, 213, 399, 214, 399, 229, 366, 228], [389, 183, 414, 184, 413, 215, 388, 214], [224, 443, 304, 443, 304, 461, 224, 461]], "gtDontCare": [0, 1, 2, 6, 9, 10, 11, 12, 13, 14, 15], "detDontCare": [4], "evaluationParams": {"IOU_CONSTRAINT": 0.5, "AREA_PRECISION_CONSTRAINT": 0.5, "GT_SAMPLE_NAME_2_ID": "", "DET_SAMPLE_NAME_2_ID": "", "LTRB": false, "CRLF": false, "CONFIDENCES": false, "PER_SAMPLE_RESULTS": true}, "evaluationLog": "GT polygons: 17 (11 don't care)\nDET polygons: 7 (1 don't care)\nMatch GT #3 with Det #3\nMatch GT #16 with Det #2\n"}