{"precision": 1.0, "recall": 0.6666666666666666, "hmean": 0.8, "pairs": [{"gt": 12, "det": 3}, {"gt": 13, "det": 2}, {"gt": 15, "det": 0}, {"gt": 16, "det": 1}], "AP": 0, "iouMat": [[0.0, 0.0, 0.0, 0.0], [0.0, 0.0, 0.0, 0.0], [0.0, 0.0, 0.0, 0.0], [0.0, 0.0, 0.0, 0.0], [0.0, 0.0, 0.0, 0.0], [0.0, 0.0, 0.0, 0.0], [0.0, 0.0, 0.0, 0.0], [0.0, 0.0, 0.0, 0.0], [0.0, 0.0, 0.0, 0.0], [0.0, 0.0, 0.0, 0.0], [0.0, 0.0, 0.0, 0.0], [0.0, 0.0, 0.0, 0.0], [0.0, 0.0, 0.0, 0.8467432950191571], [0.0, 0.0, 0.8787878787878788, 0.0], [0.31546707503828486, 0.0, 0.0, 0.0], [0.5401234567901234, 0.0, 0.0, 0.0], [0.0, 0.7537688442211056, 0.0, 0.0]], "gtPolPoints": [[273, 382, 277, 398, 336, 355, 325, 349], [334, 573, 330, 575, 369, 600, 372, 595], [320, 588, 357, 614, 363, 605, 326, 578], [393, 546, 381, 562, 384, 564, 396, 546], [397, 546, 382, 565, 385, 566, 399, 549], [407, 547, 399, 558, 404, 561, 414, 549], [451, 499, 452, 503, 478, 485, 476, 481], [462, 498, 463, 502, 471, 497, 468, 492], [415, 466, 416, 468, 442, 452, 439, 451], [415, 472, 418, 474, 449, 452, 448, 449], [397, 435, 399, 438, 410, 434, 408, 429], [380, 437, 384, 442, 415, 421, 411, 418], [327, 158, 327, 171, 378, 171, 378, 158], [324, 125, 324, 137, 383, 137, 383, 125], [206, 82, 206, 106, 325, 106, 325, 82], [337, 82, 337, 107, 498, 107, 498, 82], [255, 54, 255, 64, 450, 64, 450, 54]], "detPolPoints": [[222, 81, 498, 80, 498, 107, 222, 108], [255, 53, 454, 53, 454, 66, 255, 66], [322, 124, 382, 124, 382, 137, 322, 137], [326, 158, 380, 157, 380, 172, 326, 172]], "gtDontCare": [0, 1, 2, 3, 4, 5, 6, 7, 8, 9, 10], "detDontCare": [], "evaluationParams": {"IOU_CONSTRAINT": 0.5, "AREA_PRECISION_CONSTRAINT": 0.5, "GT_SAMPLE_NAME_2_ID": "", "DET_SAMPLE_NAME_2_ID": "", "LTRB": false, "CRLF": false, "CONFIDENCES": false, "PER_SAMPLE_RESULTS": true}, "evaluationLog": "GT polygons: 17 (11 don't care)\nDET polygons: 4\nMatch GT #12 with Det #3\nMatch GT #13 with Det #2\nMatch GT #15 with Det #0\nMatch GT #16 with Det #1\n"}