{"precision": 0.6666666666666666, "recall": 0.6666666666666666, "hmean": 0.6666666666666666, "pairs": [{"gt": 0, "det": 0}, {"gt": 1, "det": 2}, {"gt": 2, "det": 3}, {"gt": 3, "det": 1}], "AP": 0, "iouMat": [[0.8347386172006745, 0.0, 0.0, 0.0, 0.0, 0.0], [0.0, 0.0, 0.6474237928243863, 0.0, 0.0, 0.52856756024912], [0.0, 0.0, 0.0, 0.5582546108861899, 0.0, 0.0], [0.0, 0.5253686797752809, 0.0, 0.0, 0.4196642685851319, 0.0], [0.0, 0.0, 0.0, 0.0, 0.0, 0.0], [0.0, 0.0, 0.0, 0.0, 0.0, 0.0]], "gtPolPoints": [[46, 163, 46, 180, 148, 180, 148, 163], [47, 134, 47, 150, 274, 150, 274, 134], [46, 103, 46, 122, 280, 122, 280, 103], [41, 56, 41, 93, 347, 93, 347, 56], [277, 340, 310, 376, 373, 340, 335, 304], [342, 442, 402, 506, 471, 464, 406, 402]], "detPolPoints": [[51, 162, 141, 163, 141, 180, 51, 179], [176, 57, 349, 56, 349, 91, 176, 92], [111, 133, 261, 134, 261, 150, 111, 150], [123, 104, 269, 104, 269, 121, 123, 121], [39, 54, 181, 54, 181, 91, 39, 91], [50, 133, 172, 134, 172, 150, 50, 150]], "gtDontCare": [], "detDontCare": [], "evaluationParams": {"IOU_CONSTRAINT": 0.5, "AREA_PRECISION_CONSTRAINT": 0.5, "GT_SAMPLE_NAME_2_ID": "", "DET_SAMPLE_NAME_2_ID": "", "LTRB": false, "CRLF": false, "CONFIDENCES": false, "PER_SAMPLE_RESULTS": true}, "evaluationLog": "GT polygons: 6\nDET polygons: 6\nMatch GT #0 with Det #0\nMatch GT #1 with Det #2\nMatch GT #2 with Det #3\nMatch GT #3 with Det #1\n"}