{"precision": 0.5, "recall": 0.2, "hmean": 0.28571428571428575, "pairs": [{"gt": 18, "det": 3}, {"gt": 19, "det": 0}, {"gt": 22, "det": 4}, {"gt": 23, "det": 5}], "AP": 0, "iouMat": [[0.0, 0.0, 0.0, 0.0, 0.0, 0.0, 0.0, 0.0, 0.0], [0.0, 0.0, 0.0, 0.0, 0.0, 0.0, 0.0, 0.0, 0.0], [0.0, 0.0, 0.0, 0.0, 0.0, 0.0, 0.0, 0.0, 0.0], [0.0, 0.0, 0.0, 0.0, 0.0, 0.0, 0.0, 0.0, 0.0], [0.0, 0.0, 0.0, 0.0, 0.0, 0.0, 0.0, 0.10699588477366255, 0.0], [0.0, 0.0, 0.0, 0.0, 0.0, 0.0, 0.0, 0.1728395061728395, 0.0], [0.0, 0.0, 0.0, 0.0, 0.0, 0.0, 0.019195642036033373, 0.13203017832647462, 0.0], [0.0, 0.0, 0.0, 0.0, 0.0, 0.0, 0.06418049011193028, 0.13285371635813423, 0.0], [0.0, 0.0, 0.0, 0.0, 0.0, 0.0, 0.03997656464875815, 0.0, 0.0], [0.0, 0.0, 0.0, 0.0, 0.0, 0.0, 0.07134638868862798, 0.0, 0.0], [0.0, 0.0, 0.0, 0.0, 0.0, 0.0, 0.11163137785868307, 0.0, 0.0], [0.0, 0.0, 0.0, 0.0, 0.0, 0.0, 0.108197979281238, 0.0, 0.0], [0.0, 0.0, 0.0, 0.0, 0.0, 0.0, 0.050216450216450215, 0.0, 0.0], [0.0, 0.0, 0.24132055378061767, 0.0, 0.0, 0.0, 0.0, 0.0, 0.0], [0.0, 0.0, 0.3342945874001775, 0.0, 0.0, 0.0, 0.004644095364465179, 0.0, 0.0], [0.0, 0.0, 0.0833634067123782, 0.0, 0.0, 0.0, 0.0, 0.0, 0.0], [0.0, 0.3493150684931507, 0.0, 0.0, 0.0, 0.0, 0.0, 0.0, 0.0], [0.0, 0.31789205269868254, 0.0, 0.0, 0.0, 0.0, 0.0, 0.0, 0.0], [0.0, 0.0, 0.0, 0.8034083992696287, 0.0, 0.0, 0.0, 0.0, 0.0], [0.8792388007420995, 0.0, 0.0, 0.0, 0.0, 0.0, 0.0, 0.0, 0.0], [0.0, 0.0, 0.0, 0.0, 0.0, 0.0, 0.0, 0.0, 0.5586592178770949], [0.0, 0.0, 0.0, 0.0, 0.0, 0.0, 0.0, 0.0, 0.0], [0.0, 0.0, 0.0, 0.0, 0.9508685444813944, 0.0, 0.0, 0.0, 0.0], [0.0, 0.0, 0.0, 0.0, 0.0, 0.8699406794043469, 0.0, 0.0, 0.0], [0.0, 0.0, 0.0, 0.0, 0.0, 0.0, 0.0, 0.0, 0.0], [0.0, 0.0, 0.0, 0.0, 0.0, 0.0, 0.0, 0.0, 0.0], [0.0, 0.0, 0.0, 0.0, 0.0, 0.0, 0.0, 0.0, 0.0], [0.0, 0.0, 0.0, 0.0, 0.0, 0.0, 0.0, 0.0, 0.0], [0.0, 0.0, 0.0, 0.0, 0.0, 0.0, 0.0, 0.0, 0.0], [0.0, 0.0, 0.0, 0.0, 0.0, 0.0, 0.0, 0.0, 0.0], [0.0, 0.0, 0.0, 0.0, 0.0, 0.0, 0.0, 0.0, 0.0], [0.0, 0.0, 0.0, 0.0, 0.0, 0.0, 0.0, 0.0, 0.0], [0.0, 0.0, 0.0, 0.0, 0.0, 0.0, 0.0, 0.0, 0.0], [0.0, 0.0, 0.0, 0.0, 0.0, 0.0, 0.0, 0.0, 0.0]], "gtPolPoints": [[66, 588, 66, 597, 93, 597, 93, 588], [101, 589, 101, 596, 189, 596, 189, 589], [197, 589, 197, 596, 270, 596, 270, 589], [276, 590, 276, 596, 343, 596, 343, 590], [66, 572, 66, 580, 105, 580, 105, 572], [112, 572, 112, 579, 184, 579, 184, 572], [191, 573, 191, 580, 246, 580, 246, 573], [254, 571, 254, 581, 297, 581, 297, 571], [306, 568, 306, 580, 322, 580, 322, 568], [330, 568, 330, 580, 357, 580, 357, 568], [365, 572, 365, 580, 424, 580, 424, 572], [432, 571, 432, 580, 479, 580, 479, 571], [493, 572, 493, 579, 541, 579, 541, 572], [65, 553, 65, 564, 185, 564, 185, 553], [208, 553, 208, 564, 345, 564, 345, 553], [362, 553, 362, 564, 498, 564, 498, 553], [81, 522, 81, 539, 254, 539, 254, 522], [269, 517, 269, 541, 418, 541, 418, 517], [449, 518, 449, 540, 599, 540, 599, 518], [65, 473, 66, 497, 330, 500, 330, 468], [492, 338, 487, 348, 540, 386, 543, 379], [275, 188, 271, 200, 332, 202, 326, 189], [273, 60, 273, 89, 400, 89, 400, 60], [428, 61, 428, 89, 556, 89, 556, 61], [299, 34, 299, 40, 370, 40, 370, 34], [375, 33, 375, 40, 409, 40, 409, 33], [415, 33, 415, 39, 455, 39, 455, 33], [461, 32, 461, 39, 482, 39, 482, 32], [487, 33, 487, 40, 530, 40, 530, 33], [537, 33, 537, 38, 602, 38, 602, 33], [298, 19, 298, 28, 314, 28, 314, 19], [319, 22, 319, 27, 366, 27, 366, 22], [158, 0, 158, 9, 309, 9, 309, 0], [355, 0, 355, 9, 594, 9, 594, 0]], "detPolPoints": [[68, 470, 337, 468, 337, 497, 68, 499], [122, 519, 371, 519, 371, 542, 122, 542], [82, 551, 404, 550, 404, 564, 82, 565], [449, 517, 604, 516, 604, 543, 449, 543], [271, 60, 400, 59, 400, 88, 271, 89], [426, 59, 556, 59, 556, 87, 426, 88], [222, 563, 522, 569, 522, 582, 221, 576], [63, 569, 306, 568, 306, 580, 63, 581], [492, 337, 550, 377, 542, 390, 484, 350]], "gtDontCare": [8, 9, 20, 21, 24, 25, 26, 27, 28, 29, 30, 31, 32, 33], "detDontCare": [8], "evaluationParams": {"IOU_CONSTRAINT": 0.5, "AREA_PRECISION_CONSTRAINT": 0.5, "GT_SAMPLE_NAME_2_ID": "", "DET_SAMPLE_NAME_2_ID": "", "LTRB": false, "CRLF": false, "CONFIDENCES": false, "PER_SAMPLE_RESULTS": true}, "evaluationLog": "GT polygons: 34 (14 don't care)\nDET polygons: 9 (1 don't care)\nMatch GT #18 with Det #3\nMatch GT #19 with Det #0\nMatch GT #22 with Det #4\nMatch GT #23 with Det #5\n"}