{"precision": 0.4444444444444444, "recall": 0.2857142857142857, "hmean": 0.34782608695652173, "pairs": [{"gt": 3, "det": 7}, {"gt": 8, "det": 0}, {"gt": 11, "det": 2}, {"gt": 12, "det": 6}], "AP": 0, "iouMat": [[0.0, 0.0, 0.0, 0.0, 0.0, 0.39105058365758794, 0.0, 0.0, 0.0], [0.0, 0.0, 0.0, 0.0, 0.0, 0.4238128986534373, 0.0, 0.0, 0.0], [0.0, 0.0, 0.0, 0.0, 0.0, 0.0, 0.0, 0.0, 0.0], [0.0, 0.0, 0.0, 0.0, 0.0, 0.0, 0.0, 0.8087971274685817, 0.0], [0.0, 0.0, 0.0, 0.413160699028132, 0.0, 0.0, 0.0, 0.0, 0.0], [0.0, 0.0, 0.0, 0.3629441624365482, 0.0, 0.0, 0.0, 0.0, 0.0], [0.0, 0.4045942941830308, 0.0, 0.0, 0.0, 0.0, 0.0, 0.0, 0.0], [0.0, 0.3929992044550517, 0.0, 0.0, 0.0, 0.0, 0.0, 0.0, 0.0], [0.904417782379172, 0.0, 0.0, 0.0, 0.0, 0.0, 0.0, 0.0, 0.0], [0.0, 0.0, 0.0, 0.0, 0.0, 0.0, 0.0, 0.0, 0.0], [0.0, 0.0, 0.0, 0.0, 0.44672269065445236, 0.0, 0.0, 0.0, 0.4511908585020418], [0.0, 0.0, 0.5306044513061647, 0.0, 0.0, 0.0, 0.0, 0.0, 0.0], [0.0, 0.0, 0.0, 0.0, 0.0, 0.0, 0.6575411566740532, 0.0, 0.0], [0.0, 0.0, 0.0, 0.0, 0.0, 0.0, 0.0, 0.0, 0.0]], "gtPolPoints": [[365, 436, 365, 449, 414, 449, 414, 436], [422, 436, 422, 450, 468, 450, 468, 436], [193, 294, 193, 312, 252, 312, 252, 294], [264, 296, 264, 313, 319, 313, 319, 296], [43, 128, 43, 142, 90, 142, 90, 128], [96, 129, 96, 142, 142, 142, 142, 129], [195, 74, 195, 97, 253, 97, 253, 74], [266, 77, 266, 96, 321, 96, 321, 77], [323, 330, 323, 376, 446, 376, 446, 330], [351, 274, 351, 316, 428, 316, 428, 274], [69, 287, 84, 311, 194, 250, 182, 229], [60, 247, 69, 275, 116, 246, 109, 226], [37, 215, 54, 238, 94, 214, 81, 190], [90, 183, 105, 213, 117, 210, 102, 178]], "detPolPoints": [[322, 332, 449, 333, 449, 377, 321, 376], [201, 76, 318, 76, 318, 97, 201, 97], [55, 254, 133, 209, 146, 232, 69, 277], [40, 128, 140, 129, 140, 144, 40, 144], [71, 285, 123, 261, 136, 287, 83, 312], [364, 438, 469, 436, 469, 449, 364, 451], [36, 217, 92, 190, 104, 214, 48, 241], [257, 296, 317, 296, 317, 314, 257, 314], [125, 258, 191, 225, 202, 248, 136, 281]], "gtDontCare": [], "detDontCare": [], "evaluationParams": {"IOU_CONSTRAINT": 0.5, "AREA_PRECISION_CONSTRAINT": 0.5, "GT_SAMPLE_NAME_2_ID": "", "DET_SAMPLE_NAME_2_ID": "", "LTRB": false, "CRLF": false, "CONFIDENCES": false, "PER_SAMPLE_RESULTS": true}, "evaluationLog": "GT polygons: 14\nDET polygons: 9\nMatch GT #3 with Det #7\nMatch GT #8 with Det #0\nMatch GT #11 with Det #2\nMatch GT #12 with Det #6\n"}