{"precision": 0.75, "recall": 1.0, "hmean": 0.8571428571428571, "pairs": [{"gt": 0, "det": 1}, {"gt": 1, "det": 0}, {"gt": 2, "det": 2}], "AP": 0, "iouMat": [[0.0, 0.8194854062849588, 0.0, 0.0], [0.5788121542869537, 0.0, 0.0, 0.0], [0.0, 0.0, 0.6657347870655111, 0.3029053554829945]], "gtPolPoints": [[48, 650, 48, 667, 286, 667, 286, 650], [42, 546, 42, 635, 538, 635, 538, 546], [15, 493, 15, 531, 560, 531, 560, 493]], "detPolPoints": [[28, 543, 346, 543, 347, 636, 28, 637], [46, 647, 285, 647, 285, 667, 46, 668], [27, 493, 403, 492, 403, 532, 27, 533], [381, 496, 560, 495, 560, 532, 381, 533]], "gtDontCare": [], "detDontCare": [], "evaluationParams": {"IOU_CONSTRAINT": 0.5, "AREA_PRECISION_CONSTRAINT": 0.5, "GT_SAMPLE_NAME_2_ID": "", "DET_SAMPLE_NAME_2_ID": "", "LTRB": false, "CRLF": false, "CONFIDENCES": false, "PER_SAMPLE_RESULTS": true}, "evaluationLog": "GT polygons: 3\nDET polygons: 4\nMatch GT #0 with Det #1\nMatch GT #1 with Det #0\nMatch GT #2 with Det #2\n"}