{"precision": 0.5, "recall": 0.5, "hmean": 0.5, "pairs": [{"gt": 0, "det": 0}, {"gt": 4, "det": 3}, {"gt": 5, "det": 2}], "AP": 0, "iouMat": [[0.9224967809185113, 0.0005498721617865182, 0.0, 0.0, 0.0, 0.0], [0.0, 0.3803348372799541, 0.0, 0.0, 0.0, 0.0], [0.0, 0.00986639260020555, 0.0, 0.0, 0.0, 0.0], [0.0, 0.38437884102758396, 0.0, 0.0, 0.0, 0.0], [0.0, 0.0, 0.0, 0.6309502262443439, 0.0, 0.20018099547511312], [0.0, 0.0, 0.8603639240506329, 0.0, 0.0, 0.0]], "gtPolPoints": [[6, 155, 6, 214, 263, 214, 263, 155], [270, 188, 270, 212, 359, 212, 359, 188], [370, 197, 370, 203, 378, 203, 378, 197], [389, 188, 389, 212, 477, 212, 477, 188], [6, 225, 6, 242, 331, 242, 331, 225], [7, 248, 7, 264, 244, 264, 244, 248]], "detPolPoints": [[4, 153, 261, 152, 261, 215, 4, 216], [262, 191, 483, 188, 484, 210, 263, 213], [11, 250, 236, 248, 236, 263, 11, 264], [10, 227, 259, 225, 259, 239, 10, 241], [432, 629, 544, 540, 556, 556, 444, 644], [252, 227, 331, 226, 331, 240, 252, 241]], "gtDontCare": [], "detDontCare": [], "evaluationParams": {"IOU_CONSTRAINT": 0.5, "AREA_PRECISION_CONSTRAINT": 0.5, "GT_SAMPLE_NAME_2_ID": "", "DET_SAMPLE_NAME_2_ID": "", "LTRB": false, "CRLF": false, "CONFIDENCES": false, "PER_SAMPLE_RESULTS": true}, "evaluationLog": "GT polygons: 6\nDET polygons: 6\nMatch GT #0 with Det #0\nMatch GT #4 with Det #3\nMatch GT #5 with Det #2\n"}