{"precision": 0.8, "recall": 1.0, "hmean": 0.888888888888889, "pairs": [{"gt": 0, "det": 1}, {"gt": 1, "det": 4}, {"gt": 2, "det": 2}, {"gt": 3, "det": 0}], "AP": 0, "iouMat": [[0.0, 0.9019294580312154, 0.0, 0.0, 0.0], [0.0, 0.0, 0.0, 0.0, 0.9487179487179487], [0.0, 0.0, 0.6820212602064397, 0.0, 0.0], [0.83781273899268, 0.0, 0.0, 0.0, 0.0]], "gtPolPoints": [[462, 39, 462, 80, 643, 80, 643, 39], [649, 38, 649, 55, 686, 55, 686, 38], [736, 91, 736, 101, 493, 101, 493, 91], [452, 128, 452, 177, 765, 177, 765, 128]], "detPolPoints": [[439, 125, 778, 125, 778, 179, 439, 179], [462, 39, 641, 39, 641, 84, 462, 84], [496, 88, 729, 87, 729, 100, 496, 101], [454, 332, 513, 339, 505, 405, 446, 398], [648, 38, 687, 38, 687, 55, 648, 55]], "gtDontCare": [], "detDontCare": [], "evaluationParams": {"IOU_CONSTRAINT": 0.5, "AREA_PRECISION_CONSTRAINT": 0.5, "GT_SAMPLE_NAME_2_ID": "", "DET_SAMPLE_NAME_2_ID": "", "LTRB": false, "CRLF": false, "CONFIDENCES": false, "PER_SAMPLE_RESULTS": true}, "evaluationLog": "GT polygons: 4\nDET polygons: 5\nMatch GT #0 with Det #1\nMatch GT #1 with Det #4\nMatch GT #2 with Det #2\nMatch GT #3 with Det #0\n"}