{"precision": 0.4, "recall": 0.25, "hmean": 0.3076923076923077, "pairs": [{"gt": 0, "det": 0}, {"gt": 1, "det": 2}, {"gt": 2, "det": 1}, {"gt": 6, "det": 3}], "AP": 0, "iouMat": [[0.9324918921403949, 0.0, 0.0, 0.0, 0.0, 0.0, 0.0, 0.0, 0.0, 0.0], [0.0, 0.0, 0.8930609042236546, 0.0, 0.0, 0.0, 0.0, 0.0, 0.0, 0.0], [0.0, 0.5340425472739913, 0.0, 0.0, 0.0, 0.0, 0.40923797087994823, 0.0, 0.0, 0.0], [0.0, 0.0, 0.0, 0.0, 0.0, 0.0, 0.0, 0.3494660523114383, 0.34234740424750654, 0.0], [0.0, 0.0, 0.0, 0.0, 0.20368579292163203, 0.0, 0.0, 0.009681552522797036, 0.014683454432978776, 0.0], [0.0, 0.0, 0.0, 0.0, 0.0, 0.0, 0.0, 0.0, 0.0, 0.0], [0.0, 0.0, 0.0, 0.6788066001711831, 0.0, 0.0, 0.0, 0.0, 0.0, 0.0], [0.0, 0.0, 0.0, 0.0, 0.0, 0.0, 0.0, 0.0, 0.0, 0.0], [0.0, 0.0, 0.0, 0.0, 0.0, 0.14477734287534683, 0.0, 0.0, 0.0, 0.0], [0.0, 0.0, 0.0, 0.0, 0.0, 0.16839252265590796, 0.0, 0.0, 0.0, 0.0014484985509956956], [0.0, 0.0, 0.0, 0.0, 0.0, 0.0, 0.0, 0.0, 0.0, 0.0], [0.0, 0.0, 0.0, 0.0, 0.0, 0.0, 0.0, 0.0, 0.0, 0.0], [0.0, 0.0, 0.0, 0.0, 0.0, 0.0, 0.0, 0.0, 0.0, 0.0], [0.0, 0.0, 0.0, 0.0, 0.0, 0.10588183864363084, 0.0, 0.0, 0.0, 0.20850690776456135], [0.0, 0.0, 0.0, 0.0, 0.0, 0.0, 0.0, 0.0, 0.0, 0.012037071145038365], [0.0, 0.0, 0.0, 0.0, 0.0, 0.0, 0.0, 0.0, 0.0, 0.1865272880003243]], "gtPolPoints": [[331, 410, 331, 455, 425, 455, 425, 410], [432, 419, 432, 454, 474, 454, 474, 419], [317, 159, 331, 168, 367, 124, 355, 113], [313, 222, 321, 229, 345, 198, 339, 191], [324, 234, 335, 239, 392, 169, 385, 163], [337, 246, 348, 249, 380, 211, 374, 203], [352, 255, 360, 264, 402, 212, 393, 205], [364, 266, 373, 274, 397, 251, 387, 242], [396, 120, 403, 129, 425, 105, 418, 97], [392, 153, 399, 159, 438, 116, 431, 108], [416, 152, 412, 159, 421, 164, 425, 156], [418, 176, 427, 182, 448, 158, 440, 151], [442, 178, 450, 184, 453, 182, 443, 174], [427, 139, 435, 147, 452, 126, 445, 120], [467, 166, 458, 158, 471, 141, 481, 147], [466, 137, 458, 129, 451, 139, 458, 147]], "detPolPoints": [[333, 409, 427, 409, 427, 455, 332, 454], [338, 121, 355, 130, 337, 166, 320, 157], [431, 421, 476, 420, 476, 453, 432, 454], [388, 206, 400, 216, 358, 265, 347, 255], [358, 171, 384, 169, 386, 191, 359, 193], [415, 103, 448, 122, 439, 136, 406, 117], [351, 111, 366, 117, 354, 146, 338, 140], [325, 193, 347, 197, 344, 216, 322, 213], [321, 199, 342, 207, 335, 227, 313, 219], [435, 118, 472, 139, 464, 153, 427, 132]], "gtDontCare": [], "detDontCare": [], "evaluationParams": {"IOU_CONSTRAINT": 0.5, "AREA_PRECISION_CONSTRAINT": 0.5, "GT_SAMPLE_NAME_2_ID": "", "DET_SAMPLE_NAME_2_ID": "", "LTRB": false, "CRLF": false, "CONFIDENCES": false, "PER_SAMPLE_RESULTS": true}, "evaluationLog": "GT polygons: 16\nDET polygons: 10\nMatch GT #0 with Det #0\nMatch GT #1 with Det #2\nMatch GT #2 with Det #1\nMatch GT #6 with Det #3\n"}