{"precision": 1.0, "recall": 0.8, "hmean": 0.888888888888889, "pairs": [{"gt": 0, "det": 3}, {"gt": 2, "det": 1}, {"gt": 3, "det": 0}, {"gt": 4, "det": 2}], "AP": 0, "iouMat": [[0.0, 0.0, 0.001673030511360458, 0.6851949829326565], [0.0, 0.0, 0.0, 0.04763144111754114], [0.009793332213226319, 0.7539656701557103, 0.0, 0.0], [0.5941437943236175, 0.0, 0.0, 0.0], [0.0, 0.0, 0.6379270214365537, 0.004011430297877352]], "gtPolPoints": [[360, 37, 358, 61, 405, 67, 407, 48], [410, 44, 410, 62, 425, 62, 427, 50], [95, 440, 96, 470, 276, 472, 273, 438], [19, 476, 15, 500, 376, 499, 379, 484], [286, 39, 279, 64, 415, 87, 414, 76]], "detPolPoints": [[42, 468, 375, 473, 375, 502, 42, 498], [79, 439, 290, 438, 290, 474, 79, 475], [291, 50, 413, 69, 410, 88, 288, 69], [351, 37, 416, 47, 413, 69, 348, 59]], "gtDontCare": [], "detDontCare": [], "evaluationParams": {"IOU_CONSTRAINT": 0.5, "AREA_PRECISION_CONSTRAINT": 0.5, "GT_SAMPLE_NAME_2_ID": "", "DET_SAMPLE_NAME_2_ID": "", "LTRB": false, "CRLF": false, "CONFIDENCES": false, "PER_SAMPLE_RESULTS": true}, "evaluationLog": "GT polygons: 5\nDET polygons: 4\nMatch GT #0 with Det #3\nMatch GT #2 with Det #1\nMatch GT #3 with Det #0\nMatch GT #4 with Det #2\n"}