{"precision": 1.0, "recall": 0.8, "hmean": 0.888888888888889, "pairs": [{"gt": 0, "det": 1}, {"gt": 1, "det": 3}, {"gt": 2, "det": 2}, {"gt": 3, "det": 0}], "AP": 0, "iouMat": [[0.0, 0.8911488353951521, 0.0, 0.0], [0.0, 0.0, 0.0, 0.8698092031425365], [0.0, 0.0, 0.9245130185928053, 0.0], [0.9219132369299221, 0.0, 0.0, 0.0], [0.0, 0.0, 0.0, 0.0], [0.0, 0.0, 0.0, 0.0], [0.0, 0.0, 0.0, 0.0], [0.0, 0.0, 0.0, 0.0], [0.0, 0.0, 0.0, 0.0], [0.0, 0.0, 0.0, 0.0], [0.0, 0.0, 0.0, 0.0], [0.0, 0.0, 0.0, 0.0], [0.0, 0.0, 0.0, 0.0], [0.0, 0.0, 0.0, 0.0], [0.0, 0.0, 0.0, 0.0], [0.0, 0.0, 0.0, 0.0], [0.0, 0.0, 0.0, 0.0], [0.0, 0.0, 0.0, 0.0], [0.0, 0.0, 0.0, 0.0], [0.0, 0.0, 0.0, 0.0], [0.0, 0.0, 0.0, 0.0], [0.0, 0.0, 0.0, 0.0], [0.0, 0.0, 0.0, 0.0], [0.0, 0.0, 0.0, 0.0], [0.0, 0.0, 0.0, 0.0], [0.0, 0.0, 0.0, 0.0], [0.0, 0.0, 0.0, 0.0], [0.0, 0.0, 0.0, 0.0], [0.0, 0.0, 0.0, 0.0]], "gtPolPoints": [[91, 5, 91, 30, 207, 30, 207, 5], [8, 33, 8, 264, 35, 264, 35, 33], [276, 37, 276, 263, 306, 263, 306, 37], [79, 273, 79, 301, 227, 301, 227, 273], [170, 87, 171, 94, 222, 95, 223, 88], [169, 97, 169, 100, 207, 102, 207, 98], [170, 102, 170, 105, 198, 105, 198, 102], [175, 120, 175, 127, 197, 127, 197, 120], [169, 129, 170, 132, 205, 133, 204, 130], [170, 133, 169, 136, 215, 137, 215, 134], [170, 169, 170, 177, 210, 177, 210, 169], [97, 175, 97, 178, 129, 179, 128, 175], [99, 179, 99, 183, 112, 184, 112, 181], [99, 190, 99, 194, 122, 195, 120, 192], [84, 209, 84, 215, 127, 215, 126, 211], [82, 216, 82, 219, 163, 221, 163, 218], [83, 221, 83, 224, 165, 226, 165, 223], [83, 225, 83, 229, 166, 231, 166, 227], [84, 230, 82, 233, 166, 234, 166, 232], [84, 234, 84, 238, 137, 238, 137, 234], [84, 239, 84, 243, 105, 243, 105, 239], [84, 243, 84, 246, 166, 248, 166, 245], [84, 247, 84, 250, 122, 252, 122, 248], [187, 227, 187, 251, 191, 251, 191, 227], [192, 220, 192, 251, 195, 250, 196, 220], [197, 213, 196, 251, 199, 251, 200, 214], [200, 232, 200, 250, 202, 250, 202, 232], [203, 222, 203, 251, 205, 251, 205, 222], [205, 223, 205, 243, 208, 243, 208, 223]], "detPolPoints": [[76, 273, 231, 273, 231, 302, 76, 302], [92, 7, 210, 6, 210, 30, 92, 31], [275, 40, 306, 39, 308, 267, 277, 268], [10, 45, 35, 45, 33, 262, 8, 262]], "gtDontCare": [5, 6, 7, 8, 9, 10, 11, 12, 13, 14, 15, 16, 17, 18, 19, 20, 21, 22, 23, 24, 25, 26, 27, 28], "detDontCare": [], "evaluationParams": {"IOU_CONSTRAINT": 0.5, "AREA_PRECISION_CONSTRAINT": 0.5, "GT_SAMPLE_NAME_2_ID": "", "DET_SAMPLE_NAME_2_ID": "", "LTRB": false, "CRLF": false, "CONFIDENCES": false, "PER_SAMPLE_RESULTS": true}, "evaluationLog": "GT polygons: 29 (24 don't care)\nDET polygons: 4\nMatch GT #0 with Det #1\nMatch GT #1 with Det #3\nMatch GT #2 with Det #2\nMatch GT #3 with Det #0\n"}