{"precision": 1.0, "recall": 1.0, "hmean": 1.0, "pairs": [{"gt": 0, "det": 0}, {"gt": 1, "det": 1}, {"gt": 2, "det": 2}, {"gt": 3, "det": 3}], "AP": 0, "iouMat": [[0.9104579630895421, 0.0, 0.0, 0.0], [0.0, 0.9304744093441775, 0.0, 0.0], [0.0, 0.0, 0.7442258340461934, 0.0], [0.0, 0.0, 0.0, 0.9376146788990826]], "gtPolPoints": [[556, 59, 556, 14, 704, 14, 704, 59], [558, 110, 558, 66, 703, 66, 703, 110], [425, 489, 425, 468, 718, 468, 718, 489], [497, 517, 497, 495, 719, 495, 719, 517]], "detPolPoints": [[552, 13, 706, 13, 706, 60, 552, 61], [557, 67, 702, 67, 702, 108, 557, 109], [427, 463, 717, 467, 717, 495, 427, 491], [496, 495, 716, 496, 716, 517, 496, 516]], "gtDontCare": [], "detDontCare": [], "evaluationParams": {"IOU_CONSTRAINT": 0.5, "AREA_PRECISION_CONSTRAINT": 0.5, "GT_SAMPLE_NAME_2_ID": "", "DET_SAMPLE_NAME_2_ID": "", "LTRB": false, "CRLF": false, "CONFIDENCES": false, "PER_SAMPLE_RESULTS": true}, "evaluationLog": "GT polygons: 4\nDET polygons: 4\nMatch GT #0 with Det #0\nMatch GT #1 with Det #1\nMatch GT #2 with Det #2\nMatch GT #3 with Det #3\n"}