{"precision": 0.25, "recall": 0.3333333333333333, "hmean": 0.28571428571428575, "pairs": [{"gt": 0, "det": 2}, {"gt": 5, "det": 0}], "AP": 0, "iouMat": [[0.0, 0.0, 0.7108851992553424, 0.0, 0.0, 0.0, 0.0, 0.0], [0.0, 0.33396559576990315, 0.0, 0.0, 0.0, 0.0, 0.0, 0.0], [0.0, 0.35302799716369404, 0.0, 0.0, 0.0, 0.0, 0.0, 0.0], [0.0, 0.0, 0.0, 0.48906381265505633, 0.23234940316461553, 0.15841063698206556, 0.1620439084724799, 0.009082447162724891], [0.0, 0.0, 0.0, 0.0, 0.0, 0.0, 0.0, 0.4561213434452871], [0.8345529646925502, 0.0, 0.0, 0.0, 0.0, 0.0, 0.0, 0.0]], "gtPolPoints": [[204, 363, 205, 346, 411, 318, 412, 333], [201, 384, 202, 372, 309, 357, 312, 371], [328, 367, 327, 353, 439, 338, 441, 352], [4, 612, 4, 661, 664, 661, 664, 612], [507, 585, 507, 611, 523, 611, 524, 586], [201, 335, 198, 310, 433, 278, 435, 307]], "detPolPoints": [[185, 309, 446, 276, 449, 305, 188, 338], [217, 367, 427, 341, 429, 358, 218, 383], [202, 342, 436, 316, 438, 333, 203, 359], [1, 613, 342, 614, 342, 662, 1, 662], [501, 614, 663, 615, 663, 662, 501, 661], [385, 614, 494, 614, 494, 661, 385, 661], [260, 614, 371, 614, 371, 661, 259, 661], [503, 585, 526, 584, 526, 625, 504, 626]], "gtDontCare": [], "detDontCare": [], "evaluationParams": {"IOU_CONSTRAINT": 0.5, "AREA_PRECISION_CONSTRAINT": 0.5, "GT_SAMPLE_NAME_2_ID": "", "DET_SAMPLE_NAME_2_ID": "", "LTRB": false, "CRLF": false, "CONFIDENCES": false, "PER_SAMPLE_RESULTS": true}, "evaluationLog": "GT polygons: 6\nDET polygons: 8\nMatch GT #0 with Det #2\nMatch GT #5 with Det #0\n"}