{"precision": 0.034482758620689655, "recall": 0.058823529411764705, "hmean": 0.043478260869565216, "pairs": [{"gt": 0, "det": 0}], "AP": 0, "iouMat": [[0.8765417315291582, 0.0, 0.0, 0.0, 0.0, 0.0, 0.0, 0.0, 0.0, 0.0, 0.0, 0.0, 0.0, 0.0, 0.0, 0.0, 0.0, 0.0, 0.0, 0.0, 0.0, 0.0, 0.0, 0.0, 0.0, 0.0, 0.0, 0.0, 0.0, 0.0, 0.0, 0.0035293281976585536], [0.0, 0.0, 0.0, 0.0, 0.0, 0.0, 0.0, 0.0, 0.0, 0.0, 0.0, 0.0, 0.0, 0.0, 0.0, 0.0, 0.0, 0.0, 0.0, 0.0, 0.0, 0.0, 0.0, 0.0, 0.0, 0.0, 0.0, 0.0, 0.0, 0.0, 0.0, 0.0], [0.0, 0.0, 0.0, 0.0, 0.0, 0.0, 0.0, 0.0, 0.3454569849479274, 0.0, 0.0, 0.0, 0.0, 0.0, 0.0, 0.0, 0.2819556319565641, 0.0, 0.0, 0.0, 0.0, 0.0, 0.0, 0.0, 0.0, 0.0, 0.0, 0.0, 0.0, 0.0, 0.0, 0.0], [0.0, 0.0, 0.0, 0.0, 0.0, 0.0, 0.0, 0.0, 0.0, 0.0, 0.0, 0.0, 0.0, 0.0, 0.0, 0.0, 0.0, 0.0, 0.0, 0.0, 0.41695328197678727, 0.0, 0.0, 0.0, 0.0, 0.0, 0.2866033082441693, 0.0, 0.0, 0.0, 0.0, 0.0], [0.0, 0.0, 0.0, 0.0, 0.0, 0.0, 0.0, 0.0, 0.0, 0.0, 0.0, 0.0, 0.0, 0.0, 0.0, 0.0, 0.0, 0.0, 0.0, 0.0, 0.0, 0.4105564366774035, 0.0, 0.0, 0.27718890254383144, 0.0, 0.0, 0.0, 0.0, 0.0, 0.0, 0.0], [0.0, 0.0, 0.0, 0.0, 0.0, 0.0, 0.0, 0.0, 0.0, 0.0, 0.0, 0.0, 0.0, 0.3860209966014415, 0.0, 0.0, 0.0, 0.0, 0.0, 0.2742058479276382, 0.0, 0.0, 0.0, 0.0, 0.0, 0.0, 0.0, 0.0, 0.0, 0.0, 0.0, 0.0], [0.0, 0.0, 0.0, 0.0, 0.0, 0.0, 0.0, 0.0, 0.0, 0.0, 0.0, 0.0, 0.0, 0.0, 0.0, 0.0, 0.0, 0.34890548780015535, 0.0, 0.0, 0.0, 0.0, 0.0, 0.0, 0.0, 0.0, 0.0, 0.26012457586344895, 0.0, 0.0, 0.0, 0.0], [0.0, 0.0, 0.0, 0.0, 0.0, 0.34273970323058334, 0.0, 0.0, 0.0, 0.0, 0.0, 0.0, 0.27901716423066814, 0.0, 0.0, 0.0, 0.0, 0.0, 0.0, 0.0, 0.0, 0.0, 0.0, 0.0, 0.0, 0.0, 0.0, 0.0, 0.0, 0.0, 0.0, 0.0], [0.0, 0.0, 0.0, 0.8554675903488899, 0.0, 0.0, 0.0, 0.0, 0.0, 0.0, 0.0, 0.0, 0.0, 0.0, 0.0, 0.0, 0.0, 0.0, 0.0, 0.0, 0.0, 0.0, 0.0, 0.0, 0.0, 0.0, 0.0, 0.0, 0.0, 0.0, 0.0, 0.0], [0.0, 0.0, 0.0, 0.0, 0.0, 0.0, 0.0, 0.0, 0.0, 0.0, 0.0, 0.0, 0.0, 0.0, 0.0, 0.0, 0.0, 0.0, 0.3545287626820042, 0.0, 0.0, 0.0, 0.0, 0.0, 0.0, 0.2657036289099789, 0.0, 0.0, 0.0, 0.0, 0.0, 0.0], [0.0, 0.3409525813383196, 0.0, 0.0, 0.0, 0.0, 0.0, 0.4883535042426855, 0.0, 0.0, 0.0, 0.0, 0.0, 0.0, 0.0, 0.0, 0.0, 0.0, 0.0, 0.0, 0.0, 0.0, 0.0, 0.0, 0.0, 0.0, 0.0, 0.0, 0.0, 0.26859788715432786, 0.0, 0.0], [0.0, 0.0, 0.0, 0.0, 0.3115226931378315, 0.0, 0.3587772504428693, 0.0, 0.0, 0.0, 0.0, 0.0, 0.0, 0.0, 0.0, 0.0, 0.0, 0.0, 0.0, 0.0, 0.0, 0.0, 0.0, 0.0, 0.0, 0.0, 0.0, 0.0, 0.0, 0.0, 0.0, 0.0], [0.0, 0.0, 0.0, 0.0, 0.0, 0.0, 0.0, 0.0, 0.0, 0.0, 0.0, 0.0, 0.0, 0.0, 0.0, 0.0, 0.0, 0.0, 0.0, 0.0, 0.0, 0.0, 0.0, 0.40440477117803214, 0.0, 0.0, 0.0, 0.0, 0.0, 0.0, 0.0, 0.0], [0.0, 0.0, 0.0, 0.0, 0.0, 0.0, 0.0, 0.0, 0.0, 0.0, 0.0, 0.0, 0.0, 0.0, 0.0, 0.0, 0.0, 0.0, 0.0, 0.0, 0.0, 0.0, 0.0, 0.0, 0.0, 0.0, 0.0, 0.0, 0.0, 0.0, 0.3915068577399929, 0.0], [0.0, 0.0, 0.0, 0.0, 0.0, 0.0, 0.0, 0.0, 0.0, 0.0, 0.0, 0.0, 0.0, 0.0, 0.0, 0.0, 0.0, 0.0, 0.0, 0.0, 0.0, 0.0, 0.4324730586638438, 0.0, 0.0, 0.0, 0.0, 0.0, 0.0, 0.0, 0.0, 0.0], [0.0, 0.0, 0.0, 0.0, 0.0, 0.0, 0.0, 0.0, 0.0, 0.0, 0.0, 0.0, 0.0, 0.0, 0.3969313223305856, 0.0, 0.0, 0.0, 0.0, 0.0, 0.0, 0.0, 0.0, 0.0, 0.0, 0.0, 0.0, 0.0, 0.0, 0.0, 0.0, 0.0], [0.0, 0.0, 0.0, 0.0, 3.634138207500129e-05, 0.0, 0.0, 0.0, 0.0, 0.0, 0.8268635582806736, 0.0, 0.0, 0.0, 0.0, 0.0, 0.0, 0.0, 0.0, 0.0, 0.0, 0.0, 0.0, 0.0, 0.0, 0.0, 0.0, 0.0, 0.0, 0.0, 0.0, 0.0], [0.0, 0.0, 0.0, 0.0, 0.0, 0.0, 0.0, 0.0, 0.0, 0.34150252599030834, 0.0, 0.28041368711194026, 0.0, 0.0, 0.0, 0.0, 0.0, 0.0, 0.0, 0.0, 0.0, 0.0, 0.0, 0.0, 0.0, 0.0, 0.0, 0.0, 0.0, 0.0, 0.0, 0.0], [0.0, 0.0, 0.0, 0.0, 0.0, 0.0, 0.0, 0.0, 0.0, 0.0, 0.0, 0.0, 0.0, 0.0, 0.0, 0.3363944387961024, 0.0, 0.0, 0.0, 0.0, 0.0, 0.0, 0.0, 0.0, 0.0, 0.0, 0.0, 0.0, 0.2753109678676391, 0.0, 0.0, 0.0], [0.13199764517355173, 0.0, 0.0, 0.0, 0.0, 0.0, 0.0, 0.0, 0.0, 0.0, 0.0, 0.0, 0.0, 0.0, 0.0, 0.0, 0.0, 0.0, 0.0, 0.0, 0.0, 0.0, 0.0, 0.0, 0.0, 0.0, 0.0, 0.0, 0.0, 0.0, 0.0, 0.3699696291719618]], "gtPolPoints": [[564, 756, 564, 799, 747, 799, 747, 756], [774, 759, 774, 794, 799, 794, 799, 759], [130, 20, 114, 0, 0, 110, 14, 137], [221, 107, 237, 137, 345, 24, 335, 0], [440, 106, 458, 136, 566, 22, 557, 1], [657, 108, 677, 136, 786, 24, 776, 0], [436, 345, 457, 371, 565, 265, 556, 232], [656, 341, 673, 374, 786, 259, 774, 232], [614, 417, 619, 428, 659, 413, 658, 397], [658, 576, 675, 609, 783, 497, 778, 465], [438, 576, 457, 609, 565, 502, 556, 467], [0, 579, 17, 605, 124, 498, 118, 463], [30, 796, 61, 798, 126, 738, 112, 698], [247, 797, 283, 796, 345, 734, 332, 701], [470, 797, 499, 797, 567, 731, 548, 702], [214, 574, 236, 608, 344, 498, 339, 468], [130, 480, 126, 491, 168, 508, 174, 493], [2, 346, 13, 372, 125, 261, 115, 232], [221, 341, 234, 371, 344, 263, 338, 233], [690, 797, 717, 799, 786, 732, 774, 703]], "detPolPoints": [[560, 755, 748, 754, 748, 796, 560, 796], [456, 512, 541, 498, 545, 546, 460, 560], [435, 388, 453, 384, 472, 474, 453, 478], [612, 417, 658, 397, 663, 410, 617, 429], [66, 504, 111, 470, 130, 496, 86, 530], [656, 351, 722, 299, 737, 319, 671, 371], [-1, 585, 69, 530, 84, 550, 13, 605], [432, 585, 542, 504, 559, 527, 449, 608], [0, 114, 63, 66, 79, 86, 14, 135], [0, 349, 62, 302, 77, 322, 14, 369], [131, 478, 177, 495, 172, 508, 126, 491], [71, 267, 111, 242, 127, 267, 87, 293], [728, 270, 774, 239, 790, 262, 744, 293], [656, 115, 728, 60, 744, 81, 672, 136], [219, 575, 279, 531, 297, 557, 238, 600], [218, 349, 281, 302, 296, 323, 233, 370], [70, 34, 112, 5, 128, 28, 86, 58], [438, 349, 499, 302, 515, 323, 454, 369], [656, 585, 721, 535, 737, 556, 672, 606], [730, 35, 775, 2, 791, 23, 746, 57], [215, 115, 282, 60, 301, 83, 233, 138], [437, 114, 505, 60, 522, 81, 454, 135], [509, 738, 553, 712, 568, 737, 524, 763], [70, 739, 112, 710, 128, 734, 85, 763], [510, 38, 554, 1, 571, 21, 527, 58], [730, 504, 774, 475, 790, 498, 745, 528], [290, 36, 333, 2, 350, 24, 307, 58], [510, 269, 553, 240, 568, 262, 526, 292], [291, 269, 332, 240, 349, 263, 307, 292], [505, 490, 557, 485, 558, 525, 507, 529], [291, 737, 332, 712, 347, 736, 306, 761], [730, 738, 768, 716, 783, 741, 744, 763]], "gtDontCare": [8, 16, 19], "detDontCare": [3, 10, 31], "evaluationParams": {"IOU_CONSTRAINT": 0.5, "AREA_PRECISION_CONSTRAINT": 0.5, "GT_SAMPLE_NAME_2_ID": "", "DET_SAMPLE_NAME_2_ID": "", "LTRB": false, "CRLF": false, "CONFIDENCES": false, "PER_SAMPLE_RESULTS": true}, "evaluationLog": "GT polygons: 20 (3 don't care)\nDET polygons: 32 (3 don't care)\nMatch GT #0 with Det #0\n"}