{"precision": 1.0, "recall": 1.0, "hmean": 1.0, "pairs": [{"gt": 0, "det": 0}, {"gt": 1, "det": 1}, {"gt": 2, "det": 2}], "AP": 0, "iouMat": [[0.893698281349459, 0.0, 0.0], [0.0, 0.8822721873712988, 0.0], [0.0, 0.0, 0.7207899067471202]], "gtPolPoints": [[193, 520, 193, 570, 550, 570, 550, 520], [190, 582, 190, 619, 577, 619, 577, 582], [190, 644, 190, 671, 595, 671, 595, 644]], "detPolPoints": [[187, 522, 544, 522, 544, 572, 187, 572], [206, 582, 565, 581, 565, 620, 207, 621], [210, 642, 575, 641, 575, 676, 210, 676]], "gtDontCare": [], "detDontCare": [], "evaluationParams": {"IOU_CONSTRAINT": 0.5, "AREA_PRECISION_CONSTRAINT": 0.5, "GT_SAMPLE_NAME_2_ID": "", "DET_SAMPLE_NAME_2_ID": "", "LTRB": false, "CRLF": false, "CONFIDENCES": false, "PER_SAMPLE_RESULTS": true}, "evaluationLog": "GT polygons: 3\nDET polygons: 3\nMatch GT #0 with Det #0\nMatch GT #1 with Det #1\nMatch GT #2 with Det #2\n"}