{"precision": 0.6666666666666666, "recall": 0.4, "hmean": 0.5, "pairs": [{"gt": 0, "det": 2}, {"gt": 1, "det": 1}, {"gt": 6, "det": 3}, {"gt": 7, "det": 4}], "AP": 0, "iouMat": [[0.0, 0.0, 0.861656294877932, 0.0, 0.0, 0.0], [0.0, 0.7611103273624751, 0.0, 0.0, 0.0, 0.0], [0.16271040138109624, 0.0, 0.0, 0.0, 0.0, 0.0], [0.17112645662494605, 0.0, 0.0, 0.0, 0.0, 0.0], [0.15796288303841174, 0.0, 0.0, 0.0, 0.0, 0.0], [0.18722806511701331, 0.0, 0.0, 0.0, 0.0, 0.0], [0.0, 0.0, 0.0, 0.9439538932855369, 0.0, 0.0], [0.0, 0.0, 0.0, 0.0, 0.8709870388833499, 0.0], [0.0, 0.0, 0.0, 0.0, 0.0, 0.37310323477750423], [0.0, 0.0, 0.0, 0.0, 0.0, 0.4373922500350363]], "gtPolPoints": [[239, 256, 239, 275, 389, 275, 389, 256], [227, 221, 229, 248, 391, 248, 391, 218], [42, 116, 42, 181, 100, 181, 100, 116], [126, 116, 126, 181, 187, 181, 187, 116], [212, 118, 212, 179, 272, 179, 272, 118], [295, 114, 295, 183, 358, 183, 358, 114], [148, 17, 148, 84, 384, 84, 384, 17], [0, 0, 0, 104, 23, 104, 23, 0], [91, 96, 97, 106, 135, 96, 134, 81], [84, 80, 89, 95, 134, 81, 130, 68]], "detPolPoints": [[35, 115, 366, 114, 366, 184, 35, 185], [259, 220, 391, 219, 391, 246, 260, 247], [236, 257, 389, 257, 389, 276, 236, 277], [149, 19, 386, 20, 386, 85, 149, 84], [1, 0, 22, 0, 22, 110, 1, 109], [86, 81, 130, 64, 141, 93, 97, 110]], "gtDontCare": [], "detDontCare": [], "evaluationParams": {"IOU_CONSTRAINT": 0.5, "AREA_PRECISION_CONSTRAINT": 0.5, "GT_SAMPLE_NAME_2_ID": "", "DET_SAMPLE_NAME_2_ID": "", "LTRB": false, "CRLF": false, "CONFIDENCES": false, "PER_SAMPLE_RESULTS": true}, "evaluationLog": "GT polygons: 10\nDET polygons: 6\nMatch GT #0 with Det #2\nMatch GT #1 with Det #1\nMatch GT #6 with Det #3\nMatch GT #7 with Det #4\n"}