{"precision": 1.0, "recall": 0.3333333333333333, "hmean": 0.5, "pairs": [{"gt": 4, "det": 0}, {"gt": 5, "det": 1}], "AP": 0, "iouMat": [[0.0, 0.0], [0.0, 0.0], [0.0, 0.0], [0.0, 0.0], [0.8744511874459373, 0.0], [0.0, 0.652730669828095], [0.0, 0.0]], "gtPolPoints": [[510, 763, 510, 812, 728, 812, 728, 763], [584, 599, 549, 745, 698, 742, 663, 596], [324, 561, 347, 524, 214, 439, 188, 469], [224, 426, 309, 487, 349, 360, 324, 341], [143, 148, 150, 222, 445, 168, 440, 104], [168, 699, 264, 844, 327, 824, 235, 697], [85, 561, 88, 594, 134, 578, 127, 541]], "detPolPoints": [[129, 149, 448, 100, 459, 171, 140, 219], [200, 730, 258, 699, 329, 829, 271, 861]], "gtDontCare": [6], "detDontCare": [], "evaluationParams": {"IOU_CONSTRAINT": 0.5, "AREA_PRECISION_CONSTRAINT": 0.5, "GT_SAMPLE_NAME_2_ID": "", "DET_SAMPLE_NAME_2_ID": "", "LTRB": false, "CRLF": false, "CONFIDENCES": false, "PER_SAMPLE_RESULTS": true}, "evaluationLog": "GT polygons: 7 (1 don't care)\nDET polygons: 2\nMatch GT #4 with Det #0\nMatch GT #5 with Det #1\n"}