{"precision": 0.75, "recall": 0.75, "hmean": 0.75, "pairs": [{"gt": 0, "det": 0}, {"gt": 1, "det": 1}, {"gt": 2, "det": 2}], "AP": 0, "iouMat": [[0.7692261616712216, 0.0, 0.0, 0.0, 0.0], [0.0, 0.5003610731217804, 0.0, 0.626838103011945, 0.0], [0.0, 0.0, 0.9090909090909091, 0.0, 0.0], [0.0, 0.0, 0.0, 0.0, 0.0], [0.0, 0.0, 0.0, 0.0, 0.8785407896309478]], "gtPolPoints": [[103, 782, 125, 845, 672, 647, 649, 585], [144, 872, 158, 913, 668, 726, 656, 676], [9, 104, 9, 142, 156, 142, 156, 104], [62, 34, 62, 72, 109, 72, 109, 34], [321, 19, 321, 36, 380, 36, 377, 22]], "detPolPoints": [[193, 743, 651, 587, 674, 649, 216, 805], [132, 872, 541, 742, 557, 789, 148, 919], [8, 106, 155, 106, 155, 141, 8, 141], [295, 805, 656, 674, 677, 727, 316, 858], [322, 21, 375, 21, 375, 36, 322, 36]], "gtDontCare": [4], "detDontCare": [4], "evaluationParams": {"IOU_CONSTRAINT": 0.5, "AREA_PRECISION_CONSTRAINT": 0.5, "GT_SAMPLE_NAME_2_ID": "", "DET_SAMPLE_NAME_2_ID": "", "LTRB": false, "CRLF": false, "CONFIDENCES": false, "PER_SAMPLE_RESULTS": true}, "evaluationLog": "GT polygons: 5 (1 don't care)\nDET polygons: 5 (1 don't care)\nMatch GT #0 with Det #0\nMatch GT #1 with Det #1\nMatch GT #2 with Det #2\n"}