{"precision": 0.75, "recall": 0.6, "hmean": 0.6666666666666665, "pairs": [{"gt": 3, "det": 2}, {"gt": 4, "det": 3}, {"gt": 5, "det": 0}], "AP": 0, "iouMat": [[0.0, 0.3268357239060745, 0.0, 0.0], [0.0, 0.04889236965764153, 0.0, 0.0], [0.0, 0.3790092331357019, 0.0, 0.0], [0.0, 0.0, 0.7712238330624025, 0.0], [0.0, 0.0, 0.0, 0.855457227138643], [0.886882984465903, 0.0, 0.0, 0.0]], "gtPolPoints": [[313, 26, 314, 51, 196, 60, 195, 32], [169, 38, 169, 57, 192, 57, 192, 38], [163, 34, 164, 62, 16, 74, 16, 43], [108, 72, 106, 88, 492, 88, 491, 72], [506, 71, 506, 89, 654, 89, 654, 71], [505, 561, 505, 616, 784, 616, 784, 561]], "detPolPoints": [[493, 563, 786, 563, 786, 618, 493, 618], [34, 38, 322, 28, 323, 59, 35, 69], [110, 73, 479, 71, 479, 91, 110, 92], [503, 73, 651, 73, 651, 89, 503, 89]], "gtDontCare": [1], "detDontCare": [], "evaluationParams": {"IOU_CONSTRAINT": 0.5, "AREA_PRECISION_CONSTRAINT": 0.5, "GT_SAMPLE_NAME_2_ID": "", "DET_SAMPLE_NAME_2_ID": "", "LTRB": false, "CRLF": false, "CONFIDENCES": false, "PER_SAMPLE_RESULTS": true}, "evaluationLog": "GT polygons: 6 (1 don't care)\nDET polygons: 4\nMatch GT #3 with Det #2\nMatch GT #4 with Det #3\nMatch GT #5 with Det #0\n"}