{"precision": 0.6666666666666666, "recall": 0.2857142857142857, "hmean": 0.4, "pairs": [{"gt": 2, "det": 1}, {"gt": 6, "det": 0}], "AP": 0, "iouMat": [[0.0, 0.0, 0.3641503507486127], [0.0, 0.0, 0.35710435268404084], [0.0, 0.6064343163538874, 0.0], [0.0, 0.0, 0.0], [0.0, 0.0, 0.0], [0.0, 0.0, 0.0], [0.9000157952930027, 0.0, 0.0], [0.0, 0.0, 0.0], [0.0, 0.0, 0.0], [0.0, 0.0, 0.0]], "gtPolPoints": [[674, 6, 674, 53, 711, 53, 711, 6], [731, 5, 731, 54, 766, 54, 766, 5], [535, 320, 543, 285, 428, 256, 415, 293], [414, 542, 414, 552, 479, 552, 479, 542], [407, 553, 407, 588, 559, 588, 559, 553], [487, 592, 487, 604, 555, 604, 555, 592], [327, 708, 327, 748, 16, 748, 16, 708], [690, 249, 696, 269, 652, 282, 646, 260], [706, 62, 706, 90, 639, 90, 639, 62], [735, 62, 735, 93, 790, 93, 790, 62]], "detPolPoints": [[19, 710, 333, 710, 333, 747, 19, 747], [423, 238, 549, 275, 534, 329, 407, 293], [673, 3, 768, 4, 768, 54, 672, 53]], "gtDontCare": [3, 4, 5], "detDontCare": [], "evaluationParams": {"IOU_CONSTRAINT": 0.5, "AREA_PRECISION_CONSTRAINT": 0.5, "GT_SAMPLE_NAME_2_ID": "", "DET_SAMPLE_NAME_2_ID": "", "LTRB": false, "CRLF": false, "CONFIDENCES": false, "PER_SAMPLE_RESULTS": true}, "evaluationLog": "GT polygons: 10 (3 don't care)\nDET polygons: 3\nMatch GT #2 with Det #1\nMatch GT #6 with Det #0\n"}