{"precision": 0.3333333333333333, "recall": 0.3333333333333333, "hmean": 0.3333333333333333, "pairs": [{"gt": 1, "det": 1}], "AP": 0, "iouMat": [[0.49580784047133436, 0.0, 0.02689844499252915], [0.0, 0.803328804347826, 0.0], [0.03224333501049072, 0.0, 0.3238880918220947], [0.35682146135219606, 0.0, 0.2516950325169503]], "gtPolPoints": [[164, 263, 164, 289, 344, 289, 344, 263], [189, 313, 189, 324, 414, 324, 414, 313], [179, 294, 179, 303, 329, 303, 330, 294], [311, 268, 311, 306, 439, 306, 439, 268]], "detPolPoints": [[161, 264, 431, 266, 431, 298, 160, 295], [186, 312, 404, 312, 404, 325, 186, 325], [172, 288, 418, 287, 418, 304, 172, 305]], "gtDontCare": [3], "detDontCare": [], "evaluationParams": {"IOU_CONSTRAINT": 0.5, "AREA_PRECISION_CONSTRAINT": 0.5, "GT_SAMPLE_NAME_2_ID": "", "DET_SAMPLE_NAME_2_ID": "", "LTRB": false, "CRLF": false, "CONFIDENCES": false, "PER_SAMPLE_RESULTS": true}, "evaluationLog": "GT polygons: 4 (1 don't care)\nDET polygons: 3\nMatch GT #1 with Det #1\n"}