{"precision": 0.42857142857142855, "recall": 0.6, "hmean": 0.5, "pairs": [{"gt": 0, "det": 1}, {"gt": 1, "det": 3}, {"gt": 6, "det": 0}], "AP": 0, "iouMat": [[0.0, 0.8983957219251337, 0.0, 0.0, 0.0, 0.0, 0.0], [0.0, 0.0, 0.0, 0.8759821281985132, 0.0, 0.0, 0.0], [0.0, 0.0, 0.0, 0.0, 0.0, 0.0, 0.0], [0.0, 0.0, 0.0, 0.0, 0.0, 0.0, 0.0], [0.0, 0.0, 0.0, 0.0, 0.0, 0.0, 0.0], [0.0, 0.0, 0.3381632438700035, 0.0, 0.28882865896771154, 0.03422696262131258, 0.02839977924419909], [0.7309420514409668, 0.0, 0.0, 0.0, 0.0, 0.04101387087117054, 0.20524827942091814]], "gtPolPoints": [[52, 54, 52, 77, 164, 77, 164, 54], [81, 77, 81, 100, 138, 100, 138, 77], [227, 111, 227, 124, 288, 124, 288, 111], [222, 95, 222, 104, 289, 104, 289, 95], [247, 50, 247, 66, 263, 66, 263, 50], [195, 379, 195, 436, 619, 436, 619, 379], [183, 445, 183, 473, 644, 473, 644, 445]], "detPolPoints": [[224, 448, 594, 446, 594, 472, 224, 473], [52, 54, 166, 55, 166, 76, 52, 75], [194, 379, 340, 380, 340, 436, 194, 436], [78, 77, 139, 78, 139, 99, 78, 99], [490, 374, 619, 374, 619, 441, 490, 441], [315, 430, 452, 429, 452, 449, 315, 450], [243, 469, 493, 418, 498, 441, 247, 491]], "gtDontCare": [2, 3], "detDontCare": [], "evaluationParams": {"IOU_CONSTRAINT": 0.5, "AREA_PRECISION_CONSTRAINT": 0.5, "GT_SAMPLE_NAME_2_ID": "", "DET_SAMPLE_NAME_2_ID": "", "LTRB": false, "CRLF": false, "CONFIDENCES": false, "PER_SAMPLE_RESULTS": true}, "evaluationLog": "GT polygons: 7 (2 don't care)\nDET polygons: 7\nMatch GT #0 with Det #1\nMatch GT #1 with Det #3\nMatch GT #6 with Det #0\n"}