{"precision": 0.2, "recall": 0.3333333333333333, "hmean": 0.25, "pairs": [{"gt": 0, "det": 1}], "AP": 0, "iouMat": [[0.0, 0.8795538272615636, 0.0, 0.0, 0.0], [0.0, 0.0, 0.0, 0.22319918836658775, 0.27566074562763077], [0.49736920153344244, 0.0, 0.4213094535900048, 0.0, 0.0], [0.0, 0.0, 0.0, 0.0, 0.0], [0.0, 0.0, 0.0, 0.0, 0.0], [0.0, 0.0, 0.0, 0.0, 0.0], [0.0, 0.0, 0.0, 0.0, 0.0]], "gtPolPoints": [[84, 577, 84, 622, 296, 622, 296, 577], [682, 578, 682, 619, 323, 619, 323, 578], [100, 648, 100, 729, 645, 729, 645, 648], [457, 31, 457, 52, 493, 52, 493, 31], [495, 37, 495, 53, 543, 53, 543, 37], [593, 36, 593, 51, 631, 51, 631, 36], [655, 52, 655, 65, 684, 65, 684, 52]], "detPolPoints": [[366, 646, 648, 647, 648, 732, 365, 731], [81, 576, 275, 577, 275, 622, 81, 622], [76, 648, 342, 647, 343, 730, 76, 731], [321, 580, 423, 580, 423, 613, 321, 613], [579, 578, 682, 577, 683, 623, 580, 624]], "gtDontCare": [3, 4, 5, 6], "detDontCare": [], "evaluationParams": {"IOU_CONSTRAINT": 0.5, "AREA_PRECISION_CONSTRAINT": 0.5, "GT_SAMPLE_NAME_2_ID": "", "DET_SAMPLE_NAME_2_ID": "", "LTRB": false, "CRLF": false, "CONFIDENCES": false, "PER_SAMPLE_RESULTS": true}, "evaluationLog": "GT polygons: 7 (4 don't care)\nDET polygons: 5\nMatch GT #0 with Det #1\n"}