{"precision": 0.6, "recall": 0.42857142857142855, "hmean": 0.5, "pairs": [{"gt": 2, "det": 4}, {"gt": 3, "det": 1}, {"gt": 5, "det": 0}], "AP": 0, "iouMat": [[0.0, 0.0, 0.0, 0.0, 0.0], [0.0, 0.0, 0.0, 0.0, 0.0], [0.0, 0.0, 0.0, 0.0, 0.855], [0.0, 0.8758348960619239, 0.0, 0.0, 0.0], [0.0, 0.0, 0.4181005783754339, 0.34312521922132583, 0.0], [0.7627494456762749, 0.0, 0.0, 0.0, 0.0], [0.0, 0.0, 0.0, 0.0, 0.0]], "gtPolPoints": [[202, 142, 202, 151, 266, 151, 266, 142], [227, 100, 227, 110, 242, 110, 242, 100], [68, 125, 68, 144, 122, 144, 122, 125], [41, 103, 41, 122, 150, 122, 150, 103], [662, 387, 662, 473, 140, 473, 140, 387], [630, 486, 630, 510, 171, 510, 171, 486], [206, 157, 206, 167, 265, 167, 265, 157]], "detPolPoints": [[218, 485, 605, 484, 605, 511, 218, 512], [37, 103, 148, 104, 148, 123, 37, 123], [136, 391, 397, 390, 397, 464, 136, 464], [480, 386, 664, 386, 664, 475, 480, 475], [64, 125, 124, 125, 124, 145, 64, 145]], "gtDontCare": [], "detDontCare": [], "evaluationParams": {"IOU_CONSTRAINT": 0.5, "AREA_PRECISION_CONSTRAINT": 0.5, "GT_SAMPLE_NAME_2_ID": "", "DET_SAMPLE_NAME_2_ID": "", "LTRB": false, "CRLF": false, "CONFIDENCES": false, "PER_SAMPLE_RESULTS": true}, "evaluationLog": "GT polygons: 7\nDET polygons: 5\nMatch GT #2 with Det #4\nMatch GT #3 with Det #1\nMatch GT #5 with Det #0\n"}