{"precision": 0.0, "recall": 0.0, "hmean": 0, "pairs": [], "AP": 0, "iouMat": [[0.4249496981891348, 0.0, 0.0, 0.0], [0.3464957424908768, 0.0, 0.0, 0.0], [0.0, 0.0, 0.0, 0.4098360655737705], [0.0, 0.0, 0.2975124378109453, 0.0], [0.0, 0.2086353800684334, 0.0, 0.0], [0.0, 0.17093168850260848, 0.0, 0.0], [0.0, 0.0, 0.0, 0.0]], "gtPolPoints": [[22, 308, 22, 330, 225, 330, 225, 308], [245, 308, 245, 331, 449, 331, 449, 308], [51, 289, 50, 295, 100, 292, 104, 283], [112, 282, 113, 288, 158, 277, 159, 270], [359, 217, 354, 222, 394, 244, 401, 238], [411, 242, 406, 246, 454, 264, 458, 259], [363, 87, 371, 96, 376, 94, 369, 86]], "detPolPoints": [[33, 307, 406, 306, 406, 332, 33, 333], [354, 207, 458, 260, 451, 273, 348, 220], [105, 272, 160, 268, 162, 286, 106, 290], [45, 281, 106, 280, 106, 295, 45, 296]], "gtDontCare": [6], "detDontCare": [], "evaluationParams": {"IOU_CONSTRAINT": 0.5, "AREA_PRECISION_CONSTRAINT": 0.5, "GT_SAMPLE_NAME_2_ID": "", "DET_SAMPLE_NAME_2_ID": "", "LTRB": false, "CRLF": false, "CONFIDENCES": false, "PER_SAMPLE_RESULTS": true}, "evaluationLog": "GT polygons: 7 (1 don't care)\nDET polygons: 4\n"}