{"precision": 1.0, "recall": 0.75, "hmean": 0.8571428571428571, "pairs": [{"gt": 1, "det": 2}, {"gt": 2, "det": 3}, {"gt": 4, "det": 0}], "AP": 0, "iouMat": [[0.0, 0.8398044081156035, 0.0, 0.0], [0.0, 0.0, 0.8856150104239054, 0.0], [0.0, 0.0, 0.0, 0.7454688731284476], [0.0, 0.0, 0.0, 0.0], [0.9365531723413829, 0.0, 0.0, 0.0], [0.0, 0.0, 0.0, 0.0]], "gtPolPoints": [[89, 254, 89, 274, 416, 274, 416, 254], [186, 219, 186, 247, 314, 247, 314, 219], [226, 110, 226, 121, 269, 121, 269, 110], [280, 64, 281, 210, 293, 208, 291, 66], [10, 11, 10, 70, 236, 70, 236, 11], [215, 416, 214, 423, 268, 431, 269, 422]], "detPolPoints": [[12, 12, 235, 12, 235, 68, 12, 68], [92, 252, 403, 254, 403, 273, 92, 272], [196, 220, 315, 220, 314, 247, 196, 247], [222, 108, 269, 108, 269, 121, 222, 122]], "gtDontCare": [0, 5], "detDontCare": [1], "evaluationParams": {"IOU_CONSTRAINT": 0.5, "AREA_PRECISION_CONSTRAINT": 0.5, "GT_SAMPLE_NAME_2_ID": "", "DET_SAMPLE_NAME_2_ID": "", "LTRB": false, "CRLF": false, "CONFIDENCES": false, "PER_SAMPLE_RESULTS": true}, "evaluationLog": "GT polygons: 6 (2 don't care)\nDET polygons: 4 (1 don't care)\nMatch GT #1 with Det #2\nMatch GT #2 with Det #3\nMatch GT #4 with Det #0\n"}