{"precision": 0.6, "recall": 0.5, "hmean": 0.5454545454545454, "pairs": [{"gt": 0, "det": 0}, {"gt": 1, "det": 5}, {"gt": 12, "det": 3}], "AP": 0, "iouMat": [[0.8489896787750527, 0.0, 0.0, 0.0, 0.0, 0.0], [0.0, 0.0, 0.0, 0.0, 0.0, 0.573126142595978], [0.0, 0.2045616535994298, 0.0, 0.0, 0.0, 0.0], [0.0, 0.22556390977443608, 0.0, 0.0, 0.0, 0.0], [0.0, 0.0, 0.0, 0.0, 0.0, 0.0], [0.0, 0.0, 0.0, 0.0, 0.0, 0.0], [0.0, 0.0, 0.0, 0.0, 0.0, 0.0], [0.0, 0.0, 0.0, 0.0, 0.0, 0.0], [0.0, 0.0, 0.0, 0.0, 0.0, 0.0], [0.0, 0.0, 0.0, 0.0, 0.0, 0.0], [0.0, 0.0, 0.6071794871794872, 0.0, 0.0, 0.0], [0.0, 0.0, 0.0, 0.0, 0.0, 0.0], [0.0, 0.0, 0.0, 0.9191489361702128, 0.0, 0.0], [0.0, 0.0684248039914469, 0.0, 0.0, 0.0, 0.0]], "gtPolPoints": [[150, 414, 150, 457, 456, 457, 456, 414], [29, 380, 29, 399, 62, 399, 62, 380], [73, 381, 73, 395, 114, 395, 114, 381], [159, 378, 159, 398, 198, 398, 198, 378], [215, 398, 215, 403, 259, 403, 259, 398], [203, 391, 203, 395, 268, 395, 268, 391], [210, 379, 210, 386, 264, 386, 264, 379], [233, 369, 233, 374, 245, 374, 245, 369], [206, 294, 206, 299, 266, 299, 266, 294], [219, 282, 219, 290, 255, 290, 255, 282], [197, 264, 197, 272, 271, 272, 271, 264], [219, 251, 219, 256, 254, 256, 254, 251], [193, 232, 193, 248, 275, 248, 275, 232], [128, 379, 128, 394, 140, 396, 140, 379]], "detPolPoints": [[124, 415, 457, 413, 457, 453, 124, 455], [70, 376, 192, 376, 192, 399, 70, 399], [195, 262, 273, 261, 273, 274, 195, 274], [192, 231, 274, 231, 274, 248, 192, 248], [208, 63, 261, 63, 261, 83, 208, 84], [24, 378, 66, 376, 67, 402, 25, 404]], "gtDontCare": [4, 5, 6, 7, 8, 9, 10, 11], "detDontCare": [2], "evaluationParams": {"IOU_CONSTRAINT": 0.5, "AREA_PRECISION_CONSTRAINT": 0.5, "GT_SAMPLE_NAME_2_ID": "", "DET_SAMPLE_NAME_2_ID": "", "LTRB": false, "CRLF": false, "CONFIDENCES": false, "PER_SAMPLE_RESULTS": true}, "evaluationLog": "GT polygons: 14 (8 don't care)\nDET polygons: 6 (1 don't care)\nMatch GT #0 with Det #0\nMatch GT #1 with Det #5\nMatch GT #12 with Det #3\n"}