{"precision": 0.5, "recall": 1.0, "hmean": 0.6666666666666666, "pairs": [{"gt": 0, "det": 1}, {"gt": 1, "det": 0}, {"gt": 2, "det": 5}], "AP": 0, "iouMat": [[0.0, 0.679046663399131, 0.0, 0.0, 0.0, 0.0, 0.0], [0.8997402232675701, 0.0, 0.0, 0.0, 0.0, 0.0, 0.0], [0.0, 0.0, 0.0, 0.0, 0.0, 0.8327137546468402, 0.0], [0.0, 0.0, 0.9296008869179601, 0.0, 0.0, 0.0, 0.0], [0.0, 0.0, 0.0, 0.0, 0.0, 0.0, 0.0], [0.0, 0.0, 0.0, 0.0, 0.0, 0.0, 0.0], [0.0, 0.0, 0.0, 0.0, 0.0, 0.0, 0.0], [0.0, 0.0, 0.0, 0.0, 0.0684096270236971, 0.0, 0.3302063789868668], [0.0, 0.0, 0.0, 0.0, 0.3577639751552795, 0.0, 0.21002710027100271], [0.0, 0.0, 0.0, 0.009137055837563452, 0.10285714285714286, 0.0, 0.0], [0.0, 0.0, 0.0, 0.20999438517686692, 0.1542926239419589, 0.0, 0.0], [0.0, 0.0, 0.0, 0.10612015721504772, 0.0, 0.0, 0.0], [0.0, 0.0, 0.0, 0.12970241437394722, 0.0, 0.0, 0.0], [0.0, 0.0, 0.0, 0.15376166941241076, 0.0, 0.0, 0.0], [0.0, 0.0, 0.0, 0.0, 0.0, 0.0, 0.0]], "gtPolPoints": [[44, 113, 44, 139, 295, 131, 295, 113], [47, 40, 47, 96, 292, 96, 292, 40], [308, 42, 308, 59, 323, 59, 323, 42], [657, 64, 657, 103, 786, 103, 786, 64], [622, 125, 622, 130, 785, 130, 785, 125], [512, 117, 512, 122, 784, 122, 784, 117], [528, 109, 528, 114, 785, 114, 785, 109], [472, 44, 472, 55, 504, 55, 504, 44], [512, 44, 512, 54, 584, 54, 584, 44], [591, 45, 591, 54, 614, 54, 614, 45], [621, 43, 621, 54, 655, 54, 655, 43], [661, 44, 661, 53, 682, 53, 682, 44], [691, 44, 691, 55, 712, 55, 712, 44], [721, 44, 721, 54, 753, 54, 753, 44], [761, 44, 761, 55, 782, 55, 782, 44]], "detPolPoints": [[46, 41, 280, 41, 280, 98, 46, 98], [46, 106, 295, 107, 294, 139, 46, 138], [655, 63, 787, 63, 787, 104, 655, 104], [612, 42, 749, 42, 749, 55, 612, 55], [489, 42, 650, 43, 650, 56, 489, 54], [308, 41, 322, 41, 322, 58, 308, 58], [469, 42, 543, 42, 543, 56, 470, 57]], "gtDontCare": [3, 4, 5, 6, 7, 8, 9, 10, 11, 12, 13, 14], "detDontCare": [2], "evaluationParams": {"IOU_CONSTRAINT": 0.5, "AREA_PRECISION_CONSTRAINT": 0.5, "GT_SAMPLE_NAME_2_ID": "", "DET_SAMPLE_NAME_2_ID": "", "LTRB": false, "CRLF": false, "CONFIDENCES": false, "PER_SAMPLE_RESULTS": true}, "evaluationLog": "GT polygons: 15 (12 don't care)\nDET polygons: 7 (1 don't care)\nMatch GT #0 with Det #1\nMatch GT #1 with Det #0\nMatch GT #2 with Det #5\n"}