{"precision": 0.125, "recall": 0.3333333333333333, "hmean": 0.18181818181818182, "pairs": [{"gt": 0, "det": 3}], "AP": 0, "iouMat": [[0.0, 0.0, 0.0, 0.7637653417407949, 0.0, 0.0, 0.0, 0.0], [0.3510971786833856, 0.0, 0.0, 0.0, 0.0, 0.0, 0.0, 0.0], [0.3583298712089738, 0.0, 0.0, 0.0, 0.0, 0.0, 0.0, 0.0]], "gtPolPoints": [[103, 80, 103, 97, 180, 97, 180, 80], [16, 56, 16, 72, 122, 72, 122, 56], [153, 57, 153, 72, 271, 72, 271, 57]], "detPolPoints": [[17, 54, 268, 54, 268, 73, 17, 73], [332, 304, 486, 302, 486, 317, 332, 319], [337, 333, 479, 331, 479, 344, 337, 346], [96, 78, 184, 78, 184, 97, 96, 96], [361, 383, 469, 389, 468, 405, 360, 399], [325, 413, 414, 415, 413, 429, 325, 426], [349, 277, 488, 279, 487, 293, 348, 291], [324, 362, 417, 360, 417, 373, 324, 374]], "gtDontCare": [], "detDontCare": [], "evaluationParams": {"IOU_CONSTRAINT": 0.5, "AREA_PRECISION_CONSTRAINT": 0.5, "GT_SAMPLE_NAME_2_ID": "", "DET_SAMPLE_NAME_2_ID": "", "LTRB": false, "CRLF": false, "CONFIDENCES": false, "PER_SAMPLE_RESULTS": true}, "evaluationLog": "GT polygons: 3\nDET polygons: 8\nMatch GT #0 with Det #3\n"}