{"precision": 0.8, "recall": 0.5, "hmean": 0.6153846153846154, "pairs": [{"gt": 0, "det": 1}, {"gt": 1, "det": 3}, {"gt": 2, "det": 2}, {"gt": 7, "det": 0}], "AP": 0, "iouMat": [[0.0, 0.9459560893225746, 0.0, 0.0, 0.0], [0.0, 0.0, 0.0, 0.9169910396727267, 0.0], [0.0, 0.0, 0.771301775147929, 0.0, 0.0], [0.0, 0.0, 0.0, 0.0, 0.12287289491099912], [0.0, 0.0, 0.0, 0.0, 0.2595790406349266], [0.0, 0.0, 0.0, 0.0, 0.2647335697402928], [0.0, 0.0, 0.0, 0.0, 0.0], [0.8665472717293972, 0.0, 0.0, 0.0, 0.0]], "gtPolPoints": [[1, 7, 1, 78, 143, 78, 143, 7], [364, 37, 364, 81, 408, 81, 408, 37], [350, 90, 349, 107, 431, 95, 433, 80], [347, 32, 353, 41, 378, 28, 372, 19], [375, 18, 374, 27, 392, 27, 392, 17], [395, 17, 394, 29, 413, 36, 418, 25], [432, 40, 420, 27, 414, 35, 426, 41], [499, 498, 499, 430, 0, 430, 0, 498]], "detPolPoints": [[22, 433, 480, 432, 480, 499, 22, 500], [-3, 6, 143, 6, 143, 79, -3, 79], [346, 89, 434, 78, 436, 97, 349, 108], [361, 38, 408, 36, 410, 80, 363, 82], [364, 16, 413, 18, 412, 31, 363, 29]], "gtDontCare": [], "detDontCare": [], "evaluationParams": {"IOU_CONSTRAINT": 0.5, "AREA_PRECISION_CONSTRAINT": 0.5, "GT_SAMPLE_NAME_2_ID": "", "DET_SAMPLE_NAME_2_ID": "", "LTRB": false, "CRLF": false, "CONFIDENCES": false, "PER_SAMPLE_RESULTS": true}, "evaluationLog": "GT polygons: 8\nDET polygons: 5\nMatch GT #0 with Det #1\nMatch GT #1 with Det #3\nMatch GT #2 with Det #2\nMatch GT #7 with Det #0\n"}