{"precision": 0.42857142857142855, "recall": 0.15789473684210525, "hmean": 0.23076923076923078, "pairs": [{"gt": 16, "det": 4}, {"gt": 17, "det": 5}, {"gt": 20, "det": 6}], "AP": 0, "iouMat": [[0.0, 0.0, 0.07756400622105933, 0.00047250090146075597, 0.0, 0.0, 0.0], [0.0, 0.0, 0.34061125020894706, 0.0, 0.0, 0.0, 0.0], [0.0, 0.0, 0.2943333848871742, 0.0, 0.0, 0.0, 0.0], [0.0, 0.0, 0.08075846103767965, 0.0, 0.0, 0.0, 0.0], [0.0, 0.0, 0.0, 0.3173386992177318, 0.0, 0.0, 0.0], [0.0, 0.0, 0.0, 0.37100265424242274, 0.0, 0.0, 0.0], [0.0, 0.0, 0.0, 0.1416194749280475, 0.0, 0.0, 0.0], [0.0, 0.42356626692115706, 0.0, 0.0, 0.0, 0.0, 0.0], [0.0, 0.4196764484574868, 0.0, 0.0, 0.0, 0.0, 0.0], [0.15392960016774068, 0.0, 0.0, 0.0, 0.0, 0.0, 0.0], [0.09022807838940539, 0.0, 0.0, 0.0, 0.0, 0.0, 0.0], [0.07778605217283394, 0.0, 0.0, 0.0, 0.0, 0.0, 0.0], [0.08205083625184399, 0.0, 0.0, 0.0, 0.0, 0.0, 0.0], [0.1496889840144472, 0.0, 0.0, 0.0, 0.0, 0.0, 0.0], [0.11265185841673182, 0.0, 0.0, 0.0, 0.0, 0.0, 0.0], [0.1442517900482667, 0.0, 0.0, 0.0, 0.0, 0.0, 0.0], [0.0, 0.0, 0.0, 0.0, 0.9651162790697675, 0.0, 0.0], [0.0, 0.0, 0.0, 0.0, 0.0, 0.9578339991122947, 0.0], [0.0, 0.0, 0.0, 0.0, 0.0, 0.0, 0.0], [0.0, 0.0, 0.0, 0.0, 0.0, 0.0, 0.0], [0.0, 0.0, 0.0, 0.0, 0.0, 0.0, 0.84466634715991]], "gtPolPoints": [[284, 167, 288, 215, 254, 231, 243, 179], [292, 160, 292, 211, 407, 204, 407, 152], [419, 153, 419, 202, 524, 202, 524, 153], [525, 156, 527, 203, 567, 214, 568, 167], [377, 215, 379, 271, 289, 281, 284, 223], [494, 208, 492, 265, 387, 274, 388, 216], [501, 211, 501, 269, 538, 274, 545, 217], [398, 277, 410, 422, 310, 424, 308, 289], [429, 277, 429, 418, 527, 418, 527, 274], [294, 640, 277, 708, 393, 728, 396, 658], [400, 660, 400, 731, 457, 731, 457, 660], [459, 659, 469, 726, 516, 721, 514, 652], [515, 652, 530, 718, 588, 711, 576, 646], [404, 734, 400, 784, 273, 771, 292, 712], [405, 732, 406, 788, 500, 785, 494, 726], [606, 713, 613, 774, 502, 784, 500, 725], [698, 13, 698, 55, 784, 55, 784, 13], [699, 58, 699, 97, 783, 97, 783, 58], [493, 389, 493, 389, 492, 389, 492, 389], [549, 684, 549, 684, 548, 684, 548, 684], [38, 2, 40, 15, 181, 12, 182, 0]], "detPolPoints": [[263, 656, 608, 653, 609, 783, 264, 786], [307, 280, 526, 280, 526, 423, 307, 423], [249, 157, 563, 143, 565, 197, 251, 211], [280, 216, 542, 209, 543, 271, 281, 277], [699, 13, 784, 14, 783, 55, 698, 54], [699, 57, 782, 58, 782, 98, 698, 97], [40, 0, 182, 0, 182, 12, 40, 13]], "gtDontCare": [18, 19], "detDontCare": [], "evaluationParams": {"IOU_CONSTRAINT": 0.5, "AREA_PRECISION_CONSTRAINT": 0.5, "GT_SAMPLE_NAME_2_ID": "", "DET_SAMPLE_NAME_2_ID": "", "LTRB": false, "CRLF": false, "CONFIDENCES": false, "PER_SAMPLE_RESULTS": true}, "evaluationLog": "GT polygons: 21 (2 don't care)\nDET polygons: 7\nMatch GT #16 with Det #4\nMatch GT #17 with Det #5\nMatch GT #20 with Det #6\n"}