{"precision": 0.75, "recall": 1.0, "hmean": 0.8571428571428571, "pairs": [{"gt": 0, "det": 1}, {"gt": 1, "det": 2}, {"gt": 2, "det": 0}], "AP": 0, "iouMat": [[0.0, 0.835933297471759, 0.0, 0.0], [0.0, 0.0, 0.6287425149700598, 0.39818456883509834], [0.9346346904629114, 0.0, 0.0, 0.0], [0.0, 0.0, 0.0, 0.0]], "gtPolPoints": [[202, 82, 202, 104, 371, 104, 371, 82], [203, 64, 203, 80, 303, 80, 303, 64], [163, 40, 163, 104, 30, 104, 30, 40], [799, 740, 799, 798, 695, 798, 691, 761]], "detPolPoints": [[26, 41, 164, 41, 164, 105, 26, 105], [202, 82, 370, 82, 370, 100, 202, 101], [228, 64, 308, 64, 308, 78, 228, 78], [201, 64, 250, 63, 250, 78, 201, 78]], "gtDontCare": [3], "detDontCare": [], "evaluationParams": {"IOU_CONSTRAINT": 0.5, "AREA_PRECISION_CONSTRAINT": 0.5, "GT_SAMPLE_NAME_2_ID": "", "DET_SAMPLE_NAME_2_ID": "", "LTRB": false, "CRLF": false, "CONFIDENCES": false, "PER_SAMPLE_RESULTS": true}, "evaluationLog": "GT polygons: 4 (1 don't care)\nDET polygons: 4\nMatch GT #0 with Det #1\nMatch GT #1 with Det #2\nMatch GT #2 with Det #0\n"}