{"precision": 1.0, "recall": 0.75, "hmean": 0.8571428571428571, "pairs": [{"gt": 0, "det": 2}, {"gt": 1, "det": 1}, {"gt": 2, "det": 0}], "AP": 0, "iouMat": [[0.0, 0.0, 0.6625766871165644], [0.0, 0.8089807555238774, 0.0], [0.7968087758663674, 0.0, 0.0], [0.0, 0.0, 0.0]], "gtPolPoints": [[387, 504, 387, 513, 531, 513, 531, 504], [341, 490, 341, 500, 575, 500, 575, 490], [360, 87, 360, 104, 548, 104, 548, 87], [555, 84, 555, 94, 565, 94, 565, 84]], "detPolPoints": [[357, 84, 548, 84, 548, 105, 357, 105], [348, 489, 576, 489, 576, 501, 348, 501], [375, 503, 538, 502, 538, 514, 375, 515]], "gtDontCare": [], "detDontCare": [], "evaluationParams": {"IOU_CONSTRAINT": 0.5, "AREA_PRECISION_CONSTRAINT": 0.5, "GT_SAMPLE_NAME_2_ID": "", "DET_SAMPLE_NAME_2_ID": "", "LTRB": false, "CRLF": false, "CONFIDENCES": false, "PER_SAMPLE_RESULTS": true}, "evaluationLog": "GT polygons: 4\nDET polygons: 3\nMatch GT #0 with Det #2\nMatch GT #1 with Det #1\nMatch GT #2 with Det #0\n"}