{"precision": 1.0, "recall": 0.5714285714285714, "hmean": 0.7272727272727273, "pairs": [{"gt": 0, "det": 3}, {"gt": 1, "det": 4}, {"gt": 2, "det": 0}, {"gt": 3, "det": 2}], "AP": 0, "iouMat": [[0.0, 0.0, 0.0, 0.9354218295188955, 0.0], [0.0, 0.0, 0.0, 0.0, 0.5544554455445545], [0.8756305679261911, 0.0, 0.0, 0.0, 0.0], [0.0, 0.0, 0.7763157894736842, 0.0, 0.0], [0.0, 0.4680828186043178, 0.0, 0.0, 0.0], [0.0, 0.0, 0.0, 0.0, 0.0], [0.0, 0.0, 0.0, 0.0, 0.0], [0.0, 0.0, 0.0, 0.0, 0.0], [0.0, 0.0, 0.0, 0.0, 0.0]], "gtPolPoints": [[187, 516, 187, 539, 255, 539, 255, 516], [266, 517, 266, 538, 357, 538, 357, 517], [215, 565, 215, 581, 337, 581, 337, 565], [216, 593, 216, 608, 282, 608, 282, 593], [217, 620, 217, 635, 400, 635, 400, 620], [93, 485, 93, 493, 99, 493, 99, 485], [102, 486, 102, 492, 110, 492, 110, 486], [487, 659, 480, 675, 497, 678, 498, 670], [187, 623, 187, 637, 204, 637, 204, 623]], "detPolPoints": [[214, 566, 341, 565, 341, 582, 214, 582], [222, 621, 312, 620, 313, 635, 223, 636], [223, 592, 283, 592, 283, 607, 223, 607], [186, 516, 253, 516, 253, 538, 186, 539], [259, 516, 322, 517, 322, 539, 259, 538]], "gtDontCare": [4, 7], "detDontCare": [1], "evaluationParams": {"IOU_CONSTRAINT": 0.5, "AREA_PRECISION_CONSTRAINT": 0.5, "GT_SAMPLE_NAME_2_ID": "", "DET_SAMPLE_NAME_2_ID": "", "LTRB": false, "CRLF": false, "CONFIDENCES": false, "PER_SAMPLE_RESULTS": true}, "evaluationLog": "GT polygons: 9 (2 don't care)\nDET polygons: 5 (1 don't care)\nMatch GT #0 with Det #3\nMatch GT #1 with Det #4\nMatch GT #2 with Det #0\nMatch GT #3 with Det #2\n"}