{"precision": 0.5, "recall": 0.75, "hmean": 0.6, "pairs": [{"gt": 0, "det": 5}, {"gt": 1, "det": 0}, {"gt": 4, "det": 1}], "AP": 0, "iouMat": [[0.0, 0.0, 0.0, 0.0, 0.0, 0.8399699474079639], [0.9433962264150944, 0.0, 0.0, 0.0, 0.0, 0.0], [0.0, 0.0, 0.3586063183038893, 0.42670357461628805, 0.0, 0.0], [0.0, 0.0, 0.0, 0.0, 0.0, 0.0], [0.0, 0.705294243887825, 0.0, 0.0, 0.0, 0.0]], "gtPolPoints": [[623, 762, 623, 789, 666, 789, 666, 762], [683, 765, 683, 790, 806, 790, 806, 765], [665, 935, 672, 948, 738, 885, 733, 879], [789, 917, 797, 926, 838, 896, 833, 885], [719, 562, 729, 643, 742, 645, 733, 562]], "detPolPoints": [[683, 763, 806, 764, 806, 790, 683, 790], [718, 561, 736, 560, 740, 641, 723, 642], [671, 914, 736, 875, 746, 890, 681, 929], [662, 927, 723, 896, 732, 912, 671, 942], [633, 369, 734, 353, 738, 376, 637, 392], [621, 763, 667, 763, 667, 791, 621, 791]], "gtDontCare": [3], "detDontCare": [], "evaluationParams": {"IOU_CONSTRAINT": 0.5, "AREA_PRECISION_CONSTRAINT": 0.5, "GT_SAMPLE_NAME_2_ID": "", "DET_SAMPLE_NAME_2_ID": "", "LTRB": false, "CRLF": false, "CONFIDENCES": false, "PER_SAMPLE_RESULTS": true}, "evaluationLog": "GT polygons: 5 (1 don't care)\nDET polygons: 6\nMatch GT #0 with Det #5\nMatch GT #1 with Det #0\nMatch GT #4 with Det #1\n"}