{"precision": 0.5, "recall": 0.3333333333333333, "hmean": 0.4, "pairs": [{"gt": 0, "det": 1}], "AP": 0, "iouMat": [[0.0, 0.7920454545454545], [0.2612659546756968, 0.0], [0.3887199336466685, 0.0]], "gtPolPoints": [[402, 536, 402, 553, 484, 553, 484, 536], [512, 536, 512, 553, 593, 553, 593, 536], [625, 536, 625, 555, 707, 555, 707, 536]], "detPolPoints": [[534, 534, 699, 534, 699, 555, 534, 555], [397, 535, 485, 535, 485, 555, 397, 555]], "gtDontCare": [], "detDontCare": [], "evaluationParams": {"IOU_CONSTRAINT": 0.5, "AREA_PRECISION_CONSTRAINT": 0.5, "GT_SAMPLE_NAME_2_ID": "", "DET_SAMPLE_NAME_2_ID": "", "LTRB": false, "CRLF": false, "CONFIDENCES": false, "PER_SAMPLE_RESULTS": true}, "evaluationLog": "GT polygons: 3\nDET polygons: 2\nMatch GT #0 with Det #1\n"}