{"precision": 0.5, "recall": 0.4444444444444444, "hmean": 0.47058823529411764, "pairs": [{"gt": 0, "det": 1}, {"gt": 1, "det": 0}, {"gt": 2, "det": 3}, {"gt": 3, "det": 2}], "AP": 0, "iouMat": [[0.0, 0.8495523264347571, 0.0, 0.0, 0.0, 0.0, 0.0, 0.0], [0.7076780758556892, 0.0, 0.0, 0.0, 0.0, 0.0, 0.0, 0.0], [0.0, 0.0, 0.12384679899357005, 0.627551350147409, 0.0, 0.0, 0.2327957941621314, 0.0], [0.0, 0.0, 0.6489281249159952, 0.09784891877479986, 0.0, 0.0, 0.19151997473996307, 0.0], [0.0, 0.0, 0.0, 0.0, 0.0, 0.35907093534212176, 0.0, 0.31718368769606137], [0.0, 0.0, 0.0, 0.0, 0.2261904761904762, 0.0, 0.0, 0.0], [0.0, 0.0, 0.0, 0.0, 0.25, 0.0, 0.0, 0.0], [0.0, 0.0, 0.0, 0.0, 0.0, 0.0, 0.0, 0.0], [0.0, 0.0, 0.0, 0.0, 0.0, 0.0, 0.0, 0.0], [0.0, 0.0, 0.0, 0.0, 0.005296100144439087, 0.0, 0.0, 0.0]], "gtPolPoints": [[282, 105, 286, 128, 42, 172, 38, 149], [221, 215, 221, 249, 41, 249, 41, 215], [303, 262, 303, 296, 101, 296, 101, 262], [269, 248, 284, 262, 70, 429, 52, 401], [295, 353, 295, 366, 208, 366, 208, 353], [152, 444, 152, 452, 171, 452, 171, 444], [199, 446, 199, 453, 175, 453, 175, 446], [204, 455, 204, 460, 153, 460, 153, 455], [177, 466, 177, 471, 127, 471, 127, 466], [145, 445, 149, 452, 131, 459, 130, 451]], "detPolPoints": [[37, 204, 221, 205, 221, 252, 37, 251], [30, 149, 283, 102, 288, 128, 35, 175], [61, 386, 267, 252, 281, 273, 75, 407], [93, 255, 272, 249, 273, 293, 94, 300], [147, 442, 203, 442, 203, 454, 147, 454], [251, 347, 298, 347, 298, 369, 251, 369], [87, 326, 274, 245, 287, 274, 100, 355], [206, 347, 243, 348, 243, 368, 206, 368]], "gtDontCare": [7], "detDontCare": [], "evaluationParams": {"IOU_CONSTRAINT": 0.5, "AREA_PRECISION_CONSTRAINT": 0.5, "GT_SAMPLE_NAME_2_ID": "", "DET_SAMPLE_NAME_2_ID": "", "LTRB": false, "CRLF": false, "CONFIDENCES": false, "PER_SAMPLE_RESULTS": true}, "evaluationLog": "GT polygons: 10 (1 don't care)\nDET polygons: 8\nMatch GT #0 with Det #1\nMatch GT #1 with Det #0\nMatch GT #2 with Det #3\nMatch GT #3 with Det #2\n"}