{"precision": 1.0, "recall": 1.0, "hmean": 1.0, "pairs": [{"gt": 0, "det": 0}, {"gt": 1, "det": 2}, {"gt": 2, "det": 1}], "AP": 0, "iouMat": [[0.8913118131868132, 0.0, 0.0], [0.0, 0.0, 0.8617021276595744], [0.0, 0.9409701928696669, 0.0], [0.0, 0.0, 0.0], [0.0, 0.0, 0.0]], "gtPolPoints": [[121, 149, 121, 178, 300, 178, 300, 149], [194, 186, 194, 213, 236, 213, 236, 186], [179, 428, 179, 456, 294, 456, 294, 428], [241, 181, 241, 188, 246, 188, 246, 181], [254, 448, 254, 448, 254, 448, 254, 448]], "detPolPoints": [[118, 147, 300, 146, 300, 178, 118, 179], [178, 427, 296, 427, 296, 456, 178, 456], [192, 186, 239, 185, 239, 213, 192, 214]], "gtDontCare": [3, 4], "detDontCare": [], "evaluationParams": {"IOU_CONSTRAINT": 0.5, "AREA_PRECISION_CONSTRAINT": 0.5, "GT_SAMPLE_NAME_2_ID": "", "DET_SAMPLE_NAME_2_ID": "", "LTRB": false, "CRLF": false, "CONFIDENCES": false, "PER_SAMPLE_RESULTS": true}, "evaluationLog": "GT polygons: 5 (2 don't care)\nDET polygons: 3\nMatch GT #0 with Det #0\nMatch GT #1 with Det #2\nMatch GT #2 with Det #1\n"}