{"precision": 0.5, "recall": 0.4, "hmean": 0.4444444444444445, "pairs": [{"gt": 2, "det": 0}, {"gt": 3, "det": 1}], "AP": 0, "iouMat": [[0.0, 0.0, 0.0, 0.0], [0.0, 0.0, 0.0, 0.0], [0.9296888430462438, 0.0, 0.0, 0.0], [0.0, 0.9679835368505041, 0.0, 0.0], [0.0, 0.0, 0.0, 0.3837037037037037]], "gtPolPoints": [[172, 390, 172, 398, 223, 398, 223, 390], [335, 389, 335, 399, 397, 399, 397, 389], [192, 28, 192, 381, 240, 381, 240, 28], [14, 18, 14, 58, 145, 58, 145, 18], [73, 120, 73, 127, 110, 127, 110, 120]], "detPolPoints": [[192, 35, 241, 35, 241, 373, 191, 373], [13, 19, 145, 18, 146, 57, 14, 58], [91, 242, 139, 240, 145, 339, 96, 341], [66, 115, 111, 114, 111, 129, 66, 130]], "gtDontCare": [], "detDontCare": [], "evaluationParams": {"IOU_CONSTRAINT": 0.5, "AREA_PRECISION_CONSTRAINT": 0.5, "GT_SAMPLE_NAME_2_ID": "", "DET_SAMPLE_NAME_2_ID": "", "LTRB": false, "CRLF": false, "CONFIDENCES": false, "PER_SAMPLE_RESULTS": true}, "evaluationLog": "GT polygons: 5\nDET polygons: 4\nMatch GT #2 with Det #0\nMatch GT #3 with Det #1\n"}