{"precision": 0.4, "recall": 0.2222222222222222, "hmean": 0.2857142857142857, "pairs": [{"gt": 11, "det": 4}, {"gt": 12, "det": 3}], "AP": 0, "iouMat": [[0.18638088264660854, 0.0, 0.0, 0.0, 0.0], [0.2143380150435998, 0.0, 0.0, 0.0, 0.0], [0.14604260627508425, 0.0, 0.0, 0.0, 0.0], [0.14377953804166943, 0.0, 0.0, 0.0, 0.0], [0.0, 0.0, 0.0, 0.0, 0.0], [0.0, 0.0, 0.11185006045949214, 0.0, 0.0], [0.0, 0.0, 0.2141119221411192, 0.0, 0.0], [0.0, 0.0, 0.15693430656934307, 0.0, 0.0], [0.0, 0.41401875954337236, 0.0, 0.0, 0.0], [0.0, 0.013120407857249963, 0.0, 0.0, 0.0], [0.0, 0.346378767431399, 0.0, 0.0, 0.0], [0.0, 0.0, 0.0, 0.0, 0.8824712643678161], [0.0, 0.0, 0.0, 0.9132381155403965, 0.0]], "gtPolPoints": [[570, 50, 570, 90, 605, 90, 605, 50], [618, 52, 618, 87, 664, 87, 664, 52], [678, 50, 678, 91, 705, 91, 705, 50], [720, 50, 720, 90, 747, 90, 747, 50], [754, 48, 754, 55, 761, 55, 761, 48], [731, 102, 731, 107, 692, 107, 692, 102], [690, 100, 690, 108, 646, 108, 646, 100], [637, 101, 637, 107, 594, 107, 594, 101], [69, 745, 69, 786, 218, 786, 218, 745], [234, 756, 234, 781, 241, 781, 241, 756], [262, 748, 262, 781, 402, 781, 402, 748], [462, 784, 462, 747, 545, 747, 545, 784], [565, 747, 565, 784, 684, 784, 684, 747]], "detPolPoints": [[569, 49, 750, 49, 750, 91, 569, 90], [72, 746, 414, 746, 414, 785, 72, 785], [592, 96, 729, 98, 729, 110, 592, 108], [558, 747, 685, 748, 685, 784, 558, 783], [460, 746, 547, 746, 547, 786, 460, 786]], "gtDontCare": [4, 5, 6, 7], "detDontCare": [], "evaluationParams": {"IOU_CONSTRAINT": 0.5, "AREA_PRECISION_CONSTRAINT": 0.5, "GT_SAMPLE_NAME_2_ID": "", "DET_SAMPLE_NAME_2_ID": "", "LTRB": false, "CRLF": false, "CONFIDENCES": false, "PER_SAMPLE_RESULTS": true}, "evaluationLog": "GT polygons: 13 (4 don't care)\nDET polygons: 5\nMatch GT #11 with Det #4\nMatch GT #12 with Det #3\n"}