{"precision": 1.0, "recall": 0.5, "hmean": 0.6666666666666666, "pairs": [{"gt": 0, "det": 2}, {"gt": 1, "det": 3}], "AP": 0, "iouMat": [[0.0, 0.0, 0.8469809760132341, 0.0, 0.0], [0.0, 0.0, 0.0, 0.6478723404255319, 0.0], [0.0, 0.0, 0.0, 0.0, 0.9069290991002681], [0.0, 0.942216758085871, 0.0, 0.0, 0.0], [0.09711406321575813, 0.0, 0.0, 0.0, 0.0], [0.7089801584880624, 0.0, 0.0, 0.0, 0.0], [0.08595640962746703, 0.0, 0.0, 0.0, 0.0]], "gtPolPoints": [[41, 683, 41, 717, 123, 717, 123, 683], [42, 731, 40, 762, 123, 762, 123, 727], [164, 691, 164, 731, 299, 731, 299, 691], [321, 691, 321, 732, 566, 732, 566, 691], [170, 761, 170, 779, 287, 779, 287, 761], [296, 759, 296, 780, 606, 780, 606, 759], [611, 759, 611, 779, 757, 779, 757, 759]], "detPolPoints": [[234, 760, 657, 759, 657, 779, 234, 781], [323, 690, 567, 690, 567, 733, 323, 733], [40, 685, 121, 685, 121, 719, 40, 720], [61, 731, 119, 730, 119, 764, 61, 764], [167, 692, 301, 691, 301, 733, 167, 733]], "gtDontCare": [2, 3, 5], "detDontCare": [0, 1, 4], "evaluationParams": {"IOU_CONSTRAINT": 0.5, "AREA_PRECISION_CONSTRAINT": 0.5, "GT_SAMPLE_NAME_2_ID": "", "DET_SAMPLE_NAME_2_ID": "", "LTRB": false, "CRLF": false, "CONFIDENCES": false, "PER_SAMPLE_RESULTS": true}, "evaluationLog": "GT polygons: 7 (3 don't care)\nDET polygons: 5 (3 don't care)\nMatch GT #0 with Det #2\nMatch GT #1 with Det #3\n"}