{"precision": 1.0, "recall": 0.3333333333333333, "hmean": 0.5, "pairs": [{"gt": 8, "det": 2}, {"gt": 9, "det": 1}, {"gt": 10, "det": 3}, {"gt": 11, "det": 0}], "AP": 0, "iouMat": [[0.0, 0.0, 0.0, 0.0], [0.0, 0.0, 0.0, 0.0], [0.0, 0.0, 0.0, 0.0], [0.0, 0.0, 0.0, 0.0], [0.0, 0.0, 0.0, 0.0], [0.0, 0.0, 0.0, 0.0], [0.0, 0.0, 0.0, 0.0], [0.0, 0.0, 0.0, 0.0], [0.0, 0.0, 0.937037037037037, 0.0], [0.0, 0.8840037418147801, 0.0, 0.0], [0.0, 0.0, 0.0, 0.6929473360024638], [0.6435963944262905, 0.0, 0.0, 0.0]], "gtPolPoints": [[9, 9, 9, 18, 35, 18, 35, 9], [11, 27, 11, 35, 37, 35, 37, 27], [11, 47, 11, 55, 28, 55, 28, 47], [10, 67, 10, 76, 36, 76, 36, 67], [10, 87, 10, 95, 35, 95, 35, 87], [9, 106, 9, 114, 35, 114, 35, 106], [9, 125, 9, 133, 35, 133, 35, 125], [9, 144, 9, 153, 35, 153, 35, 144], [24, 228, 24, 250, 70, 250, 70, 228], [25, 253, 25, 274, 70, 274, 70, 253], [256, 88, 256, 238, 271, 238, 271, 88], [281, 63, 281, 267, 299, 286, 299, 63]], "detPolPoints": [[272, 52, 292, 51, 301, 284, 282, 285], [24, 252, 71, 252, 71, 275, 23, 274], [22, 227, 70, 228, 70, 250, 22, 250], [254, 65, 271, 65, 272, 256, 255, 256]], "gtDontCare": [], "detDontCare": [], "evaluationParams": {"IOU_CONSTRAINT": 0.5, "AREA_PRECISION_CONSTRAINT": 0.5, "GT_SAMPLE_NAME_2_ID": "", "DET_SAMPLE_NAME_2_ID": "", "LTRB": false, "CRLF": false, "CONFIDENCES": false, "PER_SAMPLE_RESULTS": true}, "evaluationLog": "GT polygons: 12\nDET polygons: 4\nMatch GT #8 with Det #2\nMatch GT #9 with Det #1\nMatch GT #10 with Det #3\nMatch GT #11 with Det #0\n"}