{"precision": 0.3333333333333333, "recall": 0.3333333333333333, "hmean": 0.3333333333333333, "pairs": [{"gt": 0, "det": 1}], "AP": 0, "iouMat": [[0.0, 0.799628079962808, 0.0], [0.43169498519637356, 0.0, 0.0], [0.0, 0.011756379020663985, 0.0]], "gtPolPoints": [[88, 107, 88, 127, 174, 127, 174, 107], [261, 88, 265, 73, 4, 74, 1, 88], [176, 102, 176, 116, 189, 116, 189, 102]], "detPolPoints": [[0, 58, 259, 59, 259, 92, 0, 91], [85, 105, 178, 104, 179, 127, 85, 128], [330, 203, 421, 178, 433, 222, 342, 247]], "gtDontCare": [], "detDontCare": [], "evaluationParams": {"IOU_CONSTRAINT": 0.5, "AREA_PRECISION_CONSTRAINT": 0.5, "GT_SAMPLE_NAME_2_ID": "", "DET_SAMPLE_NAME_2_ID": "", "LTRB": false, "CRLF": false, "CONFIDENCES": false, "PER_SAMPLE_RESULTS": true}, "evaluationLog": "GT polygons: 3\nDET polygons: 3\nMatch GT #0 with Det #1\n"}