{"precision": 1.0, "recall": 1.0, "hmean": 1.0, "pairs": [{"gt": 0, "det": 0}, {"gt": 1, "det": 2}, {"gt": 2, "det": 1}], "AP": 0, "iouMat": [[0.9524175472302273, 0.0, 0.0], [0.0, 0.0, 0.6343612334801763], [0.0, 0.7482993197278912, 0.0]], "gtPolPoints": [[9, 8, 9, 52, 178, 52, 178, 8], [72, 376, 72, 385, 122, 385, 122, 376], [273, 374, 273, 384, 329, 384, 329, 374]], "detPolPoints": [[5, 8, 179, 8, 178, 53, 5, 53], [270, 373, 328, 373, 328, 385, 270, 386], [69, 374, 120, 374, 120, 387, 69, 387]], "gtDontCare": [], "detDontCare": [], "evaluationParams": {"IOU_CONSTRAINT": 0.5, "AREA_PRECISION_CONSTRAINT": 0.5, "GT_SAMPLE_NAME_2_ID": "", "DET_SAMPLE_NAME_2_ID": "", "LTRB": false, "CRLF": false, "CONFIDENCES": false, "PER_SAMPLE_RESULTS": true}, "evaluationLog": "GT polygons: 3\nDET polygons: 3\nMatch GT #0 with Det #0\nMatch GT #1 with Det #2\nMatch GT #2 with Det #1\n"}