{"precision": 0.6666666666666666, "recall": 0.3333333333333333, "hmean": 0.4444444444444444, "pairs": [{"gt": 2, "det": 7}, {"gt": 10, "det": 0}, {"gt": 11, "det": 2}, {"gt": 12, "det": 1}], "AP": 0, "iouMat": [[0.0, 0.0, 0.0, 0.0, 0.687960687960688, 0.0, 0.0, 0.0], [0.0, 0.0, 0.0, 0.0, 0.0, 0.0, 0.6259087904824849, 0.0], [0.0, 0.0, 0.0, 0.0, 0.0, 0.0, 0.0, 0.8895867487065936], [0.0, 0.0, 0.0, 0.1150284447096178, 0.0, 0.0, 0.0, 0.0], [0.0, 0.0, 0.0, 0.10669105319311081, 0.0, 0.0, 0.0, 0.0], [0.0, 0.0, 0.0, 0.10885769733057324, 0.0, 0.0, 0.0, 0.0], [0.0, 0.0, 0.0, 0.11735072872868245, 0.0, 0.0, 0.0, 0.0], [0.0, 0.0, 0.0, 0.08986434519389913, 0.0, 0.0, 0.0, 0.0], [0.0, 0.0, 0.0, 0.0, 0.0, 0.32067797216237715, 0.0, 0.0], [0.0, 0.0, 0.0, 0.0, 0.0, 0.3596769883917703, 0.0, 0.0], [0.9210526315789473, 0.0, 0.0, 0.0, 0.0, 0.0, 0.0, 0.0], [0.0, 0.0, 0.9370550357878085, 0.0, 0.0, 0.0, 0.0, 0.0], [0.0, 0.9620253164556962, 0.0, 0.0, 0.0, 0.0, 0.0, 0.0], [0.0, 0.0, 0.0, 0.0, 0.0, 0.0, 0.0, 0.0], [0.0, 0.0, 0.0, 0.0, 0.0, 0.0, 0.0, 0.0]], "gtPolPoints": [[0, 70, 0, 78, 302, 78, 302, 70], [110, 88, 110, 97, 286, 97, 286, 88], [307, 54, 307, 94, 331, 94, 331, 54], [351, 62, 351, 101, 374, 101, 374, 62], [394, 73, 394, 108, 414, 108, 414, 73], [426, 77, 426, 113, 446, 113, 446, 77], [464, 81, 464, 116, 486, 116, 486, 81], [506, 84, 506, 118, 530, 118, 530, 84], [614, 78, 614, 113, 638, 113, 638, 78], [655, 73, 655, 109, 680, 109, 680, 73], [12, 133, 12, 222, 188, 222, 188, 133], [195, 150, 195, 182, 352, 182, 352, 150], [198, 190, 198, 222, 350, 222, 350, 190], [449, 428, 449, 441, 520, 441, 520, 428], [444, 448, 441, 457, 524, 453, 524, 441]], "detPolPoints": [[13, 129, 191, 130, 191, 224, 13, 224], [193, 190, 351, 190, 351, 222, 193, 222], [194, 149, 350, 149, 350, 182, 194, 181], [354, 65, 526, 86, 522, 123, 349, 103], [15, 70, 295, 68, 295, 79, 15, 81], [612, 75, 680, 73, 681, 109, 614, 112], [100, 88, 273, 84, 274, 94, 100, 98], [307, 55, 331, 56, 330, 93, 306, 92]], "gtDontCare": [0, 1, 14], "detDontCare": [4, 6], "evaluationParams": {"IOU_CONSTRAINT": 0.5, "AREA_PRECISION_CONSTRAINT": 0.5, "GT_SAMPLE_NAME_2_ID": "", "DET_SAMPLE_NAME_2_ID": "", "LTRB": false, "CRLF": false, "CONFIDENCES": false, "PER_SAMPLE_RESULTS": true}, "evaluationLog": "GT polygons: 15 (3 don't care)\nDET polygons: 8 (2 don't care)\nMatch GT #2 with Det #7\nMatch GT #10 with Det #0\nMatch GT #11 with Det #2\nMatch GT #12 with Det #1\n"}