{"precision": 0.6, "recall": 0.5, "hmean": 0.5454545454545454, "pairs": [{"gt": 0, "det": 2}, {"gt": 2, "det": 1}, {"gt": 6, "det": 0}], "AP": 0, "iouMat": [[0.0, 0.0, 0.7773295747212459, 0.0, 0.28079376727597816], [0.0, 0.034993213835749507, 0.0, 0.4750260962115802, 0.0], [0.0, 0.667012273774599, 0.0, 0.22447282050224554, 0.0], [0.0, 0.0, 0.0, 0.0, 0.0], [0.0, 0.0, 0.0, 0.0, 0.0], [0.0, 0.0, 0.0, 0.0, 0.0], [0.7543520309477756, 0.0, 0.0, 0.0, 0.0]], "gtPolPoints": [[378, 50, 372, 63, 575, 125, 586, 106], [357, 86, 434, 111, 445, 98, 364, 72], [451, 96, 443, 116, 563, 148, 574, 129], [407, 155, 405, 163, 461, 181, 464, 171], [130, 541, 130, 564, 199, 564, 199, 541], [17, 506, 17, 594, 590, 594, 590, 506], [213, 290, 213, 307, 395, 307, 395, 290]], "detPolPoints": [[210, 288, 396, 287, 396, 305, 210, 305], [434, 84, 568, 129, 562, 149, 427, 104], [375, 48, 574, 104, 570, 118, 371, 63], [365, 70, 505, 116, 500, 131, 360, 86], [408, 37, 583, 110, 577, 125, 402, 51]], "gtDontCare": [3], "detDontCare": [], "evaluationParams": {"IOU_CONSTRAINT": 0.5, "AREA_PRECISION_CONSTRAINT": 0.5, "GT_SAMPLE_NAME_2_ID": "", "DET_SAMPLE_NAME_2_ID": "", "LTRB": false, "CRLF": false, "CONFIDENCES": false, "PER_SAMPLE_RESULTS": true}, "evaluationLog": "GT polygons: 7 (1 don't care)\nDET polygons: 5\nMatch GT #0 with Det #2\nMatch GT #2 with Det #1\nMatch GT #6 with Det #0\n"}