{"precision": 0.4, "recall": 0.4, "hmean": 0.4000000000000001, "pairs": [{"gt": 5, "det": 1}, {"gt": 6, "det": 3}], "AP": 0, "iouMat": [[0.0, 0.0, 0.0, 0.0, 0.0], [0.0, 0.0, 0.0, 0.0, 0.0], [0.0, 0.0, 0.0, 0.0, 0.0], [0.2540614111230135, 0.0, 0.0, 0.0, 0.0], [0.4854345083696594, 0.0, 0.0, 0.0, 0.0], [0.0, 0.9431325926322721, 0.0, 0.0, 0.0], [0.0, 0.0, 0.0, 0.8714291906346238, 0.0], [0.0, 0.0, 0.4741165691270356, 0.0, 0.32968163262425654], [0.0, 0.0, 0.0, 0.0, 0.0], [0.0, 0.0, 0.0, 0.0, 0.0]], "gtPolPoints": [[134, 25, 135, 29, 121, 32, 122, 28], [139, 24, 139, 28, 185, 28, 185, 23], [187, 26, 187, 28, 199, 31, 199, 28], [246, 230, 253, 242, 218, 256, 215, 236], [208, 239, 210, 260, 149, 266, 143, 249], [345, 329, 346, 346, 243, 362, 241, 345], [229, 338, 231, 364, 137, 374, 140, 354], [341, 361, 340, 370, 163, 394, 165, 383], [244, 62, 251, 74, 258, 84, 261, 72], [66, 84, 63, 97, 54, 110, 49, 96]], "detPolPoints": [[148, 250, 249, 229, 253, 250, 152, 272], [241, 345, 346, 328, 349, 345, 243, 362], [216, 373, 342, 357, 344, 372, 218, 388], [136, 352, 227, 339, 230, 363, 140, 377], [159, 379, 242, 370, 244, 388, 161, 398]], "gtDontCare": [0, 1, 2, 8, 9], "detDontCare": [], "evaluationParams": {"IOU_CONSTRAINT": 0.5, "AREA_PRECISION_CONSTRAINT": 0.5, "GT_SAMPLE_NAME_2_ID": "", "DET_SAMPLE_NAME_2_ID": "", "LTRB": false, "CRLF": false, "CONFIDENCES": false, "PER_SAMPLE_RESULTS": true}, "evaluationLog": "GT polygons: 10 (5 don't care)\nDET polygons: 5\nMatch GT #5 with Det #1\nMatch GT #6 with Det #3\n"}