{"precision": 1.0, "recall": 1.0, "hmean": 1.0, "pairs": [{"gt": 0, "det": 0}, {"gt": 3, "det": 1}], "AP": 0, "iouMat": [[0.5323375292557596, 0.0, 0.0], [0.0, 0.0, 0.0], [0.0, 0.0, 0.7421460628314973], [0.0, 0.7089571655208888, 0.0]], "gtPolPoints": [[254, 385, 253, 422, 486, 422, 489, 387], [4, 597, 4, 617, 197, 617, 197, 597], [4, 653, 4, 672, 133, 672, 133, 653], [271, 430, 273, 444, 435, 444, 434, 431]], "detPolPoints": [[239, 361, 488, 362, 488, 425, 239, 425], [271, 426, 424, 427, 424, 445, 270, 444], [22, 654, 129, 653, 129, 670, 22, 671]], "gtDontCare": [1, 2], "detDontCare": [2], "evaluationParams": {"IOU_CONSTRAINT": 0.5, "AREA_PRECISION_CONSTRAINT": 0.5, "GT_SAMPLE_NAME_2_ID": "", "DET_SAMPLE_NAME_2_ID": "", "LTRB": false, "CRLF": false, "CONFIDENCES": false, "PER_SAMPLE_RESULTS": true}, "evaluationLog": "GT polygons: 4 (2 don't care)\nDET polygons: 3 (1 don't care)\nMatch GT #0 with Det #0\nMatch GT #3 with Det #1\n"}