{"precision": 0.8, "recall": 0.8, "hmean": 0.8000000000000002, "pairs": [{"gt": 0, "det": 4}, {"gt": 1, "det": 1}, {"gt": 2, "det": 2}, {"gt": 4, "det": 0}], "AP": 0, "iouMat": [[0.0, 0.0, 0.0, 0.0, 0.8927125506072875], [0.0, 0.8589607565146026, 0.0, 0.0, 0.0], [0.0, 0.0, 0.6676616915422886, 0.0, 0.0], [0.15027322404371585, 0.0, 0.0, 0.0, 0.0], [0.7369942196531792, 0.0, 0.0, 0.0, 0.0]], "gtPolPoints": [[361, 47, 361, 29, 410, 29, 410, 47], [173, 338, 173, 303, 392, 303, 392, 338], [214, 375, 214, 347, 336, 347, 336, 375], [100, 413, 100, 395, 179, 395, 179, 413], [193, 413, 193, 395, 452, 395, 452, 413]], "detPolPoints": [[124, 395, 448, 394, 448, 413, 124, 414], [155, 305, 394, 304, 394, 339, 156, 339], [203, 345, 340, 345, 340, 369, 203, 369], [229, 187, 309, 184, 311, 227, 230, 230], [360, 29, 412, 29, 412, 48, 360, 48]], "gtDontCare": [], "detDontCare": [], "evaluationParams": {"IOU_CONSTRAINT": 0.5, "AREA_PRECISION_CONSTRAINT": 0.5, "GT_SAMPLE_NAME_2_ID": "", "DET_SAMPLE_NAME_2_ID": "", "LTRB": false, "CRLF": false, "CONFIDENCES": false, "PER_SAMPLE_RESULTS": true}, "evaluationLog": "GT polygons: 5\nDET polygons: 5\nMatch GT #0 with Det #4\nMatch GT #1 with Det #1\nMatch GT #2 with Det #2\nMatch GT #4 with Det #0\n"}