{"precision": 1.0, "recall": 0.8, "hmean": 0.888888888888889, "pairs": [{"gt": 0, "det": 2}, {"gt": 1, "det": 3}, {"gt": 3, "det": 0}, {"gt": 4, "det": 1}], "AP": 0, "iouMat": [[0.0, 0.0, 0.924066886508886, 0.0, 0.0], [0.0, 0.0, 0.0, 0.7320872274143302, 0.0], [0.0, 0.0, 0.0, 0.0, 0.7953861584754263], [0.9425287356321839, 0.0, 0.0, 0.0, 0.0], [0.0, 0.9025549954170485, 0.0, 0.0, 0.0], [0.0, 0.0, 0.0, 0.0, 0.0]], "gtPolPoints": [[46, 30, 46, 80, 166, 80, 166, 30], [82, 88, 82, 103, 129, 103, 129, 88], [319, 381, 319, 394, 391, 394, 391, 381], [583, 744, 583, 786, 788, 786, 788, 744], [608, 652, 608, 713, 745, 713, 745, 652], [535, 714, 537, 721, 555, 714, 552, 709]], "detPolPoints": [[581, 744, 791, 743, 791, 787, 581, 787], [606, 655, 747, 656, 747, 714, 606, 714], [44, 27, 166, 28, 165, 81, 44, 80], [78, 86, 131, 86, 132, 104, 78, 104], [329, 381, 390, 380, 390, 394, 329, 395]], "gtDontCare": [2], "detDontCare": [4], "evaluationParams": {"IOU_CONSTRAINT": 0.5, "AREA_PRECISION_CONSTRAINT": 0.5, "GT_SAMPLE_NAME_2_ID": "", "DET_SAMPLE_NAME_2_ID": "", "LTRB": false, "CRLF": false, "CONFIDENCES": false, "PER_SAMPLE_RESULTS": true}, "evaluationLog": "GT polygons: 6 (1 don't care)\nDET polygons: 5 (1 don't care)\nMatch GT #0 with Det #2\nMatch GT #1 with Det #3\nMatch GT #3 with Det #0\nMatch GT #4 with Det #1\n"}