{"precision": 0.4444444444444444, "recall": 0.3076923076923077, "hmean": 0.3636363636363637, "pairs": [{"gt": 6, "det": 6}, {"gt": 12, "det": 7}, {"gt": 13, "det": 1}, {"gt": 14, "det": 8}], "AP": 0, "iouMat": [[0.012341672824507252, 0.25379344101811063, 0.0, 0.0, 0.0, 0.0, 0.0, 0.0, 0.0], [0.2074242961788092, 0.0, 0.0, 0.0, 0.0, 0.0, 0.0, 0.0, 0.0], [0.026557014692497726, 0.0, 0.0, 0.0, 0.0, 0.0012096176776958706, 0.0, 0.0, 0.0], [0.09305083895404238, 0.0, 0.0, 0.0, 0.0, 0.4969542428105964, 0.0, 0.0, 0.0], [0.0, 0.0, 0.0, 0.0, 0.28669410150891633, 0.0, 0.0, 0.0, 0.0], [0.0, 0.0, 0.0, 0.0, 0.36009732360097324, 0.0, 0.0, 0.0, 0.0], [0.0, 0.0, 0.0, 0.0, 0.0, 0.0, 0.6312849079586113, 0.0, 0.0], [0.0, 0.0, 0.0, 0.10073260073260074, 0.0, 0.0, 0.0, 0.0, 0.0], [0.0, 0.0, 0.0, 0.23483365949119372, 0.0, 0.0, 0.0, 0.0, 0.0], [0.0, 0.0, 0.0, 0.28522504892367906, 0.0, 0.0, 0.0, 0.0, 0.0], [0.0, 0.0, 0.2867383512544803, 0.0, 0.0, 0.0, 0.0, 0.0, 0.0], [0.0, 0.0, 0.4077757685352622, 0.0, 0.0, 0.0, 0.0, 0.0, 0.0], [0.0, 0.0, 0.0, 0.0, 0.0, 0.0, 0.0, 0.5671641791044776, 0.0], [0.0, 0.8297632468996617, 0.0, 0.0, 0.0, 0.0, 0.0, 0.0, 0.0], [0.0, 0.0, 0.0, 0.0, 0.0, 0.0, 0.0, 0.0, 0.9056648494904006], [0.0, 0.0, 0.0, 0.0, 0.0, 0.0, 0.0, 0.0, 0.0], [0.0, 0.0, 0.0, 0.0, 0.004514672686230248, 0.0, 0.0, 0.0, 0.0], [0.0, 0.022145838448318193, 0.0, 0.0, 0.0, 0.0, 0.0, 0.0, 0.0], [0.0, 0.0, 0.0, 0.0, 0.0, 0.0, 0.0, 0.0, 0.0], [0.0, 0.0, 0.0, 0.0, 0.0, 0.0, 0.0, 0.0, 0.0], [0.0, 0.0, 0.0, 0.0, 0.0, 0.0, 0.0, 0.0, 0.0], [0.0, 0.0, 0.0, 0.0, 0.0, 0.0, 0.0, 0.0, 0.0], [0.0, 0.0, 0.0, 0.0, 0.0, 0.0, 0.0, 0.0, 0.0], [0.0, 0.0, 0.0, 0.0, 0.0, 0.0, 0.0, 0.0, 0.0], [0.0, 0.0, 0.0, 0.0, 0.0, 0.0, 0.0, 0.0, 0.0], [0.0, 0.0, 0.0, 0.0, 0.0, 0.0, 0.0, 0.0, 0.0], [0.0, 0.0, 0.0, 0.0, 0.0, 0.0, 0.0, 0.0, 0.0], [0.0, 0.0, 0.0, 0.0, 0.0, 0.0, 0.0, 0.0, 0.0], [0.0, 0.0, 0.0, 0.0, 0.0, 0.0, 0.0, 0.0, 0.0], [0.0, 0.0, 0.0, 0.0, 0.0, 0.0, 0.0, 0.0, 0.0], [0.00074318938339881, 0.0, 0.0, 0.0, 0.0, 0.0, 0.0, 0.0, 0.0], [0.0, 0.0, 0.0, 0.0, 0.0, 0.0, 0.0, 0.0, 0.0], [0.00325055259394097, 0.0, 0.0, 0.0, 0.0, 3.3594223836031734e-06, 0.0, 0.0, 0.0], [0.014939413590643389, 0.0, 0.0, 0.0, 0.0, 0.058347585379555804, 0.0, 0.0, 0.0], [4.609563102646012e-05, 0.0, 0.0, 0.0, 0.0, 0.0030507256689550756, 0.0, 0.0, 0.0]], "gtPolPoints": [[12, 88, 12, 149, 55, 149, 55, 88], [41, 130, 41, 202, 93, 202, 93, 130], [104, 165, 104, 187, 123, 186, 123, 165], [148, 193, 149, 204, 301, 204, 301, 192], [172, 213, 173, 223, 220, 224, 220, 212], [230, 213, 230, 222, 307, 222, 307, 213], [173, 234, 174, 242, 307, 243, 307, 232], [150, 253, 150, 263, 186, 263, 186, 253], [195, 253, 195, 263, 243, 263, 243, 253], [253, 253, 253, 264, 306, 264, 306, 253], [241, 273, 241, 283, 307, 283, 307, 273], [149, 273, 149, 284, 231, 284, 231, 273], [149, 292, 149, 304, 187, 304, 187, 292], [4, 56, 4, 159, 27, 159, 27, 56], [5, 175, 5, 302, 28, 302, 28, 175], [150, 233, 150, 245, 169, 245, 169, 233], [150, 213, 150, 222, 170, 222, 170, 213], [17, 58, 20, 70, 29, 68, 26, 58], [34, 48, 40, 68, 56, 64, 51, 43], [114, 65, 119, 80, 128, 76, 120, 60], [128, 56, 133, 72, 148, 73, 147, 54], [152, 52, 156, 63, 167, 62, 165, 51], [102, 106, 115, 118, 128, 110, 112, 93], [88, 122, 95, 131, 105, 123, 100, 115], [119, 91, 128, 101, 133, 99, 126, 90], [183, 99, 178, 121, 197, 121, 196, 101], [204, 105, 205, 117, 220, 117, 220, 106], [214, 85, 218, 97, 228, 85, 224, 77], [226, 65, 231, 79, 252, 72, 240, 58], [245, 56, 252, 63, 257, 60, 253, 53], [273, 132, 274, 145, 291, 144, 290, 129], [283, 151, 285, 170, 296, 170, 296, 149], [136, 178, 142, 187, 146, 185, 142, 177], [131, 182, 114, 192, 124, 203, 136, 192], [100, 205, 108, 219, 121, 213, 115, 201]], "detPolPoints": [[38, 136, 280, 143, 278, 207, 36, 199], [4, 63, 29, 63, 29, 163, 4, 163], [147, 272, 305, 271, 305, 285, 147, 286], [164, 252, 310, 251, 310, 265, 164, 266], [169, 212, 304, 210, 304, 224, 169, 225], [95, 186, 303, 190, 302, 207, 95, 203], [176, 231, 311, 231, 311, 245, 176, 246], [146, 292, 206, 291, 206, 304, 147, 306], [4, 172, 28, 171, 30, 301, 6, 301]], "gtDontCare": [2, 10, 15, 16, 17, 18, 19, 20, 21, 22, 23, 24, 25, 26, 27, 28, 29, 30, 31, 32, 33, 34], "detDontCare": [], "evaluationParams": {"IOU_CONSTRAINT": 0.5, "AREA_PRECISION_CONSTRAINT": 0.5, "GT_SAMPLE_NAME_2_ID": "", "DET_SAMPLE_NAME_2_ID": "", "LTRB": false, "CRLF": false, "CONFIDENCES": false, "PER_SAMPLE_RESULTS": true}, "evaluationLog": "GT polygons: 35 (22 don't care)\nDET polygons: 9\nMatch GT #6 with Det #6\nMatch GT #12 with Det #7\nMatch GT #13 with Det #1\nMatch GT #14 with Det #8\n"}