{"precision": 1.0, "recall": 0.75, "hmean": 0.8571428571428571, "pairs": [{"gt": 0, "det": 2}, {"gt": 1, "det": 1}, {"gt": 2, "det": 0}], "AP": 0, "iouMat": [[0.0, 0.0, 0.5165000968341976], [0.051207616848679714, 0.9086700336700336, 0.0], [0.9407334889675427, 0.04904458598726115, 0.0], [0.0, 0.0, 0.0]], "gtPolPoints": [[455, 21, 484, 29, 486, 20, 457, 12], [504, 412, 504, 463, 631, 463, 631, 412], [406, 456, 406, 492, 757, 492, 757, 456], [690, 494, 690, 528, 507, 528, 507, 493]], "detPolPoints": [[398, 455, 753, 456, 753, 493, 398, 492], [500, 409, 632, 409, 632, 463, 500, 463], [461, 11, 488, 20, 485, 35, 457, 26]], "gtDontCare": [], "detDontCare": [], "evaluationParams": {"IOU_CONSTRAINT": 0.5, "AREA_PRECISION_CONSTRAINT": 0.5, "GT_SAMPLE_NAME_2_ID": "", "DET_SAMPLE_NAME_2_ID": "", "LTRB": false, "CRLF": false, "CONFIDENCES": false, "PER_SAMPLE_RESULTS": true}, "evaluationLog": "GT polygons: 4\nDET polygons: 3\nMatch GT #0 with Det #2\nMatch GT #1 with Det #1\nMatch GT #2 with Det #0\n"}