{"precision": 1.0, "recall": 1.0, "hmean": 1.0, "pairs": [{"gt": 0, "det": 3}, {"gt": 1, "det": 1}, {"gt": 2, "det": 0}, {"gt": 3, "det": 2}], "AP": 0, "iouMat": [[0.0, 0.0, 0.0, 0.9006085192697769], [0.0, 0.7778864970645792, 0.0, 0.0], [0.9002412374059884, 0.0, 0.0, 0.0], [0.0, 0.0, 0.8306451612903226, 0.0]], "gtPolPoints": [[17, 60, 17, 76, 128, 76, 128, 60], [167, 58, 167, 77, 379, 77, 379, 58], [15, 13, 15, 52, 259, 52, 259, 13], [276, 14, 276, 52, 379, 52, 379, 14]], "detPolPoints": [[12, 12, 273, 12, 273, 53, 12, 52], [163, 60, 379, 60, 379, 75, 163, 75], [267, 12, 382, 12, 382, 51, 267, 51], [14, 59, 130, 60, 130, 77, 14, 76]], "gtDontCare": [], "detDontCare": [], "evaluationParams": {"IOU_CONSTRAINT": 0.5, "AREA_PRECISION_CONSTRAINT": 0.5, "GT_SAMPLE_NAME_2_ID": "", "DET_SAMPLE_NAME_2_ID": "", "LTRB": false, "CRLF": false, "CONFIDENCES": false, "PER_SAMPLE_RESULTS": true}, "evaluationLog": "GT polygons: 4\nDET polygons: 4\nMatch GT #0 with Det #3\nMatch GT #1 with Det #1\nMatch GT #2 with Det #0\nMatch GT #3 with Det #2\n"}