{"precision": 0.5, "recall": 0.1875, "hmean": 0.2727272727272727, "pairs": [{"gt": 11, "det": 4}, {"gt": 13, "det": 5}, {"gt": 16, "det": 0}], "AP": 0, "iouMat": [[0.0, 0.0, 0.02977667493796526, 0.0, 0.0, 0.0], [0.0, 0.0, 0.03722084367245657, 0.0, 0.0, 0.0], [0.0, 0.0, 0.031017369727047148, 0.0, 0.0, 0.0], [0.0, 0.006138132534557716, 0.12406947890818859, 0.0, 0.0, 0.0], [0.0, 0.08585131138464329, 0.029918404351767906, 0.0, 0.0, 0.0], [0.0, 0.01937984496124031, 0.0, 0.0, 0.0, 0.0], [0.0, 0.14396456256921372, 0.0, 0.0, 0.0, 0.0], [0.0, 0.029900332225913623, 0.0, 0.0, 0.0, 0.0], [0.0, 0.2825506013673734, 0.0, 0.0, 0.0, 0.0], [0.0, 0.0, 0.0, 0.34438549955791337, 0.0, 0.0], [0.0, 0.0, 0.0, 0.27276746242263483, 0.0, 0.0], [0.0, 0.0, 0.0, 0.0, 0.6633887309003303, 0.0], [0.0, 0.0, 0.0, 0.0, 0.0, 0.0], [0.0, 0.0, 0.0, 0.0, 0.0, 0.6798732171156894], [0.0, 0.0, 0.0, 0.0, 0.0, 0.0], [0.18699186991869918, 0.0, 0.0, 0.0, 0.0, 0.0], [0.608130081300813, 0.0, 0.0, 0.0, 0.0, 0.0]], "gtPolPoints": [[73, 130, 73, 138, 76, 138, 76, 130], [82, 131, 82, 137, 87, 137, 87, 131], [94, 131, 94, 136, 99, 136, 99, 131], [106, 128, 106, 138, 116, 138, 116, 128], [74, 141, 74, 151, 107, 151, 107, 141], [112, 142, 112, 149, 117, 149, 117, 142], [126, 140, 126, 150, 152, 150, 152, 140], [154, 140, 154, 146, 163, 146, 163, 140], [221, 138, 220, 148, 170, 150, 170, 139], [114, 153, 114, 162, 155, 162, 155, 152], [107, 153, 107, 163, 74, 163, 75, 154], [144, 166, 144, 175, 74, 176, 75, 167], [143, 180, 143, 186, 151, 186, 151, 180], [130, 178, 130, 188, 75, 190, 75, 180], [241, 317, 242, 325, 182, 329, 181, 322], [69, 206, 69, 229, 94, 229, 94, 206], [189, 206, 189, 228, 104, 228, 104, 206]], "detPolPoints": [[66, 204, 189, 204, 189, 229, 66, 229], [90, 137, 219, 136, 219, 150, 90, 151], [69, 126, 121, 127, 121, 142, 69, 142], [73, 151, 160, 151, 160, 164, 73, 164], [73, 163, 142, 163, 142, 176, 73, 176], [73, 177, 135, 176, 135, 189, 73, 189]], "gtDontCare": [14], "detDontCare": [], "evaluationParams": {"IOU_CONSTRAINT": 0.5, "AREA_PRECISION_CONSTRAINT": 0.5, "GT_SAMPLE_NAME_2_ID": "", "DET_SAMPLE_NAME_2_ID": "", "LTRB": false, "CRLF": false, "CONFIDENCES": false, "PER_SAMPLE_RESULTS": true}, "evaluationLog": "GT polygons: 17 (1 don't care)\nDET polygons: 6\nMatch GT #11 with Det #4\nMatch GT #13 with Det #5\nMatch GT #16 with Det #0\n"}