{"precision": 0.3333333333333333, "recall": 0.0625, "hmean": 0.10526315789473684, "pairs": [{"gt": 8, "det": 1}], "AP": 0, "iouMat": [[0.0, 0.0, 0.0], [0.0, 0.0, 0.0], [0.0, 0.0, 0.0], [0.0, 0.0, 0.0], [0.06785785006496624, 0.014206760563606282, 0.005147170128939023], [0.27055516514406186, 0.0, 0.0], [0.35566298342541436, 0.0, 0.0], [0.0, 0.0, 0.33424657534246577], [0.0, 0.8422786547700755, 0.24332279515970784], [0.0, 0.0, 0.0], [0.0, 0.0, 0.0], [0.0, 0.0, 0.0], [0.0, 0.0, 0.0], [0.0, 0.0, 0.0], [0.0, 0.0, 0.0], [0.0, 0.0, 0.0], [0.0, 0.0, 0.0], [0.0, 0.0, 0.0]], "gtPolPoints": [[57, 244, 106, 290, 112, 283, 63, 239], [0, 192, 42, 233, 48, 226, 0, 180], [165, 218, 160, 224, 206, 265, 212, 260], [216, 273, 245, 300, 249, 294, 222, 269], [110, 178, 145, 212, 153, 205, 115, 174], [25, 178, 25, 194, 90, 194, 90, 178], [93, 183, 93, 193, 228, 193, 228, 183], [26, 163, 26, 175, 88, 175, 88, 163], [86, 153, 86, 180, 219, 180, 219, 154], [45, 119, 88, 159, 94, 152, 48, 112], [0, 78, 31, 109, 37, 102, 0, 69], [179, 132, 194, 146, 198, 143, 181, 128], [113, 74, 161, 120, 169, 113, 118, 69], [53, 20, 101, 64, 107, 59, 59, 16], [32, 0, 41, 11, 46, 5, 43, 0], [171, 0, 161, 1, 209, 47, 215, 38], [225, 59, 246, 76, 249, 72, 229, 53], [245, 185, 242, 191, 249, 196, 249, 189]], "detPolPoints": [[35, 180, 196, 180, 196, 196, 35, 196], [100, 154, 218, 154, 218, 181, 100, 181], [27, 160, 148, 159, 148, 177, 27, 178]], "gtDontCare": [14, 17], "detDontCare": [], "evaluationParams": {"IOU_CONSTRAINT": 0.5, "AREA_PRECISION_CONSTRAINT": 0.5, "GT_SAMPLE_NAME_2_ID": "", "DET_SAMPLE_NAME_2_ID": "", "LTRB": false, "CRLF": false, "CONFIDENCES": false, "PER_SAMPLE_RESULTS": true}, "evaluationLog": "GT polygons: 18 (2 don't care)\nDET polygons: 3\nMatch GT #8 with Det #1\n"}