{"precision": 0.8, "recall": 0.8, "hmean": 0.8000000000000002, "pairs": [{"gt": 0, "det": 2}, {"gt": 1, "det": 0}, {"gt": 2, "det": 1}, {"gt": 4, "det": 4}], "AP": 0, "iouMat": [[0.0, 0.0, 0.973293768545994, 0.0, 0.0], [0.8279993855292129, 0.0, 0.0, 0.0, 0.003079141419399018], [0.0, 0.834347667032492, 0.0, 0.0, 0.0], [0.0, 0.0, 0.0, 0.4687640472942671, 0.0], [0.0046463316278438005, 0.0, 0.0, 0.0, 0.8476027397260274]], "gtPolPoints": [[187, 296, 187, 332, 351, 332, 351, 296], [184, 345, 184, 620, 316, 620, 316, 345], [120, 193, 120, 417, 176, 417, 176, 193], [172, 443, 170, 462, 11, 464, 11, 442], [196, 469, 196, 480, 58, 480, 58, 469]], "detPolPoints": [[181, 375, 320, 375, 319, 628, 180, 627], [118, 184, 177, 184, 176, 441, 118, 441], [186, 296, 354, 296, 354, 332, 185, 332], [6, 422, 164, 423, 164, 464, 5, 464], [56, 468, 193, 468, 193, 481, 55, 480]], "gtDontCare": [], "detDontCare": [], "evaluationParams": {"IOU_CONSTRAINT": 0.5, "AREA_PRECISION_CONSTRAINT": 0.5, "GT_SAMPLE_NAME_2_ID": "", "DET_SAMPLE_NAME_2_ID": "", "LTRB": false, "CRLF": false, "CONFIDENCES": false, "PER_SAMPLE_RESULTS": true}, "evaluationLog": "GT polygons: 5\nDET polygons: 5\nMatch GT #0 with Det #2\nMatch GT #1 with Det #0\nMatch GT #2 with Det #1\nMatch GT #4 with Det #4\n"}