{"precision": 0.8, "recall": 0.25, "hmean": 0.38095238095238093, "pairs": [{"gt": 0, "det": 0}, {"gt": 1, "det": 1}, {"gt": 15, "det": 2}, {"gt": 16, "det": 3}], "AP": 0, "iouMat": [[0.8993844696969697, 0.0, 0.0, 0.0, 0.0], [0.0, 0.8193456614509246, 0.0, 0.0, 0.0], [0.0, 0.0, 0.0, 0.0, 0.21502220220662083], [0.0, 0.0, 0.0, 0.0, 0.48918977942782266], [0.0, 0.0, 0.0, 0.0, 0.0024856589830616676], [0.0, 0.0, 0.0, 0.0, 0.0], [0.0, 0.0, 0.0, 0.0, 0.0], [0.0, 0.0, 0.0, 0.0, 0.0], [0.0, 0.0, 0.0, 0.0, 0.0], [0.0, 0.0, 0.0, 0.0, 0.0], [0.0, 0.0, 0.0, 0.0, 0.0], [0.0, 0.0, 0.0, 0.0, 0.0], [0.0, 0.0, 0.0, 0.0, 0.0], [0.0, 0.0, 0.0, 0.0, 0.0], [0.0, 0.0, 0.0, 0.0, 0.0], [0.0, 0.0, 0.6901946262200168, 0.0, 0.0], [0.0, 0.0, 0.0, 0.8107335678149212, 0.0], [0.0, 0.0, 0.0, 0.0, 0.0], [0.0, 0.0, 0.0, 0.0, 0.0], [0.0, 0.0, 0.0, 0.0, 0.0], [0.0, 0.0, 0.0, 0.0, 0.0], [0.0, 0.0, 0.0, 0.0, 0.0], [0.0, 0.0, 0.0, 0.0, 0.0]], "gtPolPoints": [[43, 148, 43, 177, 174, 177, 174, 148], [137, 205, 137, 221, 281, 221, 281, 205], [125, 311, 126, 323, 186, 337, 187, 326], [192, 326, 191, 339, 277, 349, 281, 337], [137, 332, 137, 340, 170, 346, 169, 339], [173, 341, 172, 348, 203, 353, 204, 347], [205, 347, 206, 354, 265, 361, 264, 354], [137, 341, 137, 348, 180, 357, 180, 349], [183, 352, 183, 357, 186, 357, 186, 352], [191, 352, 190, 359, 264, 371, 264, 363], [143, 351, 142, 357, 175, 366, 177, 359], [177, 359, 179, 366, 225, 375, 225, 366], [228, 367, 228, 375, 258, 378, 258, 371], [140, 359, 141, 366, 186, 375, 186, 367], [189, 369, 190, 377, 260, 386, 261, 378], [146, 476, 146, 488, 243, 508, 243, 498], [337, 314, 322, 397, 305, 395, 319, 314], [413, 310, 407, 336, 397, 335, 404, 308], [379, 394, 375, 413, 385, 413, 388, 396], [67, 287, 75, 377, 89, 378, 79, 289], [83, 296, 91, 371, 98, 373, 90, 296], [92, 298, 98, 372, 105, 373, 99, 299], [102, 302, 107, 367, 111, 370, 106, 302]], "detPolPoints": [[42, 146, 174, 146, 174, 178, 42, 178], [135, 204, 283, 204, 283, 223, 135, 223], [146, 476, 245, 496, 242, 511, 143, 491], [315, 317, 334, 319, 325, 398, 306, 396], [120, 317, 282, 336, 280, 350, 119, 331]], "gtDontCare": [8, 17, 18, 19, 20, 21, 22], "detDontCare": [], "evaluationParams": {"IOU_CONSTRAINT": 0.5, "AREA_PRECISION_CONSTRAINT": 0.5, "GT_SAMPLE_NAME_2_ID": "", "DET_SAMPLE_NAME_2_ID": "", "LTRB": false, "CRLF": false, "CONFIDENCES": false, "PER_SAMPLE_RESULTS": true}, "evaluationLog": "GT polygons: 23 (7 don't care)\nDET polygons: 5\nMatch GT #0 with Det #0\nMatch GT #1 with Det #1\nMatch GT #15 with Det #2\nMatch GT #16 with Det #3\n"}