{"precision": 0.75, "recall": 0.3333333333333333, "hmean": 0.46153846153846156, "pairs": [{"gt": 0, "det": 1}, {"gt": 1, "det": 0}, {"gt": 7, "det": 2}], "AP": 0, "iouMat": [[0.0, 0.9054703593499657, 0.0, 0.0], [0.8335127966553195, 0.0, 0.0, 0.0], [0.0, 0.0, 0.0, 0.0], [0.0, 0.0, 0.0, 0.0], [0.0, 0.0, 0.0, 0.0], [0.0, 0.0, 0.0, 0.0], [0.0, 0.0, 0.0, 0.0], [0.0, 0.0, 0.7584506023629957, 0.0], [0.0, 0.0, 0.0, 0.31719059756442936], [0.0, 0.0, 0.0, 0.19258000566411781], [0.0, 0.0, 0.0, 0.257856567284448], [0.0, 0.0, 0.0, 0.0]], "gtPolPoints": [[28, 29, 28, 52, 203, 52, 203, 29], [587, 20, 588, 116, 776, 116, 779, 24], [404, 370, 404, 394, 426, 394, 426, 370], [478, 557, 478, 570, 486, 570, 486, 557], [488, 558, 488, 563, 500, 563, 500, 558], [487, 563, 487, 570, 499, 570, 499, 563], [406, 779, 406, 798, 494, 799, 495, 788], [289, 728, 287, 768, 380, 798, 391, 765], [38, 64, 38, 74, 94, 74, 94, 64], [98, 64, 98, 74, 132, 74, 132, 64], [137, 64, 137, 76, 185, 76, 185, 64], [366, 426, 366, 445, 388, 445, 388, 426]], "detPolPoints": [[586, 32, 774, 31, 775, 111, 587, 112], [29, 27, 201, 27, 201, 52, 29, 52], [301, 724, 397, 774, 378, 809, 283, 760], [33, 63, 193, 63, 194, 74, 33, 74]], "gtDontCare": [4, 5, 6], "detDontCare": [], "evaluationParams": {"IOU_CONSTRAINT": 0.5, "AREA_PRECISION_CONSTRAINT": 0.5, "GT_SAMPLE_NAME_2_ID": "", "DET_SAMPLE_NAME_2_ID": "", "LTRB": false, "CRLF": false, "CONFIDENCES": false, "PER_SAMPLE_RESULTS": true}, "evaluationLog": "GT polygons: 12 (3 don't care)\nDET polygons: 4\nMatch GT #0 with Det #1\nMatch GT #1 with Det #0\nMatch GT #7 with Det #2\n"}