{"precision": 0.5714285714285714, "recall": 0.4, "hmean": 0.47058823529411764, "pairs": [{"gt": 0, "det": 0}, {"gt": 4, "det": 6}, {"gt": 9, "det": 1}, {"gt": 10, "det": 2}], "AP": 0, "iouMat": [[0.8656488549618321, 0.0, 0.0, 0.0, 0.0, 0.0, 0.0, 0.0], [0.0, 0.0, 0.0, 0.0, 0.2699835855932955, 0.0, 0.0, 0.0], [0.0, 0.0, 0.0, 0.0, 0.4118675726738143, 0.0, 0.0, 0.0], [0.0, 0.0, 0.0, 0.0, 0.0, 0.0, 0.0, 0.48397590538883223], [0.0, 0.0, 0.0, 0.0, 0.0, 0.0, 0.844954285856827, 0.15292533551639584], [0.0, 0.0, 0.0, 0.0, 0.0, 0.0, 0.0, 0.0], [0.0, 0.0, 0.0, 0.004216786902785781, 0.0, 0.7370672856070924, 0.0, 0.0], [0.0, 0.0, 0.0, 0.374049638896599, 0.0, 0.0, 0.0, 0.0], [0.0, 0.0, 0.0, 0.29586755572674234, 0.0, 0.0005356994522642853, 0.0, 0.0], [0.0, 0.8744509763351674, 0.0, 0.0, 0.0, 0.0, 0.0, 0.0], [0.0, 0.0, 0.9223032069970846, 0.0, 0.0, 0.0, 0.0, 0.0]], "gtPolPoints": [[556, 770, 556, 798, 799, 798, 799, 770], [284, 724, 285, 735, 323, 737, 323, 726], [323, 725, 324, 736, 381, 724, 378, 713], [279, 703, 282, 717, 316, 719, 315, 705], [320, 705, 320, 720, 377, 710, 373, 696], [269, 721, 269, 734, 280, 734, 280, 721], [247, 509, 245, 528, 308, 536, 310, 516], [303, 491, 301, 511, 397, 498, 397, 472], [243, 468, 245, 504, 301, 512, 300, 478], [32, 130, 32, 160, 201, 164, 201, 125], [31, 58, 31, 95, 204, 95, 204, 58]], "detPolPoints": [[537, 770, 799, 769, 799, 799, 537, 800], [30, 127, 202, 126, 202, 165, 30, 165], [28, 58, 202, 57, 202, 96, 28, 97], [252, 477, 386, 475, 386, 511, 252, 512], [290, 723, 372, 717, 373, 731, 291, 737], [245, 506, 315, 513, 313, 534, 243, 528], [319, 703, 373, 695, 375, 712, 321, 719], [284, 703, 336, 701, 336, 717, 284, 719]], "gtDontCare": [6], "detDontCare": [5], "evaluationParams": {"IOU_CONSTRAINT": 0.5, "AREA_PRECISION_CONSTRAINT": 0.5, "GT_SAMPLE_NAME_2_ID": "", "DET_SAMPLE_NAME_2_ID": "", "LTRB": false, "CRLF": false, "CONFIDENCES": false, "PER_SAMPLE_RESULTS": true}, "evaluationLog": "GT polygons: 11 (1 don't care)\nDET polygons: 8 (1 don't care)\nMatch GT #0 with Det #0\nMatch GT #4 with Det #6\nMatch GT #9 with Det #1\nMatch GT #10 with Det #2\n"}