{"precision": 0.75, "recall": 0.6, "hmean": 0.6666666666666665, "pairs": [{"gt": 0, "det": 1}, {"gt": 1, "det": 0}, {"gt": 5, "det": 4}], "AP": 0, "iouMat": [[0.0, 0.8548387096774194, 0.0, 0.0, 0.0], [0.696526508226691, 0.0, 0.0, 0.0, 0.0], [0.0, 0.0, 0.0, 0.33663366336633666, 0.0], [0.0, 0.0, 0.0, 0.3403716216216216, 0.0], [0.0, 0.0, 0.7455562870309415, 0.0, 0.0], [0.0, 0.0, 0.0, 0.0, 0.5680473372781065]], "gtPolPoints": [[126, 39, 126, 23, 286, 23, 286, 39], [147, 55, 147, 43, 287, 43, 287, 55], [195, 72, 195, 60, 240, 60, 240, 72], [247, 73, 247, 60, 286, 60, 286, 73], [152, 209, 152, 197, 245, 197, 240, 210], [218, 274, 218, 266, 290, 266, 290, 274]], "detPolPoints": [[157, 40, 284, 40, 284, 56, 157, 56], [127, 22, 287, 21, 287, 40, 127, 40], [147, 193, 245, 196, 245, 211, 147, 209], [206, 59, 278, 58, 278, 73, 206, 74], [217, 263, 295, 263, 295, 276, 217, 276]], "gtDontCare": [4], "detDontCare": [2], "evaluationParams": {"IOU_CONSTRAINT": 0.5, "AREA_PRECISION_CONSTRAINT": 0.5, "GT_SAMPLE_NAME_2_ID": "", "DET_SAMPLE_NAME_2_ID": "", "LTRB": false, "CRLF": false, "CONFIDENCES": false, "PER_SAMPLE_RESULTS": true}, "evaluationLog": "GT polygons: 6 (1 don't care)\nDET polygons: 5 (1 don't care)\nMatch GT #0 with Det #1\nMatch GT #1 with Det #0\nMatch GT #5 with Det #4\n"}