{"precision": 0.6, "recall": 0.375, "hmean": 0.4615384615384615, "pairs": [{"gt": 4, "det": 1}, {"gt": 5, "det": 0}, {"gt": 7, "det": 2}], "AP": 0, "iouMat": [[6.825713924593414e-05, 0.18333266054826156, 0.0, 0.0, 0.060069067771463674], [0.0, 0.039678994524358156, 0.0, 0.0, 0.0], [0.0, 0.0, 0.0, 0.0, 0.0], [0.0, 0.0, 0.0, 0.0, 0.0], [0.0, 0.9010032560386552, 0.0, 0.0, 0.0], [0.6262662354978099, 0.0, 0.0, 0.0, 0.0], [0.0, 0.0, 0.0, 0.3692100111917583, 0.0], [0.0, 0.0, 0.7593700242889754, 0.0544173298651227, 0.0]], "gtPolPoints": [[153, 166, 83, 230, 145, 279, 200, 212], [172, 196, 213, 238, 280, 190, 236, 144], [265, 184, 316, 120, 264, 83, 210, 136], [268, 181, 286, 189, 334, 136, 314, 127], [64, 246, 71, 287, 289, 247, 284, 202], [46, 293, 53, 324, 434, 257, 428, 225], [103, 332, 107, 354, 131, 351, 127, 328], [145, 321, 148, 347, 239, 334, 237, 307]], "detPolPoints": [[53, 293, 329, 248, 334, 277, 58, 321], [63, 242, 285, 206, 291, 247, 69, 283], [134, 328, 239, 306, 244, 329, 139, 351], [101, 334, 158, 329, 159, 351, 103, 356], [110, 190, 133, 188, 135, 211, 112, 213]], "gtDontCare": [], "detDontCare": [], "evaluationParams": {"IOU_CONSTRAINT": 0.5, "AREA_PRECISION_CONSTRAINT": 0.5, "GT_SAMPLE_NAME_2_ID": "", "DET_SAMPLE_NAME_2_ID": "", "LTRB": false, "CRLF": false, "CONFIDENCES": false, "PER_SAMPLE_RESULTS": true}, "evaluationLog": "GT polygons: 8\nDET polygons: 5\nMatch GT #4 with Det #1\nMatch GT #5 with Det #0\nMatch GT #7 with Det #2\n"}