{"precision": 0.2, "recall": 0.36363636363636365, "hmean": 0.25806451612903225, "pairs": [{"gt": 0, "det": 3}, {"gt": 6, "det": 6}, {"gt": 7, "det": 9}, {"gt": 8, "det": 4}], "AP": 0, "iouMat": [[0.0, 0.0, 0.0, 0.523625371921524, 0.0, 0.0, 0.0, 0.0, 0.0, 0.0, 0.0, 0.0, 0.0, 0.6521076786680614, 0.0, 0.0, 0.0, 0.0, 0.0, 0.0], [0.0, 0.0, 0.4031297477970225, 0.0, 0.0, 0.0, 0.0, 0.0, 0.0, 0.0, 0.19686862987522316, 0.0, 0.0, 0.0, 0.3478953773259379, 0.0, 0.0, 0.0, 0.1365885256230656, 0.0], [0.0, 0.36687972578129013, 0.0, 0.0, 0.0, 0.0, 0.0, 0.0, 0.0, 0.0, 0.0, 0.23645546114560773, 0.4361609634710311, 0.0, 0.0, 0.0, 0.0, 0.0, 0.0, 0.1485004102264759], [0.4209026075883976, 0.0, 0.0, 0.0, 0.0, 0.4575265623466269, 0.0, 0.0942119852692586, 0.0, 0.0, 0.0, 0.0, 0.0, 0.0, 0.0, 0.0003588516746411483, 0.06725126384918116, 0.21480195967188134, 0.0, 0.0], [0.14193801042155255, 0.0, 0.0, 0.0, 0.0, 0.08344728619074311, 0.0, 0.45142934218301267, 0.0, 0.0, 0.0, 0.0, 0.0, 0.0, 0.0, 0.2735483870967742, 0.0, 0.11265000418763624, 0.0, 0.0], [0.047639938580573096, 0.0, 0.0, 0.0, 0.0, 0.036270697097704016, 0.0, 0.0, 0.49745547073791346, 0.0, 0.0, 0.0, 0.0, 0.0, 0.0, 0.0, 0.30657969384486344, 0.05943420761132359, 0.0, 0.0], [0.0, 0.0, 0.0, 0.0, 0.0, 0.0, 0.6570915619389587, 0.0, 0.0, 0.0, 0.0, 0.0, 0.0, 0.0, 0.0, 0.0, 0.0, 0.0, 0.0, 0.0], [0.0, 0.0, 0.0, 0.0, 0.0, 0.0, 0.0, 0.0, 0.0, 0.7697368421052632, 0.0, 0.0, 0.0, 0.0, 0.0, 0.0, 0.0, 0.0, 0.0, 0.0], [0.0, 0.0, 0.0, 0.0, 0.8817567567567568, 0.0, 0.0, 0.0, 0.0, 0.0, 0.0, 0.0, 0.0, 0.0, 0.0, 0.0, 0.0, 0.0, 0.0, 0.0], [0.0, 0.0, 0.0, 0.0, 0.0, 0.0, 0.0, 0.01679030959274945, 0.0, 0.0, 0.0, 0.0, 0.0, 0.0, 0.0, 0.0, 0.0, 0.0, 0.0, 0.0], [0.0, 0.07482872149190431, 0.017318527034641165, 0.0, 0.0, 0.0, 0.0, 0.0, 0.0, 0.0, 0.0, 0.0, 0.038489101427753726, 0.0, 0.014744785476384397, 0.0, 0.0, 0.0, 0.004849841498512372, 0.04580110413376046]], "gtPolPoints": [[13, 293, 4, 248, 443, 0, 465, 11], [1, 564, 0, 526, 754, 64, 751, 114], [0, 855, 0, 814, 758, 355, 758, 390], [237, 1010, 184, 1003, 744, 667, 754, 694], [291, 913, 291, 884, 476, 884, 478, 908], [283, 874, 283, 856, 450, 856, 450, 874], [288, 842, 288, 822, 449, 822, 449, 842], [309, 819, 309, 795, 423, 795, 423, 819], [269, 779, 269, 747, 454, 747, 454, 779], [257, 906, 257, 877, 285, 877, 285, 906], [272, 728, 272, 358, 449, 358, 449, 728]], "detPolPoints": [[194, 987, 457, 843, 473, 872, 211, 1017], [133, 729, 512, 517, 525, 540, 146, 752], [142, 440, 558, 201, 572, 225, 156, 465], [134, 184, 469, -19, 484, 3, 149, 207], [270, 750, 450, 750, 450, 779, 270, 779], [367, 903, 701, 686, 714, 706, 381, 923], [315, 824, 437, 824, 437, 843, 315, 843], [236, 906, 508, 866, 512, 895, 241, 934], [285, 856, 377, 858, 377, 876, 285, 875], [313, 799, 421, 799, 421, 818, 313, 819], [579, 171, 752, 70, 769, 100, 596, 200], [543, 481, 746, 352, 767, 383, 563, 511], [-12, 818, 330, 615, 350, 647, 7, 851], [-2, 259, 297, 76, 318, 108, 17, 292], [-5, 534, 296, 338, 318, 369, 15, 565], [288, 883, 344, 884, 344, 910, 288, 910], [366, 863, 491, 850, 493, 869, 368, 882], [340, 897, 664, 756, 674, 779, 350, 919], [333, 357, 560, 196, 574, 215, 347, 376], [330, 639, 528, 501, 542, 519, 344, 657]], "gtDontCare": [], "detDontCare": [], "evaluationParams": {"IOU_CONSTRAINT": 0.5, "AREA_PRECISION_CONSTRAINT": 0.5, "GT_SAMPLE_NAME_2_ID": "", "DET_SAMPLE_NAME_2_ID": "", "LTRB": false, "CRLF": false, "CONFIDENCES": false, "PER_SAMPLE_RESULTS": true}, "evaluationLog": "GT polygons: 11\nDET polygons: 20\nMatch GT #0 with Det #3\nMatch GT #6 with Det #6\nMatch GT #7 with Det #9\nMatch GT #8 with Det #4\n"}