{"precision": 0.75, "recall": 0.75, "hmean": 0.75, "pairs": [{"gt": 0, "det": 1}, {"gt": 1, "det": 2}, {"gt": 2, "det": 3}], "AP": 0, "iouMat": [[0.0, 0.7919951177338148, 0.0, 0.0, 0.0], [0.044609900121570026, 0.0, 0.7555917525560638, 0.0, 0.0], [0.016534856732724378, 0.0, 0.0, 0.6594169618523963, 0.0], [0.0, 0.0, 0.0, 0.0, 0.6507108725834727], [0.08921868898200569, 0.0, 0.0, 0.2095721500100796, 0.0], [0.3570731864606257, 0.0, 0.0, 0.0, 0.0], [0.0, 0.0, 0.0, 0.0, 0.0]], "gtPolPoints": [[456, 487, 456, 516, 731, 516, 731, 487], [344, 451, 341, 474, 729, 474, 731, 455], [455, 383, 453, 442, 729, 442, 729, 382], [366, 324, 366, 340, 474, 340, 474, 324], [347, 388, 348, 431, 492, 432, 492, 388], [12, 355, 12, 468, 212, 468, 212, 355], [312, 0, 283, 77, 422, 32, 422, 1]], "detPolPoints": [[16, 352, 475, 349, 476, 483, 16, 486], [449, 485, 724, 484, 725, 519, 449, 520], [359, 447, 727, 450, 726, 476, 359, 474], [375, 377, 718, 376, 718, 444, 375, 444], [363, 325, 451, 319, 452, 339, 365, 344]], "gtDontCare": [3, 4, 6], "detDontCare": [4], "evaluationParams": {"IOU_CONSTRAINT": 0.5, "AREA_PRECISION_CONSTRAINT": 0.5, "GT_SAMPLE_NAME_2_ID": "", "DET_SAMPLE_NAME_2_ID": "", "LTRB": false, "CRLF": false, "CONFIDENCES": false, "PER_SAMPLE_RESULTS": true}, "evaluationLog": "GT polygons: 7 (3 don't care)\nDET polygons: 5 (1 don't care)\nMatch GT #0 with Det #1\nMatch GT #1 with Det #2\nMatch GT #2 with Det #3\n"}