{"precision": 1.0, "recall": 1.0, "hmean": 1.0, "pairs": [{"gt": 6, "det": 2}, {"gt": 7, "det": 1}, {"gt": 8, "det": 0}, {"gt": 9, "det": 5}], "AP": 0, "iouMat": [[0.0, 0.0, 0.0, 0.0, 0.0, 0.0, 0.0, 0.0, 0.0, 0.8975069252077562], [0.0, 0.0, 0.0, 0.0, 0.8583106267029973, 0.0, 0.0, 0.0, 0.0, 0.0], [0.0, 0.0, 0.0, 0.0, 0.0, 0.0, 0.0, 0.0, 0.8243953732912723, 0.0], [0.0, 0.0, 0.0, 0.8825412459985226, 0.0, 0.0, 0.0, 0.0, 0.0, 0.0], [0.0, 0.0, 0.0, 0.0, 0.0, 0.0, 0.9184782608695652, 0.0, 0.0, 0.0], [0.0, 0.0, 0.0, 0.0, 0.0, 0.0, 0.0, 0.9338970023059185, 0.0, 0.0], [0.0, 0.0, 0.8115942028985508, 0.0, 0.0, 0.0, 0.0, 0.0, 0.0, 0.0], [0.0, 0.5981762917933131, 0.0, 0.0, 0.0, 0.0, 0.0, 0.0, 0.0, 0.0], [0.8298578199052132, 0.0, 0.0, 0.0, 0.0, 0.0, 0.0, 0.0, 0.0, 0.0], [0.0, 0.0, 0.0, 0.0, 0.0, 0.766329346826127, 0.0, 0.0, 0.0, 0.0], [0.0, 0.0, 0.0, 0.0, 0.0, 0.0, 0.0, 0.0, 0.0, 0.0]], "gtPolPoints": [[15, 49, 15, 63, 96, 63, 96, 49], [13, 71, 13, 85, 106, 85, 106, 71], [13, 93, 13, 108, 97, 108, 97, 93], [13, 113, 13, 127, 141, 127, 141, 113], [13, 135, 13, 148, 104, 148, 104, 135], [11, 156, 11, 171, 94, 171, 94, 156], [5, 188, 5, 204, 80, 204, 80, 188], [49, 234, 49, 246, 131, 246, 131, 234], [130, 211, 130, 228, 18, 228, 18, 211], [414, 201, 414, 218, 534, 218, 534, 201], [430, 223, 430, 232, 535, 232, 535, 223]], "detPolPoints": [[25, 210, 128, 209, 128, 228, 25, 229], [38, 232, 132, 231, 132, 249, 38, 249], [2, 190, 77, 190, 77, 204, 2, 204], [10, 113, 141, 113, 141, 129, 10, 128], [11, 71, 103, 71, 103, 87, 11, 86], [415, 204, 535, 204, 535, 219, 415, 219], [13, 135, 105, 135, 105, 149, 13, 149], [10, 156, 92, 156, 92, 171, 10, 172], [11, 92, 100, 92, 101, 107, 11, 107], [15, 49, 96, 49, 96, 65, 14, 64]], "gtDontCare": [0, 1, 2, 3, 4, 5, 10], "detDontCare": [3, 4, 6, 7, 8, 9], "evaluationParams": {"IOU_CONSTRAINT": 0.5, "AREA_PRECISION_CONSTRAINT": 0.5, "GT_SAMPLE_NAME_2_ID": "", "DET_SAMPLE_NAME_2_ID": "", "LTRB": false, "CRLF": false, "CONFIDENCES": false, "PER_SAMPLE_RESULTS": true}, "evaluationLog": "GT polygons: 11 (7 don't care)\nDET polygons: 10 (6 don't care)\nMatch GT #6 with Det #2\nMatch GT #7 with Det #1\nMatch GT #8 with Det #0\nMatch GT #9 with Det #5\n"}