{"precision": 1.0, "recall": 1.0, "hmean": 1.0, "pairs": [{"gt": 0, "det": 1}, {"gt": 1, "det": 3}, {"gt": 3, "det": 2}, {"gt": 4, "det": 0}], "AP": 0, "iouMat": [[0.0, 0.7611075670567803, 0.0, 0.0], [0.0, 0.0, 0.0, 0.565593087195601], [0.0, 0.0, 0.0, 0.0], [0.0, 0.0, 0.9231032125768968, 0.0], [0.9613590939373751, 0.0, 0.0, 0.0], [0.0, 0.0, 0.0, 0.0], [0.0, 0.0, 0.0, 0.0]], "gtPolPoints": [[36, 310, 36, 329, 150, 329, 150, 310], [156, 310, 156, 326, 201, 326, 201, 310], [90, 332, 90, 340, 201, 340, 201, 332], [303, 291, 303, 328, 376, 328, 376, 291], [299, 342, 299, 380, 378, 380, 378, 342], [391, 245, 392, 250, 369, 253, 369, 249], [175, 216, 173, 220, 199, 231, 201, 227]], "detPolPoints": [[299, 343, 377, 343, 377, 380, 299, 380], [38, 307, 154, 307, 154, 328, 37, 327], [301, 291, 378, 291, 378, 329, 301, 329], [150, 308, 217, 308, 217, 327, 150, 327]], "gtDontCare": [2, 5, 6], "detDontCare": [], "evaluationParams": {"IOU_CONSTRAINT": 0.5, "AREA_PRECISION_CONSTRAINT": 0.5, "GT_SAMPLE_NAME_2_ID": "", "DET_SAMPLE_NAME_2_ID": "", "LTRB": false, "CRLF": false, "CONFIDENCES": false, "PER_SAMPLE_RESULTS": true}, "evaluationLog": "GT polygons: 7 (3 don't care)\nDET polygons: 4\nMatch GT #0 with Det #1\nMatch GT #1 with Det #3\nMatch GT #3 with Det #2\nMatch GT #4 with Det #0\n"}