{"precision": 0.6666666666666666, "recall": 0.36363636363636365, "hmean": 0.4705882352941177, "pairs": [{"gt": 3, "det": 0}, {"gt": 18, "det": 3}, {"gt": 19, "det": 4}, {"gt": 20, "det": 5}], "AP": 0, "iouMat": [[0.0, 0.0, 0.18937558247903075, 0.0, 0.0, 0.0], [0.0, 0.0, 0.21072605751358514, 0.0, 0.0, 0.0], [0.0, 0.0, 0.10540826620691195, 0.0, 0.0, 0.0], [0.5571229057962954, 0.0, 0.0, 0.0, 0.0, 0.0], [0.0, 0.0, 0.0, 0.0, 0.0, 0.0], [0.0, 0.0, 0.0, 0.0, 0.0, 0.0], [0.0, 0.0, 0.0, 0.0, 0.0, 0.0], [0.0, 0.0, 0.0, 0.0, 0.0, 0.0], [0.0, 0.0, 0.0, 0.0, 0.0, 0.0], [0.0, 0.0, 0.0, 0.0, 0.0, 0.0], [0.0, 0.0, 0.0, 0.0, 0.0, 0.0], [0.0, 0.0, 0.0, 0.0, 0.0, 0.0], [0.0, 0.0, 0.0, 0.0, 0.0, 0.0], [0.0, 0.0, 0.0, 0.0, 0.0, 0.0], [0.0, 0.0, 0.0, 0.0, 0.0, 0.0], [0.0, 0.0, 0.0, 0.0, 0.0, 0.0], [0.0, 0.2396591708268807, 0.0, 0.0, 0.0, 0.0], [0.0, 0.41608778486114156, 0.0, 0.0, 0.0, 0.0], [0.0, 0.0, 0.0, 0.6352737154783352, 0.03342929688777317, 0.0], [0.0, 0.0, 0.0, 0.00519725489579036, 0.5994705213140608, 0.0], [0.0, 0.0, 0.0, 0.026758792561317475, 0.0, 0.622167868297409], [0.0, 0.0, 0.0, 0.0, 0.0, 0.0], [0.0, 0.0, 0.0, 0.0, 0.0, 0.0], [0.0, 0.0, 0.0, 0.0, 0.0, 0.0]], "gtPolPoints": [[235, 477, 236, 491, 305, 475, 305, 460], [311, 460, 315, 473, 396, 453, 392, 440], [403, 437, 403, 449, 448, 440, 445, 426], [160, 448, 164, 472, 483, 402, 483, 375], [213, 171, 213, 193, 234, 193, 234, 171], [218, 196, 221, 218, 233, 219, 233, 196], [258, 222, 258, 229, 342, 229, 341, 222], [274, 144, 274, 148, 289, 148, 289, 144], [264, 135, 265, 138, 331, 140, 333, 135], [273, 121, 272, 124, 321, 124, 321, 120], [269, 115, 267, 119, 303, 118, 303, 115], [273, 107, 271, 111, 320, 109, 320, 104], [276, 100, 275, 103, 310, 101, 309, 97], [274, 93, 274, 97, 351, 90, 351, 85], [263, 87, 263, 92, 298, 88, 298, 84], [260, 80, 262, 83, 308, 79, 308, 74], [263, 62, 265, 72, 297, 68, 299, 56], [301, 56, 302, 67, 352, 61, 353, 47], [260, 40, 261, 53, 321, 45, 321, 28], [326, 26, 327, 44, 369, 37, 373, 18], [209, 0, 209, 31, 271, 44, 280, 0], [403, 158, 411, 177, 414, 178, 406, 160], [392, 163, 400, 183, 405, 182, 394, 160], [344, 15, 349, 1, 261, 1, 269, 27]], "detPolPoints": [[159, 441, 465, 368, 476, 411, 169, 484], [264, 58, 351, 45, 353, 62, 266, 75], [220, 478, 460, 413, 465, 434, 225, 499], [260, 35, 326, 27, 329, 48, 262, 56], [314, 25, 371, 14, 375, 37, 319, 48], [206, 0, 257, 0, 257, 36, 206, 35]], "gtDontCare": [6, 7, 8, 9, 10, 11, 12, 13, 14, 15, 21, 22, 23], "detDontCare": [], "evaluationParams": {"IOU_CONSTRAINT": 0.5, "AREA_PRECISION_CONSTRAINT": 0.5, "GT_SAMPLE_NAME_2_ID": "", "DET_SAMPLE_NAME_2_ID": "", "LTRB": false, "CRLF": false, "CONFIDENCES": false, "PER_SAMPLE_RESULTS": true}, "evaluationLog": "GT polygons: 24 (13 don't care)\nDET polygons: 6\nMatch GT #3 with Det #0\nMatch GT #18 with Det #3\nMatch GT #19 with Det #4\nMatch GT #20 with Det #5\n"}