{"precision": 1.0, "recall": 0.6, "hmean": 0.7499999999999999, "pairs": [{"gt": 0, "det": 0}, {"gt": 1, "det": 1}, {"gt": 2, "det": 2}], "AP": 0, "iouMat": [[0.8682080557232499, 0.0, 0.0], [0.0, 0.9564356268409623, 0.0], [0.0, 0.0, 0.7938098545297096], [0.0, 0.0, 0.07331230921774949], [0.0, 0.0, 0.0], [0.0, 0.0, 0.0], [0.0, 0.0, 0.0]], "gtPolPoints": [[562, 718, 570, 762, 743, 713, 728, 667], [5, 116, 5, 343, 65, 343, 65, 116], [153, 189, 163, 236, 217, 225, 210, 180], [229, 232, 222, 185, 213, 183, 219, 229], [187, 51, 190, 59, 217, 62, 217, 52], [218, 57, 220, 75, 234, 75, 229, 57], [142, 51, 143, 59, 158, 51, 158, 45]], "detPolPoints": [[554, 719, 731, 665, 743, 708, 567, 761], [6, 109, 65, 110, 64, 343, 5, 343], [151, 192, 216, 178, 226, 225, 161, 239]], "gtDontCare": [3, 6], "detDontCare": [], "evaluationParams": {"IOU_CONSTRAINT": 0.5, "AREA_PRECISION_CONSTRAINT": 0.5, "GT_SAMPLE_NAME_2_ID": "", "DET_SAMPLE_NAME_2_ID": "", "LTRB": false, "CRLF": false, "CONFIDENCES": false, "PER_SAMPLE_RESULTS": true}, "evaluationLog": "GT polygons: 7 (2 don't care)\nDET polygons: 3\nMatch GT #0 with Det #0\nMatch GT #1 with Det #1\nMatch GT #2 with Det #2\n"}