{"precision": 1.0, "recall": 1.0, "hmean": 1.0, "pairs": [{"gt": 0, "det": 2}, {"gt": 1, "det": 0}, {"gt": 2, "det": 1}, {"gt": 3, "det": 3}], "AP": 0, "iouMat": [[0.0, 0.0, 0.8543066189981477, 0.0], [0.9381855535439432, 0.0, 0.0, 0.0], [0.0, 0.7050691244239631, 0.0, 0.0558878526402579], [0.0, 0.0, 0.0, 0.5922854387656702]], "gtPolPoints": [[18, 4, 18, 15, 199, 15, 199, 3], [11, 27, 12, 96, 446, 98, 446, 27], [149, 429, 149, 438, 303, 438, 303, 429], [116, 440, 116, 448, 337, 448, 337, 440]], "detPolPoints": [[17, 26, 436, 26, 436, 98, 17, 98], [140, 427, 302, 427, 302, 439, 140, 439], [32, 3, 198, 2, 198, 15, 32, 15], [114, 439, 311, 435, 311, 447, 115, 451]], "gtDontCare": [], "detDontCare": [], "evaluationParams": {"IOU_CONSTRAINT": 0.5, "AREA_PRECISION_CONSTRAINT": 0.5, "GT_SAMPLE_NAME_2_ID": "", "DET_SAMPLE_NAME_2_ID": "", "LTRB": false, "CRLF": false, "CONFIDENCES": false, "PER_SAMPLE_RESULTS": true}, "evaluationLog": "GT polygons: 4\nDET polygons: 4\nMatch GT #0 with Det #2\nMatch GT #1 with Det #0\nMatch GT #2 with Det #1\nMatch GT #3 with Det #3\n"}