{"precision": 1.0, "recall": 1.0, "hmean": 1.0, "pairs": [{"gt": 0, "det": 0}, {"gt": 1, "det": 2}, {"gt": 2, "det": 1}], "AP": 0, "iouMat": [[0.9059030718801293, 0.0, 0.0], [0.0, 0.0, 0.9276098552197104], [0.0, 0.9627028817489235, 0.0], [0.0, 0.0, 0.0], [0.0, 0.0, 0.0], [0.0, 0.0, 0.0], [0.0, 0.0, 0.0]], "gtPolPoints": [[280, 231, 280, 271, 19, 271, 19, 231], [735, 78, 735, 120, 912, 120, 912, 78], [737, 21, 737, 63, 910, 63, 910, 21], [567, 321, 567, 333, 535, 333, 535, 321], [519, 321, 519, 335, 485, 335, 485, 321], [520, 313, 520, 345, 540, 345, 540, 313], [223, 647, 223, 665, 224, 665, 224, 647]], "detPolPoints": [[17, 232, 278, 230, 278, 273, 17, 275], [736, 20, 910, 20, 910, 63, 737, 64], [735, 76, 911, 75, 911, 119, 735, 120]], "gtDontCare": [3, 4, 5, 6], "detDontCare": [], "evaluationParams": {"IOU_CONSTRAINT": 0.5, "AREA_PRECISION_CONSTRAINT": 0.5, "GT_SAMPLE_NAME_2_ID": "", "DET_SAMPLE_NAME_2_ID": "", "LTRB": false, "CRLF": false, "CONFIDENCES": false, "PER_SAMPLE_RESULTS": true}, "evaluationLog": "GT polygons: 7 (4 don't care)\nDET polygons: 3\nMatch GT #0 with Det #0\nMatch GT #1 with Det #2\nMatch GT #2 with Det #1\n"}