{"precision": 0.5714285714285714, "recall": 0.36363636363636365, "hmean": 0.4444444444444444, "pairs": [{"gt": 5, "det": 4}, {"gt": 8, "det": 6}, {"gt": 9, "det": 5}, {"gt": 13, "det": 1}], "AP": 0, "iouMat": [[0.22807017543859648, 0.0, 0.0, 0.0, 0.0, 0.0, 0.0, 0.0], [0.10020155485171321, 0.0, 0.0, 0.0, 0.0, 0.0, 0.0, 0.0], [0.11382113821138211, 0.0, 0.0, 0.0, 0.0, 0.0, 0.0, 0.0], [0.4060303077644118, 0.0, 0.0, 0.0, 0.0, 0.0, 0.0, 0.0], [0.0, 0.0, 0.0, 0.0, 0.0, 0.0, 0.0, 0.713962681826045], [0.0, 0.0, 0.0, 0.0, 0.7649742429693533, 0.0, 0.0, 0.0], [0.0, 0.0, 0.0, 0.0, 0.0, 0.0, 0.0, 0.0], [0.0, 0.0, 0.3431659845552908, 0.0, 0.0, 0.0, 0.0, 0.0], [0.0, 0.0, 0.0, 0.0, 0.0, 0.0, 0.6835278566851848, 0.0], [0.0, 0.0, 0.0, 0.0, 0.0, 0.7969531858111866, 0.0, 0.0], [0.0, 0.0, 0.0, 0.3118958197287658, 0.0, 0.0, 0.0, 0.0], [0.0, 0.0, 0.0, 0.11809913288994255, 0.0, 0.0, 0.0, 0.0], [0.0, 0.0, 0.0, 0.3928913324979528, 0.0, 0.0, 0.0, 0.0], [0.0, 0.931770363691013, 0.0, 0.0, 0.0, 0.0, 0.0, 0.0], [0.0, 0.0, 0.0, 0.0, 0.0017744132448801466, 0.0533624328472754, 0.0012486713286713048, 0.0], [0.0, 0.0, 0.297495232001769, 0.0, 0.0, 0.0, 0.0, 0.0]], "gtPolPoints": [[526, 356, 526, 370, 600, 370, 600, 356], [601, 357, 601, 370, 630, 370, 630, 357], [634, 355, 634, 369, 662, 369, 662, 355], [666, 356, 665, 369, 796, 369, 794, 357], [265, 307, 267, 326, 291, 317, 286, 301], [292, 292, 297, 317, 334, 314, 333, 293], [337, 286, 338, 298, 348, 295, 345, 273], [353, 264, 358, 290, 400, 284, 403, 261], [302, 334, 308, 344, 329, 337, 325, 322], [390, 318, 389, 301, 348, 301, 351, 321], [308, 430, 316, 448, 350, 440, 346, 423], [350, 419, 352, 438, 366, 437, 364, 416], [369, 414, 372, 434, 420, 431, 416, 408], [602, 390, 602, 416, 729, 416, 729, 390], [331, 330, 330, 314, 348, 304, 348, 323], [405, 264, 401, 285, 444, 296, 449, 276]], "detPolPoints": [[536, 355, 782, 355, 782, 369, 536, 369], [601, 391, 726, 391, 726, 416, 601, 416], [350, 262, 454, 265, 453, 295, 350, 293], [307, 431, 416, 406, 421, 425, 311, 449], [290, 294, 334, 288, 338, 311, 293, 318], [343, 301, 392, 301, 392, 319, 344, 319], [300, 333, 327, 320, 334, 334, 307, 347], [260, 309, 288, 299, 294, 318, 267, 328]], "gtDontCare": [2, 3, 4, 6, 14], "detDontCare": [7], "evaluationParams": {"IOU_CONSTRAINT": 0.5, "AREA_PRECISION_CONSTRAINT": 0.5, "GT_SAMPLE_NAME_2_ID": "", "DET_SAMPLE_NAME_2_ID": "", "LTRB": false, "CRLF": false, "CONFIDENCES": false, "PER_SAMPLE_RESULTS": true}, "evaluationLog": "GT polygons: 16 (5 don't care)\nDET polygons: 8 (1 don't care)\nMatch GT #5 with Det #4\nMatch GT #8 with Det #6\nMatch GT #9 with Det #5\nMatch GT #13 with Det #1\n"}