{"precision": 1.0, "recall": 0.8, "hmean": 0.888888888888889, "pairs": [{"gt": 0, "det": 3}, {"gt": 2, "det": 2}, {"gt": 3, "det": 1}, {"gt": 4, "det": 0}], "AP": 0, "iouMat": [[0.0, 0.0, 0.0, 0.5399176954732511], [0.0, 0.0, 0.0, 0.0129136400322841], [0.0, 0.0, 0.8779242350179205, 0.0], [0.0, 0.9277581468394189, 0.0, 0.0], [0.9132115396327084, 0.0, 0.0, 0.0], [0.0, 0.0, 0.0, 0.0]], "gtPolPoints": [[382, 71, 382, 79, 341, 79, 341, 71], [358, 80, 358, 85, 362, 85, 362, 80], [414, 195, 414, 263, 478, 263, 478, 195], [19, 667, 19, 735, 297, 735, 297, 667], [443, 665, 443, 737, 723, 737, 723, 665], [314, 651, 314, 749, 416, 749, 416, 651]], "detPolPoints": [[433, 663, 722, 662, 723, 738, 433, 739], [15, 664, 298, 664, 298, 736, 15, 736], [410, 195, 475, 194, 475, 261, 411, 262], [339, 68, 384, 69, 384, 82, 339, 82]], "gtDontCare": [1], "detDontCare": [], "evaluationParams": {"IOU_CONSTRAINT": 0.5, "AREA_PRECISION_CONSTRAINT": 0.5, "GT_SAMPLE_NAME_2_ID": "", "DET_SAMPLE_NAME_2_ID": "", "LTRB": false, "CRLF": false, "CONFIDENCES": false, "PER_SAMPLE_RESULTS": true}, "evaluationLog": "GT polygons: 6 (1 don't care)\nDET polygons: 4\nMatch GT #0 with Det #3\nMatch GT #2 with Det #2\nMatch GT #3 with Det #1\nMatch GT #4 with Det #0\n"}