{"precision": 1.0, "recall": 1.0, "hmean": 1.0, "pairs": [{"gt": 0, "det": 1}, {"gt": 1, "det": 3}, {"gt": 2, "det": 2}, {"gt": 3, "det": 0}], "AP": 0, "iouMat": [[0.0, 0.7925519714574507, 0.0, 0.0], [0.0, 0.0, 0.0, 0.7625225225225225], [0.0, 0.0, 0.8320610687022901, 0.0], [0.6060815139717116, 0.0, 0.0, 0.0], [0.0, 0.0, 0.0, 0.0], [0.0, 0.0, 0.0, 0.0]], "gtPolPoints": [[191, 295, 191, 335, 586, 335, 586, 295], [419, 345, 419, 368, 465, 368, 465, 345], [476, 344, 476, 368, 586, 368, 586, 344], [43, 450, 43, 472, 515, 472, 515, 450], [462, 227, 463, 258, 519, 262, 507, 236], [24, 287, 24, 304, 41, 304, 44, 287]], "detPolPoints": [[59, 443, 487, 439, 487, 473, 60, 477], [195, 302, 583, 301, 583, 336, 196, 337], [465, 343, 585, 343, 585, 369, 465, 369], [419, 344, 474, 344, 474, 369, 418, 369]], "gtDontCare": [4, 5], "detDontCare": [], "evaluationParams": {"IOU_CONSTRAINT": 0.5, "AREA_PRECISION_CONSTRAINT": 0.5, "GT_SAMPLE_NAME_2_ID": "", "DET_SAMPLE_NAME_2_ID": "", "LTRB": false, "CRLF": false, "CONFIDENCES": false, "PER_SAMPLE_RESULTS": true}, "evaluationLog": "GT polygons: 6 (2 don't care)\nDET polygons: 4\nMatch GT #0 with Det #1\nMatch GT #1 with Det #3\nMatch GT #2 with Det #2\nMatch GT #3 with Det #0\n"}