{"precision": 0.75, "recall": 0.42857142857142855, "hmean": 0.5454545454545454, "pairs": [{"gt": 0, "det": 4}, {"gt": 1, "det": 3}, {"gt": 14, "det": 5}], "AP": 0, "iouMat": [[0.0, 0.0, 0.0, 0.0, 0.9391411801050356, 0.0, 0.0, 0.0], [0.0, 0.0, 0.0, 0.9152337858220211, 0.0, 0.0, 0.0, 0.0], [0.0, 0.0, 0.0, 0.0, 0.0, 0.0, 0.0, 0.0], [0.0, 0.0, 0.0, 0.0, 0.0, 0.0, 0.0, 0.0], [0.0, 0.0, 0.0, 0.0, 0.0, 0.0, 0.0, 0.0], [0.0, 0.0, 0.0, 0.0, 0.0, 0.0, 0.0, 0.0], [0.0, 0.0, 0.0, 0.0, 0.0, 0.0, 0.0, 0.0], [0.0, 0.0, 0.0, 0.0, 0.0, 0.0, 0.0, 0.0], [0.0, 0.0, 0.0, 0.0, 0.0, 0.0, 0.0, 0.0], [0.0, 0.0, 0.0, 0.0, 0.0, 0.0, 0.0, 0.0], [0.0, 0.0, 0.0, 0.0, 0.0, 0.0, 0.0, 0.0], [0.0, 0.0, 0.0, 0.0, 0.0, 0.0, 0.0, 0.0], [0.0, 0.0, 0.0, 0.0, 0.0, 0.0, 0.0, 0.0], [0.0, 0.0, 0.0, 0.0, 0.0, 0.0, 0.0, 0.8148148148148148], [0.0, 0.0, 0.0, 0.0, 0.0, 0.8762642027718817, 0.0, 0.0], [0.0, 0.0, 0.0, 0.0, 0.0, 0.0, 0.0, 0.003234976963042839], [0.0, 0.0, 0.4737442922374429, 0.0, 0.0, 0.0, 0.24477918521054434, 0.0], [0.0, 0.4286034521407756, 0.0, 0.0, 0.0, 0.0, 0.0, 0.0], [0.6560844514906616, 0.0, 0.0, 0.0, 0.0, 0.0, 0.0, 0.0], [0.0, 0.0, 0.0, 0.0, 0.0, 0.0, 0.0, 0.0], [0.0, 0.0, 0.0, 0.0, 0.0, 0.0, 0.0, 0.0], [0.0, 0.0, 0.0, 0.0, 0.0, 0.0, 0.0, 0.0], [0.0, 0.0, 0.0, 0.0, 0.0, 0.0, 0.0, 0.0], [0.0, 0.0, 0.0, 0.0, 0.0, 0.0, 0.0, 0.0], [0.0, 0.0, 0.0, 0.0, 0.0, 0.0, 0.0, 0.0], [0.0, 0.0, 0.0, 0.0, 0.0, 0.0, 0.0, 0.0], [0.0, 0.0, 0.0, 0.0, 0.0, 0.0, 0.0, 0.0], [0.0, 0.0, 0.0, 0.0, 0.0, 0.0, 0.0, 0.0], [0.0, 0.0, 0.0, 0.0, 0.0, 0.0, 0.0, 0.0], [0.0, 0.0, 0.0, 0.0, 0.0, 0.0, 0.0, 0.0], [0.0, 0.0, 0.0, 0.0, 0.0, 0.0, 0.0, 0.0]], "gtPolPoints": [[30, 28, 30, 66, 110, 66, 110, 28], [29, 69, 29, 106, 111, 106, 111, 69], [105, 238, 100, 249, 164, 251, 164, 237], [220, 234, 220, 243, 563, 243, 563, 234], [297, 244, 297, 249, 479, 249, 479, 244], [570, 253, 570, 260, 206, 260, 206, 253], [295, 260, 295, 265, 487, 265, 487, 260], [710, 255, 710, 258, 595, 258, 595, 255], [615, 249, 615, 253, 683, 253, 683, 249], [614, 235, 615, 249, 677, 249, 671, 237], [71, 257, 71, 259, 187, 259, 187, 257], [93, 253, 93, 256, 165, 256, 165, 253], [70, 392, 70, 400, 196, 400, 196, 392], [92, 377, 92, 388, 172, 388, 172, 377], [94, 315, 95, 363, 167, 363, 164, 312], [167, 315, 167, 409, 591, 409, 591, 315], [639, 469, 639, 499, 147, 499, 147, 469], [516, 525, 516, 541, 276, 541, 276, 525], [614, 560, 614, 572, 173, 572, 173, 560], [618, 385, 611, 390, 626, 406, 633, 399], [606, 366, 610, 387, 619, 385, 614, 363], [612, 338, 605, 363, 615, 363, 621, 342], [633, 317, 639, 325, 620, 342, 614, 336], [672, 309, 671, 319, 641, 323, 637, 314], [674, 309, 674, 319, 700, 333, 705, 324], [706, 329, 713, 336, 705, 339, 700, 334], [714, 338, 717, 352, 709, 353, 706, 341], [709, 354, 709, 370, 717, 370, 717, 354], [717, 370, 712, 386, 705, 383, 708, 371], [704, 383, 710, 388, 694, 409, 687, 400], [447, 431, 447, 444, 460, 445, 459, 431]], "detPolPoints": [[218, 558, 579, 556, 579, 571, 218, 573], [271, 511, 515, 512, 515, 548, 271, 548], [141, 462, 479, 462, 479, 510, 141, 510], [27, 69, 112, 69, 112, 108, 27, 108], [27, 28, 110, 28, 110, 67, 27, 67], [92, 311, 166, 311, 166, 365, 92, 365], [496, 459, 643, 460, 643, 508, 496, 507], [88, 376, 178, 376, 178, 388, 88, 388]], "gtDontCare": [3, 4, 5, 6, 7, 8, 10, 11, 12, 13, 16, 17, 18, 19, 20, 21, 22, 23, 24, 25, 26, 27, 28, 29], "detDontCare": [0, 2, 6, 7], "evaluationParams": {"IOU_CONSTRAINT": 0.5, "AREA_PRECISION_CONSTRAINT": 0.5, "GT_SAMPLE_NAME_2_ID": "", "DET_SAMPLE_NAME_2_ID": "", "LTRB": false, "CRLF": false, "CONFIDENCES": false, "PER_SAMPLE_RESULTS": true}, "evaluationLog": "GT polygons: 31 (24 don't care)\nDET polygons: 8 (4 don't care)\nMatch GT #0 with Det #4\nMatch GT #1 with Det #3\nMatch GT #14 with Det #5\n"}