{"precision": 1.0, "recall": 1.0, "hmean": 1.0, "pairs": [{"gt": 3, "det": 0}, {"gt": 4, "det": 1}], "AP": 0, "iouMat": [[0.0, 0.0, 0.0, 0.0, 0.8059702007780477], [0.0, 0.0, 0.0, 0.6894438486287728, 0.0], [0.0, 0.0, 0.49009261702098134, 0.0, 0.0], [0.7950167823159228, 0.11674273662372016, 0.0, 0.0, 0.0], [0.013707754641868745, 0.7949637614595237, 0.0, 0.0, 0.0], [0.0, 0.0, 0.0, 0.0, 0.0]], "gtPolPoints": [[113, 157, 113, 387, 133, 387, 133, 157], [161, 168, 161, 432, 179, 432, 179, 168], [205, 147, 205, 501, 223, 501, 223, 147], [225, 3, 232, 72, 19, 120, 12, 75], [37, 150, 27, 112, 230, 61, 232, 131], [162, 529, 162, 541, 176, 541, 176, 529]], "detPolPoints": [[10, 65, 219, 8, 233, 60, 24, 116], [23, 98, 227, 70, 234, 122, 30, 150], [204, 144, 222, 144, 219, 372, 200, 372], [154, 167, 179, 167, 180, 418, 155, 418], [111, 168, 134, 167, 137, 392, 114, 392]], "gtDontCare": [0, 1, 2, 5], "detDontCare": [2, 3, 4], "evaluationParams": {"IOU_CONSTRAINT": 0.5, "AREA_PRECISION_CONSTRAINT": 0.5, "GT_SAMPLE_NAME_2_ID": "", "DET_SAMPLE_NAME_2_ID": "", "LTRB": false, "CRLF": false, "CONFIDENCES": false, "PER_SAMPLE_RESULTS": true}, "evaluationLog": "GT polygons: 6 (4 don't care)\nDET polygons: 5 (3 don't care)\nMatch GT #3 with Det #0\nMatch GT #4 with Det #1\n"}