{"precision": 0.75, "recall": 0.6, "hmean": 0.6666666666666665, "pairs": [{"gt": 0, "det": 0}, {"gt": 1, "det": 2}, {"gt": 2, "det": 1}], "AP": 0, "iouMat": [[0.8380931115328794, 0.0, 0.0, 0.0], [0.0, 0.0, 0.7659574468085106, 0.0], [0.0, 0.7977175751174184, 0.0, 0.0], [0.0, 0.0, 0.0, 0.2870109281258865], [0.0, 0.0, 0.0, 0.38410027522631845]], "gtPolPoints": [[53, 43, 53, 92, 467, 92, 467, 43], [735, 662, 735, 686, 852, 686, 852, 662], [735, 696, 735, 729, 1120, 729, 1120, 696], [531, 218, 523, 230, 564, 240, 566, 224], [566, 224, 573, 246, 621, 232, 614, 213]], "detPolPoints": [[63, 40, 446, 40, 446, 94, 63, 95], [713, 698, 1107, 697, 1108, 726, 713, 726], [734, 662, 875, 662, 875, 688, 734, 688], [524, 218, 612, 219, 612, 242, 523, 240]], "gtDontCare": [], "detDontCare": [], "evaluationParams": {"IOU_CONSTRAINT": 0.5, "AREA_PRECISION_CONSTRAINT": 0.5, "GT_SAMPLE_NAME_2_ID": "", "DET_SAMPLE_NAME_2_ID": "", "LTRB": false, "CRLF": false, "CONFIDENCES": false, "PER_SAMPLE_RESULTS": true}, "evaluationLog": "GT polygons: 5\nDET polygons: 4\nMatch GT #0 with Det #0\nMatch GT #1 with Det #2\nMatch GT #2 with Det #1\n"}