{"precision": 0.6, "recall": 0.5, "hmean": 0.5454545454545454, "pairs": [{"gt": 0, "det": 0}, {"gt": 2, "det": 3}, {"gt": 3, "det": 4}], "AP": 0, "iouMat": [[0.8833623097338046, 0.0, 6.108935525489059e-05, 0.0, 0.0], [0.0, 0.4982361842830313, 0.0, 0.0, 0.0], [0.0, 0.0, 0.0, 0.8978292508223579, 0.0], [0.0, 0.0, 0.1938305346524951, 0.0, 0.5288355114392044], [0.009758439918910242, 0.0, 0.43536274412294723, 0.056142668428005284, 0.0], [0.17228091255809244, 0.30814809836423335, 0.0, 0.0, 0.0]], "gtPolPoints": [[138, 714, 138, 773, 334, 773, 334, 714], [508, 728, 508, 786, 697, 786, 697, 728], [497, 661, 497, 720, 731, 720, 731, 661], [108, 633, 108, 691, 381, 691, 381, 633], [289, 680, 289, 714, 524, 714, 524, 680], [198, 737, 198, 762, 631, 762, 631, 737]], "detPolPoints": [[133, 709, 338, 710, 337, 773, 133, 772], [340, 723, 699, 728, 698, 784, 339, 779], [234, 657, 488, 660, 487, 716, 233, 713], [489, 662, 725, 661, 725, 722, 489, 723], [104, 632, 262, 634, 261, 696, 103, 694]], "gtDontCare": [], "detDontCare": [], "evaluationParams": {"IOU_CONSTRAINT": 0.5, "AREA_PRECISION_CONSTRAINT": 0.5, "GT_SAMPLE_NAME_2_ID": "", "DET_SAMPLE_NAME_2_ID": "", "LTRB": false, "CRLF": false, "CONFIDENCES": false, "PER_SAMPLE_RESULTS": true}, "evaluationLog": "GT polygons: 6\nDET polygons: 5\nMatch GT #0 with Det #0\nMatch GT #2 with Det #3\nMatch GT #3 with Det #4\n"}