{"precision": 0.8, "recall": 1.0, "hmean": 0.888888888888889, "pairs": [{"gt": 0, "det": 3}, {"gt": 1, "det": 2}, {"gt": 2, "det": 0}, {"gt": 3, "det": 7}], "AP": 0, "iouMat": [[0.0, 0.0, 0.0, 0.8870214752567693, 0.0, 0.0, 0.0, 0.0], [0.0, 0.0, 0.7463995668651868, 0.0, 0.0, 0.0, 0.0, 0.0], [0.6514132295351669, 0.327084361124815, 0.0, 0.0, 0.0, 0.0, 0.0, 0.0], [0.0, 0.0, 0.0, 0.0, 0.0, 0.0, 0.0, 0.7186732186732187], [0.0, 0.0, 0.0, 0.0, 0.0, 0.0, 0.0, 0.0], [0.0, 0.0, 0.0, 0.0, 0.0, 0.0, 0.0, 0.0], [0.0, 0.0, 0.0, 0.0, 0.0, 0.0, 0.0, 0.0], [0.0, 0.0, 0.0, 0.0, 0.0, 0.0, 0.0, 0.029137529137529136], [0.0, 0.0, 0.0, 0.0, 0.0, 0.0, 0.0, 0.0], [0.0, 0.0, 0.0, 0.0, 0.0, 0.0, 0.0, 0.025220680958385876], [0.0, 0.0, 0.0, 0.0, 0.31789381691064017, 0.32700892857142855, 0.27776541286445583, 0.0], [0.0, 0.0, 0.0, 0.0, 0.5507411630558723, 0.006180076023888597, 0.0, 0.0]], "gtPolPoints": [[151, 16, 151, 31, 218, 31, 218, 16], [218, 306, 218, 319, 280, 319, 280, 306], [28, 670, 28, 721, 695, 721, 695, 670], [470, 14, 470, 31, 509, 31, 509, 14], [486, 34, 486, 44, 543, 44, 543, 34], [537, 17, 537, 23, 548, 23, 548, 17], [551, 19, 551, 26, 558, 26, 558, 19], [511, 24, 511, 31, 532, 31, 532, 24], [535, 22, 535, 33, 558, 33, 558, 22], [512, 11, 512, 18, 523, 18, 523, 11], [214, 346, 214, 362, 494, 362, 494, 346], [313, 349, 313, 365, 386, 365, 386, 349]], "detPolPoints": [[252, 669, 697, 670, 697, 721, 252, 720], [30, 669, 251, 669, 251, 722, 30, 722], [215, 305, 279, 304, 279, 317, 215, 318], [151, 17, 216, 16, 217, 31, 151, 33], [317, 347, 414, 347, 414, 363, 317, 363], [385, 346, 493, 346, 493, 360, 384, 359], [213, 346, 310, 346, 310, 359, 213, 359], [470, 13, 516, 13, 516, 29, 470, 29]], "gtDontCare": [4, 5, 6, 7, 8, 9, 10, 11], "detDontCare": [4, 5, 6], "evaluationParams": {"IOU_CONSTRAINT": 0.5, "AREA_PRECISION_CONSTRAINT": 0.5, "GT_SAMPLE_NAME_2_ID": "", "DET_SAMPLE_NAME_2_ID": "", "LTRB": false, "CRLF": false, "CONFIDENCES": false, "PER_SAMPLE_RESULTS": true}, "evaluationLog": "GT polygons: 12 (8 don't care)\nDET polygons: 8 (3 don't care)\nMatch GT #0 with Det #3\nMatch GT #1 with Det #2\nMatch GT #2 with Det #0\nMatch GT #3 with Det #7\n"}