{"precision": 0.6666666666666666, "recall": 0.5714285714285714, "hmean": 0.6153846153846153, "pairs": [{"gt": 0, "det": 1}, {"gt": 3, "det": 4}, {"gt": 5, "det": 0}, {"gt": 7, "det": 3}], "AP": 0, "iouMat": [[0.0, 0.7771428571428571, 0.0, 0.0, 0.0, 0.0], [0.0, 0.0, 0.0, 0.0, 0.0, 0.14497581621328282], [0.0, 0.0, 0.015209090761771498, 0.0, 0.0, 0.43000477783086477], [0.0, 0.0, 0.0, 0.0, 0.6790648246546227, 0.01693337134914553], [0.0, 0.0, 0.005420879711798185, 0.0, 0.0, 0.0], [0.6573733052852, 0.0, 0.04168988595421617, 0.0897055643029148, 0.0, 0.0], [0.0, 0.0, 0.47689463955637706, 0.005632996995896988, 0.0, 0.022018348623853212], [0.07552322483219188, 0.009011908593498034, 0.0, 0.5284785865681885, 0.0, 0.022369344969405156]], "gtPolPoints": [[239, 699, 239, 678, 307, 678, 307, 699], [322, 693, 322, 683, 366, 683, 362, 693], [364, 702, 364, 692, 319, 692, 319, 702], [445, 693, 445, 684, 372, 684, 372, 693], [502, 698, 502, 675, 516, 675, 516, 698], [355, 727, 355, 705, 599, 705, 599, 727], [373, 704, 373, 697, 502, 697, 502, 704], [241, 721, 241, 701, 332, 701, 332, 721]], "detPolPoints": [[298, 706, 575, 705, 575, 724, 299, 726], [236, 677, 311, 677, 311, 701, 236, 702], [358, 696, 504, 692, 504, 705, 359, 709], [239, 702, 394, 703, 394, 723, 239, 722], [373, 681, 444, 680, 444, 693, 373, 694], [312, 688, 379, 689, 379, 704, 311, 704]], "gtDontCare": [6], "detDontCare": [], "evaluationParams": {"IOU_CONSTRAINT": 0.5, "AREA_PRECISION_CONSTRAINT": 0.5, "GT_SAMPLE_NAME_2_ID": "", "DET_SAMPLE_NAME_2_ID": "", "LTRB": false, "CRLF": false, "CONFIDENCES": false, "PER_SAMPLE_RESULTS": true}, "evaluationLog": "GT polygons: 8 (1 don't care)\nDET polygons: 6\nMatch GT #0 with Det #1\nMatch GT #3 with Det #4\nMatch GT #5 with Det #0\nMatch GT #7 with Det #3\n"}