{"precision": 0.6, "recall": 0.25, "hmean": 0.35294117647058826, "pairs": [{"gt": 0, "det": 1}, {"gt": 1, "det": 0}, {"gt": 2, "det": 2}], "AP": 0, "iouMat": [[0.0, 0.8100201748486886, 0.0, 0.0, 0.0], [0.8573670171034062, 0.0, 0.0, 0.0, 0.0], [0.0, 0.0, 0.684981684981685, 0.09906477312088674, 0.07823960880195596], [0.0, 0.0, 0.0, 0.4186046511627907, 0.09724030532792126], [0.0, 0.0, 0.0, 0.0, 0.2444174202412848], [0.0, 0.0, 0.0, 0.0, 0.1932367149758454], [0.0, 0.0, 0.0, 0.0, 0.0], [0.0, 0.0, 0.0, 0.0, 0.0], [0.0, 0.0, 0.0, 0.0, 0.0], [0.0, 0.0, 0.0, 0.0, 0.0], [0.0, 0.0, 0.0, 0.0, 0.0], [0.0, 0.0, 0.0, 0.0, 0.0], [0.0, 0.0, 0.0, 0.0, 0.0], [0.0, 0.0, 0.0, 0.0, 0.0], [0.0, 0.0, 0.0, 0.0, 0.0], [0.0, 0.0, 0.0, 0.0, 0.0], [0.0, 0.0, 0.0, 0.0, 0.0], [0.0, 0.0, 0.0, 0.0, 0.0], [0.0, 0.0, 0.0, 0.0, 0.0], [0.0, 0.0, 0.0, 0.0, 0.0], [0.0, 0.0, 0.0, 0.0, 0.0], [0.0, 0.0, 0.0, 0.0, 0.0], [0.0, 0.0, 0.0, 0.0, 0.0]], "gtPolPoints": [[163, 219, 163, 237, 236, 237, 236, 219], [394, 449, 394, 468, 466, 468, 466, 449], [91, 266, 91, 277, 159, 277, 159, 266], [170, 266, 170, 275, 209, 275, 209, 266], [171, 278, 171, 287, 212, 287, 212, 278], [68, 278, 68, 286, 167, 286, 167, 278], [220, 250, 217, 258, 241, 269, 244, 260], [468, 237, 468, 244, 376, 244, 376, 237], [378, 24, 378, 31, 401, 31, 401, 24], [372, 25, 373, 33, 323, 45, 320, 38], [317, 39, 320, 44, 293, 56, 290, 49], [284, 55, 287, 59, 258, 73, 255, 69], [126, 23, 126, 29, 151, 29, 151, 23], [117, 24, 122, 30, 84, 44, 80, 36], [77, 36, 81, 43, 40, 62, 37, 56], [33, 62, 34, 66, 25, 72, 24, 64], [262, 303, 263, 310, 291, 294, 288, 289], [294, 283, 296, 291, 337, 276, 336, 267], [338, 265, 341, 275, 377, 263, 376, 256], [381, 254, 381, 262, 408, 260, 407, 252], [413, 251, 413, 257, 443, 257, 443, 251], [422, 275, 423, 278, 439, 276, 438, 272], [409, 24, 409, 30, 436, 30, 436, 24]], "detPolPoints": [[391, 449, 466, 447, 467, 466, 391, 468], [161, 218, 237, 217, 238, 235, 161, 236], [86, 264, 164, 263, 164, 277, 86, 278], [146, 264, 210, 264, 211, 277, 146, 277], [127, 273, 211, 271, 212, 285, 127, 287]], "gtDontCare": [7, 10, 11, 12, 14, 15, 16, 17, 20, 21, 22], "detDontCare": [], "evaluationParams": {"IOU_CONSTRAINT": 0.5, "AREA_PRECISION_CONSTRAINT": 0.5, "GT_SAMPLE_NAME_2_ID": "", "DET_SAMPLE_NAME_2_ID": "", "LTRB": false, "CRLF": false, "CONFIDENCES": false, "PER_SAMPLE_RESULTS": true}, "evaluationLog": "GT polygons: 23 (11 don't care)\nDET polygons: 5\nMatch GT #0 with Det #1\nMatch GT #1 with Det #0\nMatch GT #2 with Det #2\n"}