{"precision": 0.6, "recall": 0.6, "hmean": 0.6, "pairs": [{"gt": 0, "det": 3}, {"gt": 2, "det": 2}, {"gt": 6, "det": 0}], "AP": 0, "iouMat": [[0.0, 0.0, 0.0, 0.6437764997778784, 0.0], [0.0, 0.0, 0.0, 0.0, 0.0], [0.0, 0.0, 0.7160107425697558, 0.0, 0.002430263061554559], [0.0, 0.0, 0.0, 0.0, 0.37176799440950387], [0.0, 0.0, 0.0, 0.0, 0.0], [0.0, 0.0, 0.0, 0.0, 0.0], [0.8566983916511236, 0.0, 0.0, 0.0, 0.0], [0.0, 0.2994616869560557, 0.0, 0.0, 0.0]], "gtPolPoints": [[109, 148, 110, 159, 166, 162, 167, 151], [114, 362, 114, 369, 150, 370, 151, 362], [420, 281, 418, 297, 339, 289, 340, 273], [402, 300, 400, 306, 357, 302, 359, 296], [144, 371, 143, 375, 123, 374, 123, 371], [153, 165, 153, 169, 123, 167, 124, 164], [111, 5, 105, 73, 32, 75, 43, 4], [495, 339, 496, 374, 379, 496, 337, 496]], "detPolPoints": [[33, 4, 114, 4, 114, 74, 33, 74], [389, 395, 468, 390, 469, 454, 389, 458], [339, 271, 420, 274, 420, 295, 338, 292], [108, 145, 166, 145, 166, 161, 107, 161], [353, 293, 406, 295, 406, 309, 353, 306]], "gtDontCare": [3, 4, 5], "detDontCare": [], "evaluationParams": {"IOU_CONSTRAINT": 0.5, "AREA_PRECISION_CONSTRAINT": 0.5, "GT_SAMPLE_NAME_2_ID": "", "DET_SAMPLE_NAME_2_ID": "", "LTRB": false, "CRLF": false, "CONFIDENCES": false, "PER_SAMPLE_RESULTS": true}, "evaluationLog": "GT polygons: 8 (3 don't care)\nDET polygons: 5\nMatch GT #0 with Det #3\nMatch GT #2 with Det #2\nMatch GT #6 with Det #0\n"}