{"precision": 0.16666666666666666, "recall": 0.6666666666666666, "hmean": 0.26666666666666666, "pairs": [{"gt": 0, "det": 0}, {"gt": 1, "det": 3}], "AP": 0, "iouMat": [[0.8985626653400649, 0.0, 0.0, 0.0, 0.0, 0.0, 0.0, 0.0, 0.0, 0.0, 0.0, 0.0, 0.0, 0.0, 0.0, 0.0, 0.0], [0.0, 0.0, 0.0, 0.507652108995894, 0.0, 0.0, 0.0, 0.4067539366344147, 0.0, 0.0, 0.0, 0.0, 0.0, 0.0, 0.0, 0.0, 0.0], [0.0, 0.0, 0.0, 0.0, 0.0, 0.0, 0.0, 0.0, 0.0, 0.0, 0.0, 0.0, 0.0, 0.0, 0.0, 0.0, 0.0], [0.0, 0.7150975038461006, 0.0, 0.0, 0.0, 0.0, 0.0, 0.0, 0.0, 0.0, 0.0, 0.0, 0.0, 0.0, 0.0, 0.0, 0.0], [0.0, 0.0, 0.0, 0.0, 0.0, 0.0, 0.0, 0.0, 0.0, 0.2229965156794425, 0.16206261510128914, 0.18907120276983283, 0.15198618307426598, 0.0, 0.0, 0.0, 0.0], [0.0, 0.0, 0.0, 0.0, 0.0, 0.3300981255343276, 0.31634871868115433, 0.0, 0.0, 0.0, 0.0, 0.0, 0.0, 0.0, 0.0, 0.0, 0.2722858534889212], [0.0, 0.0, 0.0, 0.0, 0.0, 0.0, 0.0, 0.0, 0.0, 0.0, 0.0, 0.0, 0.0, 0.36151842203200624, 0.0, 0.20454545454545456, 0.0], [0.0, 0.0, 0.0, 0.0, 0.40767597864966965, 0.0, 0.0, 0.0, 0.2804023445444964, 0.0, 0.0, 0.0, 0.0, 0.0, 0.0, 0.0, 0.0], [0.0, 0.0, 0.3113282985339849, 0.0, 0.0, 0.0, 0.0, 0.0, 0.0, 0.0, 0.0, 0.0, 0.0, 0.0, 0.0, 0.0, 0.0], [0.0, 0.0, 0.0, 0.0, 0.0, 0.0, 0.0, 0.0, 0.0, 0.0, 0.0, 0.0, 0.0, 0.0, 0.48104575163398694, 0.0, 0.0]], "gtPolPoints": [[2, 65, 2, 110, 164, 110, 164, 65], [4, 12, 4, 44, 164, 44, 164, 12], [400, 36, 400, 41, 427, 41, 427, 36], [418, 540, 418, 565, 568, 565, 568, 540], [380, 589, 380, 597, 591, 597, 591, 589], [406, 614, 410, 636, 591, 632, 588, 613], [427, 649, 427, 658, 591, 658, 591, 649], [435, 682, 435, 694, 548, 694, 548, 682], [394, 718, 394, 730, 540, 730, 540, 718], [548, 718, 548, 734, 594, 734, 594, 718]], "detPolPoints": [[0, 63, 167, 63, 167, 109, 0, 108], [420, 539, 567, 538, 568, 573, 420, 573], [386, 702, 544, 703, 544, 739, 385, 737], [79, 11, 166, 11, 166, 45, 79, 45], [484, 674, 551, 678, 549, 698, 483, 693], [405, 613, 467, 613, 467, 635, 405, 636], [525, 611, 588, 611, 588, 633, 525, 633], [3, 11, 71, 11, 71, 45, 4, 45], [433, 675, 480, 676, 480, 693, 432, 692], [476, 580, 540, 581, 540, 598, 476, 598], [547, 580, 591, 580, 591, 599, 547, 599], [422, 581, 475, 581, 475, 599, 423, 599], [375, 579, 424, 579, 424, 599, 375, 599], [481, 646, 549, 647, 548, 659, 481, 658], [546, 707, 597, 707, 597, 737, 546, 737], [555, 647, 591, 647, 591, 659, 555, 659], [471, 613, 521, 612, 522, 634, 471, 634]], "gtDontCare": [2, 3, 4, 6, 7, 8, 9], "detDontCare": [1, 4, 8, 13, 15], "evaluationParams": {"IOU_CONSTRAINT": 0.5, "AREA_PRECISION_CONSTRAINT": 0.5, "GT_SAMPLE_NAME_2_ID": "", "DET_SAMPLE_NAME_2_ID": "", "LTRB": false, "CRLF": false, "CONFIDENCES": false, "PER_SAMPLE_RESULTS": true}, "evaluationLog": "GT polygons: 10 (7 don't care)\nDET polygons: 17 (5 don't care)\nMatch GT #0 with Det #0\nMatch GT #1 with Det #3\n"}