{"precision": 0.6666666666666666, "recall": 1.0, "hmean": 0.8, "pairs": [{"gt": 0, "det": 0}, {"gt": 1, "det": 2}, {"gt": 2, "det": 1}, {"gt": 3, "det": 3}], "AP": 0, "iouMat": [[0.7432052109461806, 0.0, 0.0, 0.0, 0.0, 0.0], [0.0, 0.0, 0.8682795698924731, 0.0, 0.0, 0.0], [0.0, 0.8979922085705728, 0.0, 0.0, 0.0, 0.0], [0.0, 0.0, 0.0, 0.5452539528617961, 0.3003749810743964, 0.12783195071071654], [0.0, 0.0, 0.0, 0.0, 0.0, 0.0], [0.0, 0.0, 0.0, 0.0, 0.0, 0.0], [0.0, 0.0, 0.0, 0.0, 0.0, 0.0]], "gtPolPoints": [[54, 33, 53, 72, 257, 72, 257, 34], [165, 75, 165, 106, 255, 106, 255, 75], [505, 531, 507, 561, 590, 562, 591, 534], [474, 577, 476, 610, 623, 612, 621, 575], [307, 277, 292, 299, 349, 332, 364, 312], [285, 305, 281, 313, 329, 342, 338, 330], [271, 322, 305, 342, 310, 333, 281, 316]], "detPolPoints": [[23, 35, 247, 35, 247, 75, 23, 75], [504, 531, 592, 531, 592, 561, 504, 561], [166, 77, 251, 77, 251, 106, 166, 105], [507, 575, 594, 574, 594, 609, 507, 609], [574, 579, 621, 579, 621, 612, 573, 612], [475, 581, 498, 581, 498, 610, 475, 610]], "gtDontCare": [4, 5, 6], "detDontCare": [], "evaluationParams": {"IOU_CONSTRAINT": 0.5, "AREA_PRECISION_CONSTRAINT": 0.5, "GT_SAMPLE_NAME_2_ID": "", "DET_SAMPLE_NAME_2_ID": "", "LTRB": false, "CRLF": false, "CONFIDENCES": false, "PER_SAMPLE_RESULTS": true}, "evaluationLog": "GT polygons: 7 (3 don't care)\nDET polygons: 6\nMatch GT #0 with Det #0\nMatch GT #1 with Det #2\nMatch GT #2 with Det #1\nMatch GT #3 with Det #3\n"}