{"precision": 0.6666666666666666, "recall": 0.6666666666666666, "hmean": 0.6666666666666666, "pairs": [{"gt": 1, "det": 3}, {"gt": 2, "det": 5}, {"gt": 3, "det": 1}, {"gt": 4, "det": 0}], "AP": 0, "iouMat": [[0.0, 0.0, 0.0, 0.006146487488485063, 0.0, 0.0], [0.0, 0.0, 0.0, 0.5606541672368959, 0.0, 0.004167559715177067], [0.0, 0.0, 0.0, 0.00338527628635326, 0.0, 0.7398047099368179], [0.0540937876960193, 0.5306603773584906, 0.0, 0.0, 0.233704974271012, 0.0], [0.6401429646350639, 0.0, 0.0, 0.0, 0.0, 0.0], [0.20700739367624174, 0.17171900526411327, 0.0, 0.0, 0.0, 0.0], [0.0, 0.008902489915148143, 0.4544576158476168, 0.062024276708191675, 0.0984922373407096, 0.040293682014365576]], "gtPolPoints": [[666, 802, 666, 1026, 777, 1026, 777, 802], [784, 864, 784, 1090, 888, 1090, 888, 864], [873, 759, 873, 872, 903, 872, 903, 759], [933, 770, 933, 1122, 986, 1122, 986, 770], [1012, 902, 1012, 949, 1185, 949, 1185, 902], [935, 904, 935, 947, 1005, 947, 1005, 904], [803, 821, 796, 898, 1187, 898, 1191, 821]], "detPolPoints": [[951, 908, 1178, 907, 1178, 948, 951, 949], [938, 890, 982, 890, 982, 1115, 938, 1115], [1000, 823, 1185, 823, 1185, 900, 1001, 901], [772, 871, 882, 865, 889, 1001, 779, 1007], [942, 793, 982, 793, 982, 902, 942, 902], [878, 760, 901, 760, 902, 876, 879, 876]], "gtDontCare": [5], "detDontCare": [], "evaluationParams": {"IOU_CONSTRAINT": 0.5, "AREA_PRECISION_CONSTRAINT": 0.5, "GT_SAMPLE_NAME_2_ID": "", "DET_SAMPLE_NAME_2_ID": "", "LTRB": false, "CRLF": false, "CONFIDENCES": false, "PER_SAMPLE_RESULTS": true}, "evaluationLog": "GT polygons: 7 (1 don't care)\nDET polygons: 6\nMatch GT #1 with Det #3\nMatch GT #2 with Det #5\nMatch GT #3 with Det #1\nMatch GT #4 with Det #0\n"}