{"precision": 0.8, "recall": 0.6666666666666666, "hmean": 0.7272727272727272, "pairs": [{"gt": 0, "det": 0}, {"gt": 2, "det": 4}, {"gt": 3, "det": 2}, {"gt": 5, "det": 3}], "AP": 0, "iouMat": [[0.9565762658723937, 0.0, 0.0, 0.0, 0.0, 0.0], [0.0, 0.9587940834185736, 0.0, 0.0, 0.0, 0.0], [0.0, 0.0, 0.0, 0.0, 0.8238636363636364, 0.0], [0.0, 0.0, 0.8473703567488047, 0.0, 0.0, 0.0], [0.0, 0.0, 0.0, 0.0, 0.0, 0.3888888888888889], [0.0, 0.0, 0.0, 0.5491124260355029, 0.0, 0.06334841628959276], [0.0, 0.0, 0.0, 0.0, 0.0, 0.0], [0.0, 0.0, 0.0, 0.0, 0.0, 0.0], [0.0, 0.0, 0.0, 0.0, 0.0, 0.0]], "gtPolPoints": [[282, 4, 282, 31, 396, 31, 396, 4], [233, 137, 233, 168, 336, 168, 336, 137], [269, 176, 269, 191, 298, 191, 298, 176], [234, 309, 234, 325, 306, 325, 306, 309], [184, 336, 184, 343, 256, 343, 256, 336], [276, 335, 276, 343, 349, 343, 349, 335], [44, 386, 44, 395, 95, 395, 95, 386], [89, 220, 91, 234, 115, 223, 112, 214], [63, 191, 64, 220, 134, 203, 125, 176]], "detPolPoints": [[280, 4, 395, 4, 395, 31, 280, 32], [232, 137, 336, 138, 336, 169, 232, 168], [230, 308, 306, 307, 306, 325, 231, 326], [287, 334, 345, 333, 345, 346, 287, 346], [266, 175, 298, 175, 298, 192, 266, 191], [182, 334, 290, 332, 290, 344, 182, 346]], "gtDontCare": [1, 6, 8], "detDontCare": [1], "evaluationParams": {"IOU_CONSTRAINT": 0.5, "AREA_PRECISION_CONSTRAINT": 0.5, "GT_SAMPLE_NAME_2_ID": "", "DET_SAMPLE_NAME_2_ID": "", "LTRB": false, "CRLF": false, "CONFIDENCES": false, "PER_SAMPLE_RESULTS": true}, "evaluationLog": "GT polygons: 9 (3 don't care)\nDET polygons: 6 (1 don't care)\nMatch GT #0 with Det #0\nMatch GT #2 with Det #4\nMatch GT #3 with Det #2\nMatch GT #5 with Det #3\n"}