{"precision": 1.0, "recall": 1.0, "hmean": 1.0, "pairs": [{"gt": 3, "det": 1}, {"gt": 4, "det": 0}], "AP": 0, "iouMat": [[0.0, 0.0, 0.8881578947368421, 0.0, 0.0], [0.0, 0.0, 0.0, 0.0, 0.7902641118591404], [0.0, 0.0, 0.0, 0.7544378698224852, 0.0], [3.433774199048566e-05, 0.9343891402714932, 0.0, 0.0, 0.0], [0.5675868974395651, 0.0, 0.0, 0.0, 0.0]], "gtPolPoints": [[754, 633, 754, 780, 768, 780, 768, 633], [715, 636, 715, 748, 731, 748, 731, 636], [674, 634, 674, 745, 692, 745, 692, 634], [144, 77, 144, 106, 264, 106, 264, 77], [32, 32, 34, 64, 267, 68, 266, 32]], "detPolPoints": [[31, 21, 272, 17, 273, 75, 32, 79], [142, 78, 262, 78, 262, 106, 142, 106], [754, 638, 768, 638, 767, 778, 753, 778], [675, 632, 690, 632, 690, 736, 675, 736], [714, 639, 729, 639, 729, 750, 714, 750]], "gtDontCare": [0, 1, 2], "detDontCare": [2, 3, 4], "evaluationParams": {"IOU_CONSTRAINT": 0.5, "AREA_PRECISION_CONSTRAINT": 0.5, "GT_SAMPLE_NAME_2_ID": "", "DET_SAMPLE_NAME_2_ID": "", "LTRB": false, "CRLF": false, "CONFIDENCES": false, "PER_SAMPLE_RESULTS": true}, "evaluationLog": "GT polygons: 5 (3 don't care)\nDET polygons: 5 (3 don't care)\nMatch GT #3 with Det #1\nMatch GT #4 with Det #0\n"}