{"precision": 0.75, "recall": 0.5, "hmean": 0.6, "pairs": [{"gt": 3, "det": 0}, {"gt": 4, "det": 1}, {"gt": 5, "det": 2}], "AP": 0, "iouMat": [[0.0, 0.0, 0.0, 0.0], [0.0, 0.0, 0.0, 0.3472222222222222], [0.0, 0.0, 0.0, 0.3771760154738878], [0.7918517715895547, 0.0, 0.0, 0.0], [0.0, 0.6826151328605939, 0.0, 0.0], [0.0, 0.0, 0.7164510166358595, 0.0]], "gtPolPoints": [[19, 16, 19, 27, 28, 27, 28, 16], [37, 20, 37, 30, 72, 30, 72, 20], [77, 17, 77, 30, 109, 30, 109, 17], [41, 89, 41, 372, 55, 372, 55, 89], [489, 398, 489, 418, 329, 418, 329, 398], [480, 428, 480, 445, 341, 445, 341, 428]], "detPolPoints": [[39, 94, 56, 94, 55, 355, 39, 355], [358, 398, 477, 398, 477, 421, 357, 420], [360, 428, 474, 428, 474, 448, 360, 448], [35, 16, 107, 16, 107, 30, 35, 30]], "gtDontCare": [], "detDontCare": [], "evaluationParams": {"IOU_CONSTRAINT": 0.5, "AREA_PRECISION_CONSTRAINT": 0.5, "GT_SAMPLE_NAME_2_ID": "", "DET_SAMPLE_NAME_2_ID": "", "LTRB": false, "CRLF": false, "CONFIDENCES": false, "PER_SAMPLE_RESULTS": true}, "evaluationLog": "GT polygons: 6\nDET polygons: 4\nMatch GT #3 with Det #0\nMatch GT #4 with Det #1\nMatch GT #5 with Det #2\n"}