{"precision": 0.5714285714285714, "recall": 0.26666666666666666, "hmean": 0.36363636363636365, "pairs": [{"gt": 15, "det": 2}, {"gt": 16, "det": 5}, {"gt": 17, "det": 1}, {"gt": 18, "det": 0}], "AP": 0, "iouMat": [[0.0, 0.0, 0.0, 0.0, 0.0, 0.0, 0.4647058823529412], [0.0, 0.0, 0.0, 0.2564679382156533, 0.0, 0.0, 0.0], [0.0, 0.0, 0.0, 0.38571428571428573, 0.0, 0.0, 0.0], [0.0, 0.0, 0.0, 0.17582764862987565, 0.0, 0.0, 0.0], [0.0, 0.0, 0.0, 0.0, 0.0, 0.0, 0.0], [0.0, 0.0, 0.0, 0.0, 0.0, 0.0, 0.0], [0.0, 0.0, 0.0, 0.0, 0.0, 0.0, 0.0], [0.0, 0.0, 0.0, 0.0, 0.0, 0.0, 0.0], [0.0, 0.0, 0.0, 0.0, 0.0, 0.0, 0.0], [0.0, 0.0, 0.0, 0.0, 0.0, 0.0, 0.0], [0.0, 0.0, 0.0, 0.0, 0.0, 0.0, 0.0], [0.0, 0.0, 0.0, 0.0, 0.24147627416520212, 0.0, 0.0], [0.0, 0.0, 0.0, 0.0, 0.06970708291153706, 0.0, 0.0], [0.0, 0.0, 0.0, 0.0, 0.0, 0.0, 0.0], [0.0, 0.0, 0.0, 0.0, 0.0, 0.0, 0.0], [0.0, 0.0, 0.6742694226657163, 0.0, 0.0, 0.16140350877192983, 0.0], [0.0, 0.0, 0.07890017931858936, 0.0, 0.0, 0.5554585152838428, 0.0], [0.0, 0.8478352501957006, 0.0, 0.0, 0.0, 0.0, 0.0], [0.7776872964169381, 0.0, 0.0, 0.0, 0.0, 0.0, 0.0], [0.0, 0.0, 0.0, 0.0, 0.39018411214874493, 0.0, 0.0]], "gtPolPoints": [[133, 608, 137, 574, 146, 572, 143, 606], [530, 516, 530, 534, 553, 538, 554, 520], [495, 516, 495, 534, 528, 534, 528, 516], [493, 516, 495, 535, 474, 540, 473, 521], [472, 645, 472, 674, 481, 674, 481, 645], [512, 539, 512, 549, 518, 549, 518, 539], [540, 208, 539, 214, 565, 214, 565, 207], [614, 245, 616, 250, 605, 260, 604, 252], [622, 274, 622, 277, 626, 277, 626, 274], [627, 278, 628, 284, 621, 286, 621, 280], [551, 353, 551, 381, 557, 381, 557, 353], [192, 315, 192, 343, 219, 343, 216, 317], [220, 319, 222, 347, 251, 360, 248, 333], [195, 354, 195, 368, 206, 368, 206, 354], [65, 445, 65, 453, 49, 453, 49, 445], [168, 80, 168, 89, 511, 89, 511, 80], [169, 90, 169, 100, 495, 100, 495, 90], [161, 52, 161, 72, 517, 72, 517, 52], [113, 12, 113, 42, 566, 42, 566, 12], [190, 312, 188, 340, 150, 352, 151, 320]], "detPolPoints": [[148, 11, 530, 9, 530, 42, 148, 44], [165, 52, 522, 50, 523, 73, 165, 75], [176, 82, 506, 77, 506, 89, 176, 94], [478, 516, 555, 515, 555, 535, 478, 536], [149, 314, 230, 309, 232, 344, 151, 349], [177, 86, 499, 86, 499, 98, 177, 98], [131, 570, 148, 570, 147, 610, 130, 610]], "gtDontCare": [7, 8, 9, 10, 14], "detDontCare": [], "evaluationParams": {"IOU_CONSTRAINT": 0.5, "AREA_PRECISION_CONSTRAINT": 0.5, "GT_SAMPLE_NAME_2_ID": "", "DET_SAMPLE_NAME_2_ID": "", "LTRB": false, "CRLF": false, "CONFIDENCES": false, "PER_SAMPLE_RESULTS": true}, "evaluationLog": "GT polygons: 20 (5 don't care)\nDET polygons: 7\nMatch GT #15 with Det #2\nMatch GT #16 with Det #5\nMatch GT #17 with Det #1\nMatch GT #18 with Det #0\n"}