{"precision": 0.5714285714285714, "recall": 0.8, "hmean": 0.6666666666666666, "pairs": [{"gt": 0, "det": 3}, {"gt": 1, "det": 0}, {"gt": 2, "det": 1}, {"gt": 3, "det": 4}], "AP": 0, "iouMat": [[0.0, 0.0, 0.0, 0.5158486619495669, 0.0, 0.21494945023904805, 0.0], [0.8394845489803578, 0.0, 0.0, 0.0, 0.0, 0.0, 0.0], [0.0, 0.8588552694488082, 0.0, 0.0, 0.0, 0.0, 0.0], [0.0, 0.0, 0.0, 0.0, 0.6715498471180548, 0.0, 0.16533237102716072], [0.0, 0.0, 0.4762391953449841, 0.0, 0.0, 0.0, 0.0]], "gtPolPoints": [[359, 562, 364, 626, 751, 625, 752, 562], [359, 666, 359, 721, 714, 721, 714, 666], [383, 753, 383, 809, 640, 809, 640, 753], [375, 842, 386, 891, 659, 888, 658, 838], [47, 665, 47, 777, 332, 777, 332, 665]], "detPolPoints": [[389, 666, 694, 666, 694, 722, 389, 723], [390, 759, 639, 758, 639, 810, 390, 810], [48, 666, 187, 665, 188, 781, 49, 782], [459, 576, 720, 576, 721, 626, 459, 627], [451, 835, 658, 837, 658, 887, 451, 886], [358, 587, 482, 572, 490, 634, 367, 649], [377, 844, 435, 843, 436, 885, 378, 885]], "gtDontCare": [], "detDontCare": [], "evaluationParams": {"IOU_CONSTRAINT": 0.5, "AREA_PRECISION_CONSTRAINT": 0.5, "GT_SAMPLE_NAME_2_ID": "", "DET_SAMPLE_NAME_2_ID": "", "LTRB": false, "CRLF": false, "CONFIDENCES": false, "PER_SAMPLE_RESULTS": true}, "evaluationLog": "GT polygons: 5\nDET polygons: 7\nMatch GT #0 with Det #3\nMatch GT #1 with Det #0\nMatch GT #2 with Det #1\nMatch GT #3 with Det #4\n"}