{"precision": 0.6666666666666666, "recall": 0.5, "hmean": 0.5714285714285715, "pairs": [{"gt": 2, "det": 3}, {"gt": 3, "det": 0}, {"gt": 6, "det": 2}, {"gt": 7, "det": 1}], "AP": 0, "iouMat": [[0.0, 0.0, 0.0, 0.0027031593174522725, 0.0, 0.4327736655254997], [0.0, 0.0, 0.0, 0.0, 0.0, 0.29436771546854396], [0.0, 0.0, 0.0, 0.7151162790697675, 0.0, 0.0], [0.8984615384615384, 0.0, 0.0, 0.0, 0.0, 0.0], [0.0, 0.0, 0.0, 0.0, 0.047151277013752456, 0.0], [0.0, 0.0, 0.0, 0.0, 0.4225352112676056, 0.0], [0.0, 0.0, 0.73074253421826, 0.0, 0.0, 0.0], [0.0, 0.5167079535703901, 0.0, 0.0, 0.0, 0.0]], "gtPolPoints": [[215, 159, 215, 214, 276, 214, 276, 159], [266, 188, 266, 247, 308, 247, 308, 188], [95, 214, 95, 229, 218, 229, 218, 214], [241, 240, 241, 269, 95, 269, 95, 240], [107, 283, 107, 292, 128, 292, 128, 283], [144, 282, 144, 291, 223, 291, 223, 282], [348, 29, 349, 48, 266, 66, 265, 46], [354, 4, 355, 19, 248, 46, 246, 30]], "detPolPoints": [[92, 239, 246, 240, 246, 270, 91, 270], [242, 15, 355, 2, 358, 27, 245, 40], [262, 43, 349, 33, 351, 56, 265, 66], [90, 210, 219, 210, 219, 230, 90, 230], [120, 280, 214, 279, 214, 294, 120, 295], [214, 144, 316, 200, 289, 250, 187, 193]], "gtDontCare": [], "detDontCare": [], "evaluationParams": {"IOU_CONSTRAINT": 0.5, "AREA_PRECISION_CONSTRAINT": 0.5, "GT_SAMPLE_NAME_2_ID": "", "DET_SAMPLE_NAME_2_ID": "", "LTRB": false, "CRLF": false, "CONFIDENCES": false, "PER_SAMPLE_RESULTS": true}, "evaluationLog": "GT polygons: 8\nDET polygons: 6\nMatch GT #2 with Det #3\nMatch GT #3 with Det #0\nMatch GT #6 with Det #2\nMatch GT #7 with Det #1\n"}