{"precision": 1.0, "recall": 0.6666666666666666, "hmean": 0.8, "pairs": [{"gt": 0, "det": 1}, {"gt": 5, "det": 0}], "AP": 0, "iouMat": [[0.0, 0.8068361641523367], [0.0, 0.0], [0.0, 0.0], [0.0, 0.0], [0.0, 0.0], [0.8210526315789474, 0.0], [0.0, 0.0], [0.0, 0.0], [0.0, 0.0]], "gtPolPoints": [[171, 95, 171, 110, 205, 110, 205, 95], [182, 77, 182, 91, 195, 91, 195, 77], [151, 68, 151, 73, 221, 73, 221, 68], [166, 61, 166, 66, 206, 66, 206, 61], [166, 52, 166, 57, 207, 57, 207, 52], [154, 38, 154, 50, 220, 50, 220, 38], [156, 30, 159, 35, 179, 22, 176, 19], [179, 18, 179, 24, 194, 24, 194, 18], [197, 19, 195, 24, 214, 35, 218, 31]], "detPolPoints": [[152, 37, 219, 37, 219, 51, 152, 51], [170, 94, 203, 93, 203, 109, 170, 110]], "gtDontCare": [2, 3, 4, 6, 7, 8], "detDontCare": [], "evaluationParams": {"IOU_CONSTRAINT": 0.5, "AREA_PRECISION_CONSTRAINT": 0.5, "GT_SAMPLE_NAME_2_ID": "", "DET_SAMPLE_NAME_2_ID": "", "LTRB": false, "CRLF": false, "CONFIDENCES": false, "PER_SAMPLE_RESULTS": true}, "evaluationLog": "GT polygons: 9 (6 don't care)\nDET polygons: 2\nMatch GT #0 with Det #1\nMatch GT #5 with Det #0\n"}