{"precision": 0.6666666666666666, "recall": 1.0, "hmean": 0.8, "pairs": [{"gt": 0, "det": 0}, {"gt": 1, "det": 4}, {"gt": 2, "det": 2}, {"gt": 3, "det": 1}], "AP": 0, "iouMat": [[0.7368254348021616, 0.0, 0.0, 0.0, 0.0, 0.0], [0.0, 0.0, 0.0, 0.0, 0.8944511608886776, 0.0], [0.0, 0.0, 0.9319102426651868, 0.0, 0.0, 0.0], [0.0, 0.8703703703703703, 0.0, 0.0, 0.0, 0.0], [0.0, 0.0, 0.0, 0.0, 0.0, 0.0], [0.0, 0.0, 0.0, 0.0, 0.0, 0.0]], "gtPolPoints": [[33, 231, 33, 566, 80, 566, 80, 231], [85, 235, 85, 454, 131, 454, 131, 235], [54, 74, 54, 125, 102, 125, 102, 74], [54, 155, 54, 206, 102, 206, 102, 155], [381, 31, 371, 83, 447, 106, 461, 54], [64, 180, 64, 180, 63, 180, 63, 180]], "detPolPoints": [[36, 295, 79, 296, 76, 567, 33, 567], [55, 155, 106, 155, 106, 208, 55, 208], [55, 74, 103, 75, 103, 124, 55, 124], [294, 181, 310, 188, 248, 342, 231, 335], [81, 226, 130, 225, 134, 453, 85, 454], [266, 189, 284, 191, 253, 498, 235, 497]], "gtDontCare": [4, 5], "detDontCare": [], "evaluationParams": {"IOU_CONSTRAINT": 0.5, "AREA_PRECISION_CONSTRAINT": 0.5, "GT_SAMPLE_NAME_2_ID": "", "DET_SAMPLE_NAME_2_ID": "", "LTRB": false, "CRLF": false, "CONFIDENCES": false, "PER_SAMPLE_RESULTS": true}, "evaluationLog": "GT polygons: 6 (2 don't care)\nDET polygons: 6\nMatch GT #0 with Det #0\nMatch GT #1 with Det #4\nMatch GT #2 with Det #2\nMatch GT #3 with Det #1\n"}