{"precision": 0.8, "recall": 0.8, "hmean": 0.8000000000000002, "pairs": [{"gt": 0, "det": 0}, {"gt": 1, "det": 3}, {"gt": 2, "det": 2}, {"gt": 3, "det": 1}], "AP": 0, "iouMat": [[0.6767798732930466, 0.0, 0.0, 0.0, 0.0], [0.0, 0.0, 0.015204054414510537, 0.8183705241307733, 0.0], [0.0, 0.0032412039880473915, 0.8195542774982028, 0.0, 0.0], [0.0, 0.6388670338316287, 0.0, 0.0, 0.18203883176705657], [0.0, 0.0, 0.0, 0.0, 0.27803521779425394]], "gtPolPoints": [[426, 649, 426, 689, 691, 689, 691, 649], [224, 211, 224, 230, 405, 230, 405, 211], [413, 205, 413, 243, 503, 243, 503, 205], [227, 173, 227, 201, 459, 201, 459, 173], [472, 176, 472, 201, 502, 201, 502, 176]], "detPolPoints": [[480, 643, 694, 643, 694, 688, 480, 687], [222, 163, 470, 165, 470, 206, 222, 204], [399, 205, 506, 205, 506, 244, 399, 244], [228, 210, 394, 210, 394, 232, 228, 231], [406, 174, 504, 176, 503, 204, 405, 201]], "gtDontCare": [], "detDontCare": [], "evaluationParams": {"IOU_CONSTRAINT": 0.5, "AREA_PRECISION_CONSTRAINT": 0.5, "GT_SAMPLE_NAME_2_ID": "", "DET_SAMPLE_NAME_2_ID": "", "LTRB": false, "CRLF": false, "CONFIDENCES": false, "PER_SAMPLE_RESULTS": true}, "evaluationLog": "GT polygons: 5\nDET polygons: 5\nMatch GT #0 with Det #0\nMatch GT #1 with Det #3\nMatch GT #2 with Det #2\nMatch GT #3 with Det #1\n"}