{"precision": 0.8, "recall": 0.6666666666666666, "hmean": 0.7272727272727272, "pairs": [{"gt": 1, "det": 3}, {"gt": 2, "det": 1}, {"gt": 3, "det": 4}, {"gt": 5, "det": 0}], "AP": 0, "iouMat": [[0.0, 0.0, 0.0, 0.0011707643418631879, 0.0], [0.0, 0.0, 0.0, 0.7570131454126575, 0.0], [0.0, 0.8968297725706409, 0.0, 0.0, 0.006244963738920225], [0.0, 0.0, 0.0, 0.0, 0.7784986098239111], [0.0, 0.0, 0.3145349551541958, 0.0, 0.0], [0.830997774703795, 0.0, 0.0, 0.0, 0.0]], "gtPolPoints": [[1, 3, 1, 13, 41, 13, 41, 3], [173, 9, 173, 56, 16, 56, 16, 9], [396, 11, 396, 50, 217, 50, 217, 11], [354, 50, 354, 66, 382, 66, 382, 50], [350, 279, 350, 287, 190, 287, 190, 279], [362, 348, 362, 391, 25, 391, 25, 348]], "detPolPoints": [[6, 346, 377, 346, 377, 389, 6, 389], [216, 10, 386, 9, 386, 49, 217, 50], [181, 264, 351, 267, 350, 291, 181, 288], [34, 12, 167, 12, 167, 54, 34, 54], [351, 49, 382, 48, 382, 65, 351, 65]], "gtDontCare": [], "detDontCare": [], "evaluationParams": {"IOU_CONSTRAINT": 0.5, "AREA_PRECISION_CONSTRAINT": 0.5, "GT_SAMPLE_NAME_2_ID": "", "DET_SAMPLE_NAME_2_ID": "", "LTRB": false, "CRLF": false, "CONFIDENCES": false, "PER_SAMPLE_RESULTS": true}, "evaluationLog": "GT polygons: 6\nDET polygons: 5\nMatch GT #1 with Det #3\nMatch GT #2 with Det #1\nMatch GT #3 with Det #4\nMatch GT #5 with Det #0\n"}