{"precision": 0.5, "recall": 0.3, "hmean": 0.37499999999999994, "pairs": [{"gt": 0, "det": 0}, {"gt": 7, "det": 5}, {"gt": 9, "det": 3}], "AP": 0, "iouMat": [[0.6173792224745275, 0.0, 0.0, 0.0, 0.0, 0.0], [0.0, 0.0, 0.0, 0.0, 0.3954039878616359, 0.0], [0.0, 0.0, 0.0, 0.0, 0.276768424224483, 0.0], [0.0, 0.0, 0.4907071459096549, 0.0, 0.00010979010408236004, 0.0], [0.0, 0.0, 0.28799832680988013, 0.0, 0.0, 0.0], [0.0, 0.4419295080142247, 0.0, 0.0, 0.0, 0.0], [0.0, 0.43015060719926046, 0.0, 0.0, 0.0, 0.0], [0.0, 0.0, 0.0, 0.0, 0.0, 0.838334423987625], [0.0, 0.0, 0.0, 0.013309055188854385, 0.0, 0.0], [0.0, 0.0, 0.0, 0.8873540786622863, 0.0, 0.0]], "gtPolPoints": [[706, 774, 706, 691, 97, 691, 97, 774], [259, 512, 259, 531, 386, 543, 386, 524], [392, 525, 393, 542, 516, 532, 515, 513], [447, 551, 450, 581, 538, 562, 534, 536], [538, 532, 540, 560, 599, 540, 596, 512], [201, 387, 219, 488, 397, 513, 397, 410], [401, 405, 401, 513, 584, 485, 584, 383], [205, 321, 205, 338, 267, 347, 266, 332], [269, 282, 269, 293, 279, 293, 279, 282], [196, 280, 197, 315, 275, 324, 276, 287]], "detPolPoints": [[195, 687, 586, 692, 585, 774, 195, 770], [213, 404, 573, 397, 575, 502, 215, 509], [441, 554, 598, 518, 605, 548, 448, 585], [199, 281, 274, 285, 272, 323, 197, 319], [280, 518, 485, 524, 485, 545, 280, 538], [207, 323, 270, 331, 268, 345, 205, 338]], "gtDontCare": [], "detDontCare": [], "evaluationParams": {"IOU_CONSTRAINT": 0.5, "AREA_PRECISION_CONSTRAINT": 0.5, "GT_SAMPLE_NAME_2_ID": "", "DET_SAMPLE_NAME_2_ID": "", "LTRB": false, "CRLF": false, "CONFIDENCES": false, "PER_SAMPLE_RESULTS": true}, "evaluationLog": "GT polygons: 10\nDET polygons: 6\nMatch GT #0 with Det #0\nMatch GT #7 with Det #5\nMatch GT #9 with Det #3\n"}