{"precision": 0.8, "recall": 0.6666666666666666, "hmean": 0.7272727272727272, "pairs": [{"gt": 0, "det": 3}, {"gt": 1, "det": 4}, {"gt": 4, "det": 0}, {"gt": 7, "det": 1}], "AP": 0, "iouMat": [[0.0, 0.0, 0.0, 0.8431099757413939, 0.0], [0.0, 0.0, 0.0, 0.0, 0.8590700344431687], [0.0, 0.0, 0.0, 0.0, 0.04826732673267327], [0.0, 0.0, 0.0, 0.0, 0.0], [0.8500411904031904, 0.0, 0.0, 0.0, 0.0], [0.0, 0.0, 0.32809727242852454, 0.0, 0.0], [0.0, 0.0, 0.4248327430145612, 0.0, 0.0], [0.0, 0.829583251809822, 0.0, 0.0, 0.0]], "gtPolPoints": [[359, 117, 360, 102, 406, 98, 405, 115], [363, 213, 364, 202, 404, 199, 404, 213], [365, 220, 365, 213, 404, 213, 404, 220], [390, 361, 402, 350, 407, 356, 395, 365], [255, 424, 255, 394, 504, 380, 506, 413], [262, 459, 262, 436, 346, 436, 346, 459], [363, 455, 363, 438, 490, 438, 490, 455], [243, 484, 243, 468, 508, 468, 508, 484]], "detPolPoints": [[254, 387, 508, 380, 509, 416, 255, 424], [241, 465, 510, 466, 510, 485, 241, 484], [259, 436, 501, 434, 501, 455, 259, 457], [357, 100, 406, 99, 406, 114, 358, 116], [363, 200, 404, 200, 404, 214, 363, 214]], "gtDontCare": [2, 3], "detDontCare": [], "evaluationParams": {"IOU_CONSTRAINT": 0.5, "AREA_PRECISION_CONSTRAINT": 0.5, "GT_SAMPLE_NAME_2_ID": "", "DET_SAMPLE_NAME_2_ID": "", "LTRB": false, "CRLF": false, "CONFIDENCES": false, "PER_SAMPLE_RESULTS": true}, "evaluationLog": "GT polygons: 8 (2 don't care)\nDET polygons: 5\nMatch GT #0 with Det #3\nMatch GT #1 with Det #4\nMatch GT #4 with Det #0\nMatch GT #7 with Det #1\n"}