{"precision": 0.0, "recall": 0.0, "hmean": 0, "pairs": [], "AP": 0, "iouMat": [[0.0, 0.16290230218781676, 0.0, 0.0, 0.17921652874799804], [0.0, 0.2070297576945162, 0.0, 0.0, 0.12070775749867359], [0.0, 0.0, 0.0, 0.0, 0.0], [0.0, 0.24026329879806443, 0.0, 0.0, 0.07346207185068036], [0.0, 0.1255363319662052, 0.0, 0.0, 0.0], [0.0, 0.0, 0.20338483155023848, 0.0, 0.0], [0.0, 0.0, 0.22333653370771003, 0.0, 0.0], [0.0, 0.0, 0.22590189595561253, 0.0, 0.0], [0.0, 0.0, 0.20449191351175353, 0.0, 0.0], [0.037341996924457825, 0.0, 0.0, 0.14597544338335608, 0.0], [0.23433416049976744, 0.0, 0.0, 0.2038748444027369, 0.0], [0.18961327341693496, 0.0, 0.0, 0.05443342183886619, 0.06742607982922727], [0.17371203052133147, 0.0, 0.0, 0.0, 0.032766256272537736], [0.08982108586784318, 0.0, 0.0, 0.0, 0.0]], "gtPolPoints": [[79, 50, 61, 72, 129, 90, 147, 66], [211, 75, 200, 103, 134, 88, 150, 67], [229, 96, 229, 96, 230, 96, 230, 96], [279, 80, 269, 113, 203, 104, 214, 76], [289, 82, 285, 109, 327, 112, 326, 84], [407, 74, 417, 112, 351, 116, 352, 79], [470, 63, 483, 105, 424, 114, 413, 74], [527, 50, 550, 95, 488, 105, 472, 62], [580, 28, 617, 78, 555, 93, 528, 46], [646, 136, 650, 157, 575, 175, 564, 153], [441, 146, 450, 191, 546, 183, 527, 138], [363, 148, 363, 188, 437, 188, 437, 148], [287, 142, 280, 177, 357, 185, 360, 148], [209, 131, 195, 162, 270, 176, 280, 142]], "detPolPoints": [[218, 146, 595, 148, 594, 188, 217, 185], [62, 59, 329, 87, 326, 117, 59, 89], [349, 82, 606, 44, 612, 85, 355, 123], [361, 186, 646, 122, 656, 163, 370, 228], [69, 46, 408, 146, 400, 173, 61, 73]], "gtDontCare": [2], "detDontCare": [], "evaluationParams": {"IOU_CONSTRAINT": 0.5, "AREA_PRECISION_CONSTRAINT": 0.5, "GT_SAMPLE_NAME_2_ID": "", "DET_SAMPLE_NAME_2_ID": "", "LTRB": false, "CRLF": false, "CONFIDENCES": false, "PER_SAMPLE_RESULTS": true}, "evaluationLog": "GT polygons: 14 (1 don't care)\nDET polygons: 5\n"}