{"precision": 1.0, "recall": 0.8, "hmean": 0.888888888888889, "pairs": [{"gt": 0, "det": 0}, {"gt": 4, "det": 3}, {"gt": 5, "det": 1}, {"gt": 7, "det": 4}], "AP": 0, "iouMat": [[0.8711018123215245, 0.0, 0.0, 0.0, 0.0], [0.0, 0.0, 0.0, 0.0, 0.0], [0.0, 0.0, 0.0, 0.0, 0.0], [0.0, 0.0, 0.0, 0.0, 0.0], [0.0, 0.0, 0.0, 0.8904833836858006, 0.0], [0.0, 0.9661706152125173, 0.0, 0.0, 0.0], [0.0, 0.0, 0.0, 0.0, 0.0], [0.0, 0.0, 0.0, 0.0, 0.774016925218618], [0.0, 0.0, 0.7681154814020761, 0.0, 0.0]], "gtPolPoints": [[17, 30, 17, 69, 435, 69, 435, 30], [15, 171, 15, 180, 180, 180, 180, 171], [16, 182, 16, 190, 199, 190, 199, 182], [17, 192, 17, 199, 190, 199, 190, 192], [18, 141, 18, 159, 282, 159, 282, 141], [16, 81, 16, 129, 333, 129, 333, 81], [496, 244, 513, 266, 473, 334, 456, 312], [629, 379, 625, 408, 718, 440, 719, 411], [523, 442, 514, 494, 719, 579, 719, 520]], "detPolPoints": [[30, 29, 425, 28, 425, 71, 30, 71], [16, 80, 337, 82, 337, 130, 15, 129], [530, 443, 724, 511, 702, 574, 508, 505], [20, 140, 283, 140, 283, 160, 20, 160], [623, 371, 723, 413, 712, 441, 611, 400]], "gtDontCare": [1, 2, 3, 8], "detDontCare": [2], "evaluationParams": {"IOU_CONSTRAINT": 0.5, "AREA_PRECISION_CONSTRAINT": 0.5, "GT_SAMPLE_NAME_2_ID": "", "DET_SAMPLE_NAME_2_ID": "", "LTRB": false, "CRLF": false, "CONFIDENCES": false, "PER_SAMPLE_RESULTS": true}, "evaluationLog": "GT polygons: 9 (4 don't care)\nDET polygons: 5 (1 don't care)\nMatch GT #0 with Det #0\nMatch GT #4 with Det #3\nMatch GT #5 with Det #1\nMatch GT #7 with Det #4\n"}