{"precision": 0.6666666666666666, "recall": 0.6666666666666666, "hmean": 0.6666666666666666, "pairs": [{"gt": 0, "det": 0}, {"gt": 7, "det": 3}, {"gt": 8, "det": 1}, {"gt": 9, "det": 2}], "AP": 0, "iouMat": [[0.6059296390141292, 0.0, 0.0, 0.0, 0.0, 0.0], [0.0, 0.0, 0.0, 0.0, 0.30654281098546043, 0.0], [0.0, 0.0, 0.0, 0.0, 0.16147308781869688, 0.0], [0.0, 0.0, 0.0, 0.0, 0.10961538461538461, 0.0], [0.0, 0.0, 0.0, 0.0, 0.24589847519783825, 0.0], [0.0, 0.0, 0.0, 0.0, 0.0, 0.0], [0.0, 0.0, 0.0, 0.016344463971880493, 0.0, 0.0], [0.0, 0.0, 0.0, 0.9246150769846031, 0.0, 0.0], [0.0, 0.8759370710590223, 0.0, 0.0, 0.0, 0.0], [0.0, 0.0, 0.9174189107534304, 0.0, 0.0, 0.0], [0.0, 0.0, 0.0, 0.0, 0.0, 0.0], [0.0, 0.0, 0.0, 0.0, 0.0, 0.0], [0.0, 0.0, 0.0, 0.0, 0.0, 0.0]], "gtPolPoints": [[239, 937, 239, 1078, 946, 1078, 946, 937], [96, 890, 96, 934, 142, 934, 142, 890], [87, 932, 87, 945, 155, 945, 155, 932], [76, 942, 76, 951, 159, 951, 159, 942], [144, 994, 144, 953, 95, 953, 95, 994], [734, 714, 734, 722, 809, 722, 809, 714], [728, 706, 728, 717, 821, 717, 821, 706], [704, 673, 704, 708, 843, 708, 843, 673], [39, 94, 39, 155, 177, 155, 177, 94], [36, 16, 36, 79, 178, 79, 178, 16], [88, 43, 88, 43, 90, 43, 90, 43], [422, 85, 422, 91, 466, 91, 466, 85], [468, 85, 468, 102, 490, 102, 490, 85]], "detPolPoints": [[361, 941, 818, 944, 817, 1085, 360, 1082], [41, 90, 180, 90, 179, 158, 41, 157], [38, 15, 177, 17, 177, 84, 37, 82], [706, 672, 842, 672, 842, 707, 706, 707], [90, 901, 147, 901, 147, 979, 90, 979], [523, 474, 585, 475, 584, 491, 523, 490]], "gtDontCare": [2, 3, 5, 6, 10, 11, 12], "detDontCare": [], "evaluationParams": {"IOU_CONSTRAINT": 0.5, "AREA_PRECISION_CONSTRAINT": 0.5, "GT_SAMPLE_NAME_2_ID": "", "DET_SAMPLE_NAME_2_ID": "", "LTRB": false, "CRLF": false, "CONFIDENCES": false, "PER_SAMPLE_RESULTS": true}, "evaluationLog": "GT polygons: 13 (7 don't care)\nDET polygons: 6\nMatch GT #0 with Det #0\nMatch GT #7 with Det #3\nMatch GT #8 with Det #1\nMatch GT #9 with Det #2\n"}