{"precision": 0.6, "recall": 0.375, "hmean": 0.4615384615384615, "pairs": [{"gt": 8, "det": 3}, {"gt": 9, "det": 6}, {"gt": 14, "det": 1}], "AP": 0, "iouMat": [[0.0, 0.0, 0.0, 0.0, 0.8323866431239493, 0.0, 0.0, 0.0], [0.0, 0.0, 0.0, 0.0, 0.0, 0.0, 0.0, 0.0], [0.0, 0.0, 0.0, 0.0, 0.0, 0.0, 0.0, 0.0], [0.0, 0.0, 0.0, 0.0, 0.0, 0.0, 0.0, 0.0], [0.0, 0.0, 0.0, 0.0, 0.0, 0.7227833330677489, 0.0, 0.0], [0.0, 0.0, 0.0, 0.0, 0.0, 0.0, 0.0, 0.0], [0.0, 0.0, 0.0, 0.0, 0.0014314967926289345, 0.0, 0.0, 0.0], [0.0, 0.0, 0.0, 0.0, 0.0, 0.0, 0.0, 0.0], [0.0, 0.0, 0.0, 0.780020883978856, 0.0, 0.0, 0.0, 0.0], [0.0, 0.0, 0.0, 0.0, 0.0, 0.0, 0.7563025210084033, 0.0], [0.0, 0.0, 0.0, 0.0, 0.0, 0.0, 0.0, 0.0], [0.7107448314340513, 0.0, 0.0, 0.0, 0.0, 0.0, 5.7735684809779076e-05, 0.0], [0.0, 0.0, 0.20108410561286938, 0.0, 0.0, 0.0, 0.0, 0.0], [0.0, 0.0, 0.3602112676056338, 0.0, 0.0, 0.0, 0.0, 0.0], [0.0, 0.8985430325283543, 0.0, 0.0, 0.0, 0.0, 0.0, 0.0], [0.0, 0.0, 0.0, 0.0, 0.0, 0.0, 0.0, 0.0]], "gtPolPoints": [[433, 697, 434, 725, 528, 740, 528, 710], [664, 737, 665, 745, 686, 749, 685, 738], [688, 740, 688, 748, 705, 748, 705, 740], [630, 693, 631, 730, 713, 746, 718, 712], [238, 698, 240, 725, 337, 740, 337, 712], [280, 736, 282, 746, 324, 747, 328, 741], [474, 738, 477, 745, 517, 748, 517, 740], [232, 543, 228, 551, 297, 566, 303, 558], [348, 414, 348, 442, 444, 449, 446, 419], [462, 419, 462, 446, 537, 446, 537, 419], [229, 518, 216, 531, 350, 559, 362, 545], [155, 246, 163, 359, 553, 420, 592, 300], [74, 174, 74, 203, 115, 203, 115, 174], [142, 180, 142, 202, 235, 202, 235, 180], [75, 116, 75, 164, 259, 164, 259, 116], [164, 172, 164, 173, 162, 173, 162, 172]], "detPolPoints": [[155, 265, 526, 268, 524, 401, 154, 398], [75, 116, 264, 117, 263, 168, 74, 167], [75, 174, 235, 176, 235, 211, 75, 210], [345, 412, 452, 415, 451, 448, 344, 446], [437, 698, 528, 713, 523, 742, 432, 727], [245, 705, 332, 708, 331, 736, 244, 734], [455, 417, 540, 417, 540, 448, 455, 449], [313, 513, 351, 521, 348, 534, 310, 525]], "gtDontCare": [0, 1, 3, 4, 5, 6, 11, 15], "detDontCare": [0, 4, 5], "evaluationParams": {"IOU_CONSTRAINT": 0.5, "AREA_PRECISION_CONSTRAINT": 0.5, "GT_SAMPLE_NAME_2_ID": "", "DET_SAMPLE_NAME_2_ID": "", "LTRB": false, "CRLF": false, "CONFIDENCES": false, "PER_SAMPLE_RESULTS": true}, "evaluationLog": "GT polygons: 16 (8 don't care)\nDET polygons: 8 (3 don't care)\nMatch GT #8 with Det #3\nMatch GT #9 with Det #6\nMatch GT #14 with Det #1\n"}