{"precision": 0.6666666666666666, "recall": 0.5, "hmean": 0.5714285714285715, "pairs": [{"gt": 0, "det": 0}, {"gt": 1, "det": 1}], "AP": 0, "iouMat": [[0.5430599663739959, 0.0, 0.17716950421441957], [0.0, 0.906748496779356, 0.0], [0.03221312902664109, 0.0, 0.3254472013848817], [0.05023134330814227, 0.0, 0.0]], "gtPolPoints": [[12, 359, 12, 387, 736, 387, 736, 359], [245, 267, 246, 288, 462, 286, 462, 265], [114, 351, 114, 372, 208, 372, 208, 351], [97, 378, 97, 395, 231, 395, 231, 378]], "detPolPoints": [[166, 361, 622, 362, 622, 390, 166, 389], [249, 265, 459, 264, 459, 286, 249, 288], [29, 352, 276, 349, 277, 373, 29, 377]], "gtDontCare": [], "detDontCare": [], "evaluationParams": {"IOU_CONSTRAINT": 0.5, "AREA_PRECISION_CONSTRAINT": 0.5, "GT_SAMPLE_NAME_2_ID": "", "DET_SAMPLE_NAME_2_ID": "", "LTRB": false, "CRLF": false, "CONFIDENCES": false, "PER_SAMPLE_RESULTS": true}, "evaluationLog": "GT polygons: 4\nDET polygons: 3\nMatch GT #0 with Det #0\nMatch GT #1 with Det #1\n"}