{"precision": 0.8, "recall": 0.4, "hmean": 0.5333333333333333, "pairs": [{"gt": 0, "det": 4}, {"gt": 3, "det": 0}, {"gt": 8, "det": 1}, {"gt": 9, "det": 3}], "AP": 0, "iouMat": [[0.0, 0.0, 0.0, 0.0, 0.8570918200682548, 0.0, 0.0], [0.0, 0.0, 0.0, 0.0, 0.0, 0.0, 0.6385809312638581], [0.0, 0.0, 0.0, 0.0, 0.0, 0.5314166392219242, 0.0], [0.6216849367078384, 0.0, 0.045372230268783634, 0.0, 0.0, 0.0, 0.0], [0.07827972957029156, 0.0, 0.4578532443905397, 0.0, 0.0, 0.0, 0.0], [0.06608863915454173, 0.0, 0.02997608252713052, 0.0, 0.0, 0.0, 0.0], [0.0, 0.0, 0.0, 0.0, 0.0, 0.0, 0.0], [0.0, 0.0, 0.0, 0.0, 0.0, 0.0, 0.0], [0.0, 0.9303011160244262, 0.0, 0.0, 0.0, 0.0, 0.0], [0.0, 0.0, 0.0, 0.9680851063829787, 0.0, 0.0, 0.0], [0.0, 0.0, 0.0, 0.0, 0.0, 0.0, 0.0], [0.0, 0.0, 0.0, 0.0, 0.0, 0.0, 0.0]], "gtPolPoints": [[3, 457, 13, 423, 83, 427, 79, 459], [221, 434, 221, 466, 260, 466, 260, 434], [205, 397, 204, 420, 279, 421, 280, 399], [448, 512, 448, 545, 186, 545, 186, 512], [285, 547, 285, 562, 436, 562, 436, 547], [210, 511, 208, 548, 234, 548, 232, 511], [599, 547, 599, 592, 503, 592, 503, 547], [29, 92, 29, 103, 124, 103, 124, 92], [28, 14, 28, 61, 124, 61, 124, 14], [29, 67, 29, 87, 123, 87, 123, 67], [546, 450, 537, 487, 540, 489, 571, 461], [564, 471, 545, 505, 527, 488, 546, 462]], "detPolPoints": [[192, 502, 458, 505, 457, 556, 191, 552], [27, 12, 122, 12, 122, 61, 27, 61], [209, 541, 445, 544, 444, 565, 209, 562], [29, 67, 120, 67, 120, 87, 29, 87], [2, 423, 79, 424, 79, 459, 2, 458], [200, 396, 249, 396, 249, 421, 200, 421], [220, 432, 248, 432, 248, 466, 219, 466]], "gtDontCare": [1, 2], "detDontCare": [5, 6], "evaluationParams": {"IOU_CONSTRAINT": 0.5, "AREA_PRECISION_CONSTRAINT": 0.5, "GT_SAMPLE_NAME_2_ID": "", "DET_SAMPLE_NAME_2_ID": "", "LTRB": false, "CRLF": false, "CONFIDENCES": false, "PER_SAMPLE_RESULTS": true}, "evaluationLog": "GT polygons: 12 (2 don't care)\nDET polygons: 7 (2 don't care)\nMatch GT #0 with Det #4\nMatch GT #3 with Det #0\nMatch GT #8 with Det #1\nMatch GT #9 with Det #3\n"}