{"precision": 0.3, "recall": 0.25, "hmean": 0.2727272727272727, "pairs": [{"gt": 0, "det": 0}, {"gt": 10, "det": 9}, {"gt": 11, "det": 4}], "AP": 0, "iouMat": [[0.8919320244184128, 0.0, 0.0, 0.0, 0.0, 0.0, 0.0, 0.0, 0.0, 0.0], [0.0, 0.2934399695325145, 0.41051722483446884, 0.24823241547368266, 0.0, 0.0, 0.0, 0.27932592732065525, 0.0, 0.0], [0.0, 0.0, 0.0, 0.0, 0.0, 0.3822437267919433, 0.2721026110856619, 0.0, 0.31946032471987196, 0.0], [0.0, 0.0, 0.0, 0.0, 0.0, 0.0, 0.0, 0.0, 0.0, 0.0], [0.0, 0.0, 0.0, 0.0, 0.0, 0.0, 0.0, 0.0, 0.0, 0.0], [0.0, 0.0, 0.0, 0.0, 0.0, 0.0, 0.0, 0.0, 0.0, 0.0], [0.0, 0.0, 0.0, 0.0, 0.0, 0.0, 0.0, 0.0, 0.0, 0.0], [0.0, 0.0, 0.0, 0.0, 0.0, 0.0, 0.0, 0.0, 0.0, 0.0], [0.0, 0.0, 0.0, 0.0, 0.0, 0.0, 0.0, 0.0, 0.0, 0.0], [0.0, 0.0, 0.0, 0.0, 0.0, 0.0, 0.0, 0.0, 0.0, 0.0], [0.0, 0.0, 0.0, 0.0, 0.0, 0.0, 0.0, 0.0, 0.0, 0.7971428571428572], [0.0, 0.0, 0.0, 0.0, 0.8625151637687017, 0.0, 0.0, 0.0, 0.0, 0.0], [0.0, 0.0, 0.0, 0.0, 0.0, 0.0, 0.0, 0.0, 0.0, 0.0], [0.0, 0.0, 0.0, 0.0, 0.0, 0.0, 0.0, 0.0, 0.0, 0.0], [0.0, 0.0, 0.0, 0.0, 0.0, 0.0, 0.0, 0.0, 0.0, 0.0], [0.0, 0.0, 0.0, 0.0, 0.0, 0.0, 0.0, 0.0, 0.0, 0.0], [0.0, 0.0, 0.0, 0.0, 0.0, 0.0, 0.0, 0.0, 0.0, 0.0], [0.0, 0.0, 0.0, 0.0, 0.0, 0.0, 0.0, 0.0, 0.0, 0.0], [0.0, 0.0, 0.0, 0.0, 0.0, 0.0, 0.0, 0.0, 0.0, 0.0], [0.0, 0.0, 0.0, 0.0, 0.0, 0.0, 0.0, 0.0, 0.0, 0.0]], "gtPolPoints": [[270, 27, 270, 80, 474, 80, 474, 27], [150, 156, 150, 133, 595, 133, 595, 156], [179, 185, 179, 163, 565, 163, 565, 185], [269, 324, 269, 341, 278, 341, 278, 324], [552, 250, 552, 268, 564, 268, 564, 250], [576, 301, 576, 317, 588, 317, 588, 301], [501, 373, 501, 390, 514, 390, 514, 373], [412, 520, 412, 536, 424, 536, 424, 520], [523, 658, 523, 676, 534, 676, 534, 658], [371, 637, 371, 655, 383, 655, 383, 637], [514, 651, 514, 642, 546, 642, 546, 651], [141, 566, 141, 551, 189, 551, 189, 566], [127, 442, 127, 432, 154, 431, 154, 439], [124, 426, 123, 432, 144, 432, 144, 424], [119, 449, 119, 444, 146, 443, 145, 447], [126, 454, 127, 449, 153, 445, 153, 451], [496, 565, 496, 571, 512, 571, 512, 565], [500, 577, 500, 570, 520, 570, 520, 577], [493, 580, 493, 577, 514, 577, 514, 580], [498, 584, 498, 579, 520, 579, 520, 584]], "detPolPoints": [[268, 26, 477, 26, 477, 84, 268, 84], [162, 132, 296, 133, 296, 158, 162, 157], [247, 132, 433, 133, 433, 157, 247, 156], [481, 133, 597, 134, 597, 157, 481, 156], [140, 552, 189, 551, 189, 567, 140, 568], [179, 163, 337, 164, 337, 188, 179, 187], [457, 163, 566, 163, 566, 187, 457, 187], [379, 131, 508, 133, 508, 159, 379, 157], [322, 163, 449, 163, 449, 187, 322, 187], [514, 641, 545, 641, 545, 652, 514, 652]], "gtDontCare": [12, 13, 14, 15, 16, 17, 18, 19], "detDontCare": [], "evaluationParams": {"IOU_CONSTRAINT": 0.5, "AREA_PRECISION_CONSTRAINT": 0.5, "GT_SAMPLE_NAME_2_ID": "", "DET_SAMPLE_NAME_2_ID": "", "LTRB": false, "CRLF": false, "CONFIDENCES": false, "PER_SAMPLE_RESULTS": true}, "evaluationLog": "GT polygons: 20 (8 don't care)\nDET polygons: 10\nMatch GT #0 with Det #0\nMatch GT #10 with Det #9\nMatch GT #11 with Det #4\n"}