{"precision": 0.5, "recall": 0.42857142857142855, "hmean": 0.4615384615384615, "pairs": [{"gt": 2, "det": 2}, {"gt": 3, "det": 5}, {"gt": 6, "det": 0}], "AP": 0, "iouMat": [[0.0, 0.0, 0.0, 0.0, 0.0, 0.0], [0.0, 0.0, 0.0, 0.0, 0.0, 0.0], [0.0, 0.0, 0.9281314168377823, 0.0, 0.0, 0.0], [0.0, 0.0, 0.0, 0.0, 0.0, 0.9047619047619048], [0.0, 0.0, 0.0, 0.0, 0.0, 0.0], [0.0, 0.0, 0.0, 0.4591184277625953, 0.3085057705018049, 0.0], [0.5938411596828038, 0.5714079318066893, 0.0, 0.0, 0.0, 0.0]], "gtPolPoints": [[217, 149, 217, 157, 278, 157, 278, 149], [240, 88, 240, 101, 255, 101, 255, 88], [43, 92, 43, 112, 157, 112, 157, 92], [72, 115, 72, 135, 129, 135, 129, 115], [213, 132, 213, 140, 280, 140, 280, 132], [664, 369, 664, 444, 155, 444, 155, 369], [776, 464, 776, 499, 56, 499, 56, 464]], "detPolPoints": [[293, 463, 765, 462, 765, 502, 294, 504], [61, 462, 513, 461, 513, 501, 61, 503], [41, 91, 156, 91, 156, 112, 41, 112], [172, 370, 426, 368, 426, 437, 173, 440], [500, 365, 670, 365, 671, 443, 500, 443], [69, 114, 129, 114, 129, 135, 69, 135]], "gtDontCare": [], "detDontCare": [], "evaluationParams": {"IOU_CONSTRAINT": 0.5, "AREA_PRECISION_CONSTRAINT": 0.5, "GT_SAMPLE_NAME_2_ID": "", "DET_SAMPLE_NAME_2_ID": "", "LTRB": false, "CRLF": false, "CONFIDENCES": false, "PER_SAMPLE_RESULTS": true}, "evaluationLog": "GT polygons: 7\nDET polygons: 6\nMatch GT #2 with Det #2\nMatch GT #3 with Det #5\nMatch GT #6 with Det #0\n"}