{"precision": 0.8, "recall": 0.4, "hmean": 0.5333333333333333, "pairs": [{"gt": 0, "det": 0}, {"gt": 1, "det": 1}, {"gt": 8, "det": 2}, {"gt": 9, "det": 4}], "AP": 0, "iouMat": [[0.9184415584415584, 0.0, 0.0, 0.0, 0.0], [0.0, 0.9136672539642587, 0.0, 0.0, 0.0], [0.0, 0.0, 0.0, 0.21063754843254667, 0.0], [0.0, 0.0, 0.0, 0.46448279910766704, 0.0], [0.0, 0.0, 0.0, 0.000929476007900546, 0.0], [0.0, 0.0, 0.0, 0.0, 0.0], [0.0, 0.0, 0.0, 0.0, 0.0], [0.0, 0.0, 0.0, 0.0, 0.0], [0.0, 0.0, 0.9540622522848239, 0.0, 0.0], [0.0, 0.0, 0.0, 0.0, 0.8267045580570778], [0.0, 0.0, 0.0, 0.0, 0.0], [0.0, 0.0, 0.0, 0.1764561651484651, 0.0]], "gtPolPoints": [[4, 194, 4, 246, 212, 246, 212, 194], [3, 118, 3, 184, 168, 184, 168, 118], [461, 136, 461, 159, 500, 159, 500, 136], [536, 135, 536, 158, 622, 158, 622, 135], [624, 130, 624, 137, 631, 137, 631, 130], [612, 123, 612, 132, 621, 132, 621, 123], [592, 123, 592, 132, 601, 132, 601, 123], [570, 123, 570, 132, 579, 132, 579, 123], [0, 10, 0, 110, 269, 110, 269, 10], [370, 8, 424, 107, 639, 112, 639, 12], [119, 58, 119, 58, 118, 58, 118, 58], [504, 133, 504, 162, 534, 162, 534, 133]], "detPolPoints": [[0, 195, 212, 195, 212, 249, 0, 248], [0, 117, 174, 117, 174, 185, 0, 186], [0, 7, 263, 10, 262, 112, 0, 109], [459, 135, 626, 135, 626, 160, 459, 161], [410, 9, 622, 7, 623, 111, 411, 113]], "gtDontCare": [4, 11], "detDontCare": [], "evaluationParams": {"IOU_CONSTRAINT": 0.5, "AREA_PRECISION_CONSTRAINT": 0.5, "GT_SAMPLE_NAME_2_ID": "", "DET_SAMPLE_NAME_2_ID": "", "LTRB": false, "CRLF": false, "CONFIDENCES": false, "PER_SAMPLE_RESULTS": true}, "evaluationLog": "GT polygons: 12 (2 don't care)\nDET polygons: 5\nMatch GT #0 with Det #0\nMatch GT #1 with Det #1\nMatch GT #8 with Det #2\nMatch GT #9 with Det #4\n"}