{"precision": 1.0, "recall": 1.0, "hmean": 1.0, "pairs": [{"gt": 0, "det": 0}, {"gt": 1, "det": 3}, {"gt": 2, "det": 2}, {"gt": 3, "det": 1}], "AP": 0, "iouMat": [[0.909576387385437, 0.0, 0.0, 0.0], [0.0, 0.0, 0.0, 0.7847060018279679], [0.0, 0.0, 0.7422819968553217, 0.0], [0.0, 0.7163174282588571, 0.0, 0.0]], "gtPolPoints": [[48, 344, 48, 633, 95, 633, 95, 344], [664, 38, 664, 333, 704, 333, 704, 38], [718, 29, 718, 337, 778, 337, 778, 29], [712, 545, 712, 601, 408, 601, 408, 545]], "detPolPoints": [[47, 348, 94, 348, 94, 622, 47, 622], [372, 541, 712, 539, 712, 609, 373, 611], [721, 84, 779, 84, 780, 344, 722, 344], [661, 90, 703, 90, 705, 335, 664, 335]], "gtDontCare": [], "detDontCare": [], "evaluationParams": {"IOU_CONSTRAINT": 0.5, "AREA_PRECISION_CONSTRAINT": 0.5, "GT_SAMPLE_NAME_2_ID": "", "DET_SAMPLE_NAME_2_ID": "", "LTRB": false, "CRLF": false, "CONFIDENCES": false, "PER_SAMPLE_RESULTS": true}, "evaluationLog": "GT polygons: 4\nDET polygons: 4\nMatch GT #0 with Det #0\nMatch GT #1 with Det #3\nMatch GT #2 with Det #2\nMatch GT #3 with Det #1\n"}