{"precision": 0.8, "recall": 0.36363636363636365, "hmean": 0.5000000000000001, "pairs": [{"gt": 17, "det": 2}, {"gt": 18, "det": 4}, {"gt": 19, "det": 1}, {"gt": 24, "det": 0}], "AP": 0, "iouMat": [[0.0, 0.0, 0.0, 0.0, 0.0], [0.0, 0.0, 0.0, 0.0, 0.0], [0.0, 0.0, 0.0, 0.0, 0.0], [0.0, 0.0, 0.0, 0.0, 0.0], [0.0, 0.0, 0.0, 0.0, 0.0], [0.0, 0.0, 0.0, 0.0, 0.0], [0.0, 0.0, 0.0, 0.0, 0.0], [0.0, 0.0, 0.0, 0.0, 0.0], [0.0, 0.0, 0.0, 0.0, 0.0], [0.0, 0.0, 0.0, 0.0, 0.0], [0.0, 0.0, 0.0, 0.0, 0.0], [0.0, 0.0, 0.0, 0.0, 0.0], [0.0, 0.0, 0.0, 0.0, 0.0], [0.0, 0.0, 0.0, 0.0, 0.0], [0.0, 0.0, 0.0, 0.28061224489795916, 0.0], [0.0, 0.0, 0.0, 0.3704081632653061, 0.0], [0.0, 0.0, 0.0, 0.0, 0.0], [0.0, 0.0, 0.9153940352375706, 0.0, 0.0], [0.0, 0.0, 0.0, 0.0, 0.7951176983435048], [0.0, 0.904913821092305, 0.0, 0.0, 0.0], [0.0, 0.0, 0.0, 0.0, 0.0], [0.0, 0.0, 0.0, 0.0, 0.0], [0.0, 0.0, 0.0, 0.0, 0.0], [0.0, 0.0, 0.0, 0.0, 0.0], [0.9183010832824718, 0.0, 0.0, 0.0, 0.0]], "gtPolPoints": [[256, 225, 256, 229, 295, 229, 295, 225], [255, 222, 255, 225, 293, 225, 293, 222], [265, 210, 265, 215, 282, 215, 282, 210], [266, 187, 266, 204, 279, 204, 279, 187], [181, 226, 181, 230, 197, 230, 197, 226], [180, 201, 180, 205, 196, 205, 196, 201], [158, 202, 158, 205, 177, 205, 177, 202], [160, 226, 160, 230, 175, 230, 175, 226], [139, 226, 139, 231, 153, 231, 153, 226], [137, 202, 137, 206, 154, 206, 154, 202], [45, 224, 45, 230, 122, 230, 122, 224], [33, 201, 33, 208, 47, 208, 47, 201], [51, 202, 51, 208, 69, 208, 69, 202], [71, 200, 71, 209, 111, 209, 111, 200], [39, 188, 39, 199, 64, 199, 64, 188], [68, 188, 68, 199, 101, 199, 101, 188], [159, 172, 157, 177, 263, 177, 263, 170], [163, 150, 161, 166, 273, 166, 273, 149], [72, 151, 72, 167, 129, 167, 129, 151], [102, 122, 102, 148, 205, 148, 205, 122], [204, 117, 204, 120, 215, 120, 215, 117], [185, 104, 186, 106, 215, 108, 214, 105], [239, 70, 239, 77, 276, 77, 276, 70], [216, 201, 216, 204, 227, 204, 227, 201], [56, 16, 56, 37, 252, 37, 252, 16]], "detPolPoints": [[55, 16, 254, 17, 254, 38, 55, 38], [98, 122, 201, 122, 200, 148, 98, 147], [159, 149, 273, 149, 273, 165, 159, 166], [35, 186, 105, 185, 105, 199, 35, 200], [68, 149, 130, 149, 130, 167, 68, 168]], "gtDontCare": [0, 1, 2, 4, 5, 6, 7, 8, 9, 16, 20, 21, 22, 23], "detDontCare": [], "evaluationParams": {"IOU_CONSTRAINT": 0.5, "AREA_PRECISION_CONSTRAINT": 0.5, "GT_SAMPLE_NAME_2_ID": "", "DET_SAMPLE_NAME_2_ID": "", "LTRB": false, "CRLF": false, "CONFIDENCES": false, "PER_SAMPLE_RESULTS": true}, "evaluationLog": "GT polygons: 25 (14 don't care)\nDET polygons: 5\nMatch GT #17 with Det #2\nMatch GT #18 with Det #4\nMatch GT #19 with Det #1\nMatch GT #24 with Det #0\n"}