{"precision": 1.0, "recall": 1.0, "hmean": 1.0, "pairs": [{"gt": 0, "det": 0}, {"gt": 2, "det": 4}, {"gt": 3, "det": 2}, {"gt": 4, "det": 1}], "AP": 0, "iouMat": [[0.9484536082474226, 0.0, 0.0, 0.0, 0.0], [0.0, 0.0, 0.0, 0.9047881122729774, 0.0], [0.0, 0.0, 0.0, 0.0, 0.9426822481914302], [0.0, 0.0, 0.8581436077057794, 0.0, 0.0], [0.0, 0.8161354581673307, 0.0, 0.0, 0.0], [0.0, 0.0, 0.0, 0.0, 0.0], [0.0, 0.0, 0.0, 0.0, 0.0]], "gtPolPoints": [[63, 36, 63, 82, 292, 82, 292, 36], [347, 31, 347, 67, 484, 67, 484, 31], [357, 73, 357, 87, 480, 87, 480, 73], [238, 345, 238, 373, 380, 373, 380, 345], [181, 381, 181, 401, 432, 401, 432, 381], [441, 253, 435, 266, 474, 281, 476, 266], [394, 270, 473, 302, 476, 287, 395, 257]], "detPolPoints": [[63, 34, 292, 35, 292, 83, 63, 83], [186, 383, 427, 383, 427, 400, 186, 400], [240, 344, 381, 344, 381, 376, 240, 376], [347, 30, 485, 29, 485, 69, 347, 69], [356, 73, 478, 73, 478, 88, 356, 87]], "gtDontCare": [1, 5, 6], "detDontCare": [3], "evaluationParams": {"IOU_CONSTRAINT": 0.5, "AREA_PRECISION_CONSTRAINT": 0.5, "GT_SAMPLE_NAME_2_ID": "", "DET_SAMPLE_NAME_2_ID": "", "LTRB": false, "CRLF": false, "CONFIDENCES": false, "PER_SAMPLE_RESULTS": true}, "evaluationLog": "GT polygons: 7 (3 don't care)\nDET polygons: 5 (1 don't care)\nMatch GT #0 with Det #0\nMatch GT #2 with Det #4\nMatch GT #3 with Det #2\nMatch GT #4 with Det #1\n"}