{"precision": 1.0, "recall": 0.6666666666666666, "hmean": 0.8, "pairs": [{"gt": 0, "det": 0}, {"gt": 1, "det": 1}, {"gt": 2, "det": 3}, {"gt": 3, "det": 2}], "AP": 0, "iouMat": [[0.667551074555585, 0.0, 0.0, 0.0], [0.0, 0.8023698688108337, 0.0, 0.0], [0.0, 0.0, 0.0, 0.707278652911624], [0.0, 0.0, 0.6549257258208767, 0.0], [0.0, 0.0, 0.0, 0.0], [0.0, 0.0, 0.0, 0.0], [0.0, 0.0, 0.0, 0.0], [0.0, 0.0, 0.0, 0.0]], "gtPolPoints": [[114, 641, 114, 678, 737, 678, 737, 641], [257, 526, 257, 610, 592, 610, 592, 526], [223, 335, 217, 357, 300, 382, 308, 362], [207, 296, 197, 321, 291, 346, 307, 319], [489, 370, 477, 384, 550, 410, 560, 393], [513, 348, 508, 365, 537, 379, 548, 371], [417, 144, 418, 153, 457, 156, 457, 147], [431, 162, 431, 167, 448, 168, 448, 164]], "detPolPoints": [[184, 637, 660, 637, 660, 681, 184, 681], [254, 536, 573, 538, 573, 610, 254, 608], [207, 294, 280, 316, 273, 340, 200, 318], [225, 330, 300, 353, 292, 380, 216, 358]], "gtDontCare": [6, 7], "detDontCare": [], "evaluationParams": {"IOU_CONSTRAINT": 0.5, "AREA_PRECISION_CONSTRAINT": 0.5, "GT_SAMPLE_NAME_2_ID": "", "DET_SAMPLE_NAME_2_ID": "", "LTRB": false, "CRLF": false, "CONFIDENCES": false, "PER_SAMPLE_RESULTS": true}, "evaluationLog": "GT polygons: 8 (2 don't care)\nDET polygons: 4\nMatch GT #0 with Det #0\nMatch GT #1 with Det #1\nMatch GT #2 with Det #3\nMatch GT #3 with Det #2\n"}