{"precision": 1.0, "recall": 1.0, "hmean": 1.0, "pairs": [{"gt": 1, "det": 1}, {"gt": 2, "det": 0}], "AP": 0, "iouMat": [[0.0, 0.0, 0.9298245614035088], [0.0, 0.8775445292620865, 0.0], [0.7893296418285678, 0.0, 0.0]], "gtPolPoints": [[75, 181, 75, 196, 208, 196, 208, 181], [189, 271, 189, 333, 456, 333, 456, 271], [46, 783, 46, 841, 584, 841, 584, 783]], "detPolPoints": [[105, 784, 544, 785, 544, 842, 105, 841], [176, 270, 464, 270, 464, 336, 176, 335], [75, 182, 207, 182, 208, 196, 75, 196]], "gtDontCare": [0], "detDontCare": [2], "evaluationParams": {"IOU_CONSTRAINT": 0.5, "AREA_PRECISION_CONSTRAINT": 0.5, "GT_SAMPLE_NAME_2_ID": "", "DET_SAMPLE_NAME_2_ID": "", "LTRB": false, "CRLF": false, "CONFIDENCES": false, "PER_SAMPLE_RESULTS": true}, "evaluationLog": "GT polygons: 3 (1 don't care)\nDET polygons: 3 (1 don't care)\nMatch GT #1 with Det #1\nMatch GT #2 with Det #0\n"}