{"precision": 0.75, "recall": 0.75, "hmean": 0.75, "pairs": [{"gt": 0, "det": 1}, {"gt": 1, "det": 2}, {"gt": 3, "det": 3}], "AP": 0, "iouMat": [[0.0, 0.9432799013563502, 0.0, 0.0], [0.0, 0.0, 0.96, 0.0], [0.4901214950108525, 0.0, 0.0, 0.0], [0.0, 0.0, 0.0, 0.8865710560625815], [0.0, 0.0, 0.0, 0.0]], "gtPolPoints": [[30, 112, 30, 68, 230, 68, 230, 112], [45, 137, 45, 186, 216, 186, 216, 137], [278, 280, 278, 251, 501, 251, 501, 280], [463, 500, 463, 670, 499, 670, 499, 500], [379, 196, 379, 201, 390, 201, 390, 196]], "detPolPoints": [[262, 233, 501, 237, 500, 292, 261, 288], [32, 67, 231, 68, 230, 111, 32, 110], [45, 136, 216, 136, 216, 185, 45, 185], [460, 496, 499, 496, 499, 673, 460, 673]], "gtDontCare": [4], "detDontCare": [], "evaluationParams": {"IOU_CONSTRAINT": 0.5, "AREA_PRECISION_CONSTRAINT": 0.5, "GT_SAMPLE_NAME_2_ID": "", "DET_SAMPLE_NAME_2_ID": "", "LTRB": false, "CRLF": false, "CONFIDENCES": false, "PER_SAMPLE_RESULTS": true}, "evaluationLog": "GT polygons: 5 (1 don't care)\nDET polygons: 4\nMatch GT #0 with Det #1\nMatch GT #1 with Det #2\nMatch GT #3 with Det #3\n"}