{"precision": 1.0, "recall": 1.0, "hmean": 1.0, "pairs": [{"gt": 0, "det": 1}, {"gt": 1, "det": 0}, {"gt": 3, "det": 3}, {"gt": 8, "det": 2}], "AP": 0, "iouMat": [[0.0, 0.8547561487238201, 0.0, 0.0, 0.0], [0.8433440129287704, 0.0, 0.0, 0.0, 0.0], [0.0, 0.0, 0.0, 0.0, 0.44488501189532115], [0.0, 0.0, 0.0, 0.8191489361702128, 0.0], [0.0, 0.0, 0.0, 0.0, 0.0], [0.0, 0.0, 0.0, 0.0, 0.0], [0.0, 0.0, 0.0, 0.0, 0.0], [0.0, 0.0, 0.0, 0.0, 0.0], [0.0, 0.0, 0.8602941176470589, 0.0, 0.0]], "gtPolPoints": [[58, 447, 56, 500, 157, 483, 155, 428], [440, 222, 421, 254, 561, 334, 581, 289], [271, 88, 271, 114, 368, 114, 368, 88], [254, 457, 254, 468, 345, 468, 345, 457], [283, 414, 283, 421, 312, 421, 312, 414], [247, 406, 247, 413, 352, 413, 352, 406], [274, 394, 274, 402, 325, 402, 325, 394], [244, 386, 244, 394, 358, 394, 358, 386], [241, 368, 241, 380, 359, 380, 359, 368]], "detPolPoints": [[432, 218, 581, 297, 561, 331, 413, 252], [51, 441, 153, 432, 159, 490, 57, 500], [238, 367, 358, 367, 358, 380, 238, 381], [251, 456, 345, 455, 345, 468, 251, 469], [273, 88, 317, 88, 317, 113, 273, 114]], "gtDontCare": [2, 4, 5, 6, 7], "detDontCare": [4], "evaluationParams": {"IOU_CONSTRAINT": 0.5, "AREA_PRECISION_CONSTRAINT": 0.5, "GT_SAMPLE_NAME_2_ID": "", "DET_SAMPLE_NAME_2_ID": "", "LTRB": false, "CRLF": false, "CONFIDENCES": false, "PER_SAMPLE_RESULTS": true}, "evaluationLog": "GT polygons: 9 (5 don't care)\nDET polygons: 5 (1 don't care)\nMatch GT #0 with Det #1\nMatch GT #1 with Det #0\nMatch GT #3 with Det #3\nMatch GT #8 with Det #2\n"}