{"precision": 0.8, "recall": 0.8, "hmean": 0.8000000000000002, "pairs": [{"gt": 0, "det": 4}, {"gt": 1, "det": 2}, {"gt": 2, "det": 3}, {"gt": 4, "det": 0}], "AP": 0, "iouMat": [[0.0, 0.0, 0.0, 0.0, 0.6160781367392938], [0.0, 0.0, 0.662540683724967, 0.0, 0.0], [0.0, 0.0, 0.0, 0.5455997412133952, 0.0], [0.0, 0.15303135888501743, 0.0, 0.0, 0.0], [0.901585126739269, 0.0, 0.0, 0.0, 0.0], [0.0, 0.0, 0.0, 0.0, 0.0]], "gtPolPoints": [[207, 112, 207, 132, 289, 132, 289, 112], [195, 180, 195, 204, 278, 204, 278, 180], [189, 253, 189, 276, 269, 276, 269, 253], [207, 338, 207, 365, 268, 365, 268, 338], [494, 448, 494, 491, 7, 491, 7, 448], [238, 344, 238, 345, 238, 345, 238, 344]], "detPolPoints": [[19, 447, 468, 448, 468, 491, 19, 490], [165, 332, 452, 333, 452, 370, 165, 370], [174, 180, 296, 181, 296, 205, 174, 203], [155, 251, 292, 254, 292, 278, 155, 276], [185, 111, 306, 111, 306, 133, 185, 133]], "gtDontCare": [5], "detDontCare": [], "evaluationParams": {"IOU_CONSTRAINT": 0.5, "AREA_PRECISION_CONSTRAINT": 0.5, "GT_SAMPLE_NAME_2_ID": "", "DET_SAMPLE_NAME_2_ID": "", "LTRB": false, "CRLF": false, "CONFIDENCES": false, "PER_SAMPLE_RESULTS": true}, "evaluationLog": "GT polygons: 6 (1 don't care)\nDET polygons: 5\nMatch GT #0 with Det #4\nMatch GT #1 with Det #2\nMatch GT #2 with Det #3\nMatch GT #4 with Det #0\n"}