{"precision": 1.0, "recall": 0.12121212121212122, "hmean": 0.21621621621621626, "pairs": [{"gt": 0, "det": 0}, {"gt": 1, "det": 3}, {"gt": 2, "det": 2}, {"gt": 32, "det": 1}], "AP": 0, "iouMat": [[0.6264736407909093, 0.0, 0.0, 0.0], [0.0, 0.0, 0.0, 0.9676443906864227], [0.0, 0.0, 0.9378220542768808, 0.0], [0.0, 0.011578947368421053, 0.0, 0.0], [0.0, 0.0, 0.0, 0.0], [0.0, 0.0, 0.0, 0.0], [0.0, 0.0, 0.0, 0.0], [0.0, 0.0, 0.0, 0.0], [0.0, 0.0, 0.0, 0.0], [0.0, 0.0, 0.0, 0.0], [0.0, 0.0, 0.0, 0.0], [0.0, 0.0, 0.0, 0.0], [0.0, 0.0, 0.0, 0.0], [0.0, 0.0, 0.0, 0.0], [0.0, 0.0, 0.0, 0.0], [0.0, 0.0030701754385964912, 0.0, 0.0], [0.0, 0.0006047516198704104, 0.0, 0.0], [0.0, 0.0, 0.0, 0.0], [0.0, 0.0, 0.0, 0.0], [0.0, 0.0, 0.0, 0.0], [0.0, 0.0, 0.0, 0.0], [0.0, 0.0, 0.0, 0.0], [0.0, 0.0, 0.0, 0.0], [0.0, 0.0, 0.0, 0.0], [0.0, 0.0, 0.0, 0.0], [0.0, 0.0, 0.0, 0.0], [0.0, 0.0, 0.0, 0.0], [0.0, 0.0, 0.0, 0.0], [0.0, 0.0, 0.0, 0.0], [0.0, 0.0, 0.0, 0.0], [0.0, 0.0, 0.0, 0.0], [0.0, 0.0, 0.0, 0.0], [0.0, 0.910641161642085, 0.0, 0.0]], "gtPolPoints": [[724, 633, 724, 690, 72, 690, 72, 633], [369, 701, 369, 741, 128, 741, 128, 701], [671, 702, 671, 741, 391, 741, 391, 702], [582, 753, 582, 759, 604, 759, 604, 753], [225, 744, 225, 751, 160, 751, 160, 744], [232, 744, 232, 751, 273, 751, 273, 744], [278, 745, 278, 750, 305, 750, 305, 745], [341, 744, 341, 750, 311, 750, 311, 744], [357, 744, 357, 751, 347, 751, 347, 744], [381, 745, 381, 750, 364, 750, 364, 745], [484, 761, 484, 766, 454, 766, 454, 761], [450, 761, 450, 767, 430, 767, 430, 761], [425, 761, 425, 767, 414, 767, 414, 761], [408, 760, 408, 767, 364, 767, 364, 760], [358, 761, 358, 767, 315, 767, 315, 761], [505, 752, 505, 759, 510, 759, 510, 752], [497, 752, 497, 759, 471, 759, 471, 752], [465, 753, 465, 759, 425, 759, 425, 753], [418, 752, 418, 759, 347, 759, 347, 752], [340, 753, 340, 758, 322, 758, 322, 753], [316, 753, 316, 759, 305, 759, 305, 753], [300, 753, 300, 759, 268, 759, 268, 753], [262, 752, 262, 758, 256, 758, 256, 752], [250, 753, 250, 758, 209, 758, 209, 753], [203, 753, 203, 758, 188, 758, 188, 753], [638, 745, 638, 750, 609, 750, 609, 745], [604, 744, 604, 750, 585, 750, 585, 744], [580, 744, 580, 749, 569, 749, 569, 744], [562, 745, 562, 750, 533, 750, 533, 745], [526, 744, 526, 751, 499, 751, 499, 744], [493, 745, 493, 750, 453, 750, 453, 745], [447, 745, 447, 752, 387, 752, 387, 745], [793, 751, 793, 789, 513, 789, 513, 751]], "detPolPoints": [[185, 633, 598, 632, 598, 690, 185, 691], [496, 752, 800, 751, 800, 789, 496, 789], [391, 701, 675, 702, 675, 743, 391, 742], [127, 701, 368, 701, 368, 742, 127, 742]], "gtDontCare": [], "detDontCare": [], "evaluationParams": {"IOU_CONSTRAINT": 0.5, "AREA_PRECISION_CONSTRAINT": 0.5, "GT_SAMPLE_NAME_2_ID": "", "DET_SAMPLE_NAME_2_ID": "", "LTRB": false, "CRLF": false, "CONFIDENCES": false, "PER_SAMPLE_RESULTS": true}, "evaluationLog": "GT polygons: 33\nDET polygons: 4\nMatch GT #0 with Det #0\nMatch GT #1 with Det #3\nMatch GT #2 with Det #2\nMatch GT #32 with Det #1\n"}