{"precision": 0.6, "recall": 0.5, "hmean": 0.5454545454545454, "pairs": [{"gt": 3, "det": 2}, {"gt": 4, "det": 3}, {"gt": 7, "det": 0}], "AP": 0, "iouMat": [[0.0, 0.2711616041765543, 0.0, 0.0, 0.0, 0.0], [0.0, 0.24647887323943662, 0.0, 0.0, 0.0, 0.0], [0.0, 0.22173615137300373, 0.0, 0.0, 0.0, 0.0], [0.0, 0.0, 0.8280197443189846, 0.0, 0.0, 0.0], [0.0, 0.0, 0.0, 0.7610014856474501, 0.0, 0.0], [0.0, 0.0, 0.0, 0.0, 0.7716829338300759, 0.0], [0.0, 0.0, 0.0, 0.0, 0.0, 0.0], [0.8128415300546448, 0.0, 0.0, 0.0, 0.0, 0.0], [0.0, 0.0, 0.0, 0.0, 0.0, 0.0], [0.0, 0.0, 0.0, 0.0, 0.0, 0.0], [0.0, 0.0, 0.0, 0.0, 0.0, 0.0], [0.0, 0.0, 0.0, 0.0, 0.0, 0.0], [0.0, 0.0, 0.0, 0.0, 0.0, 0.0]], "gtPolPoints": [[364, 219, 365, 235, 402, 238, 402, 219], [286, 221, 286, 237, 323, 237, 323, 221], [328, 220, 328, 237, 355, 239, 357, 220], [379, 477, 379, 489, 426, 490, 424, 477], [312, 465, 310, 478, 346, 480, 346, 470], [450, 476, 452, 486, 483, 483, 488, 469], [267, 454, 264, 464, 286, 469, 285, 459], [579, 630, 579, 650, 698, 650, 698, 630], [475, 630, 475, 627, 509, 623, 510, 626], [476, 634, 476, 631, 495, 629, 495, 632], [476, 638, 477, 635, 485, 635, 484, 637], [476, 642, 476, 639, 494, 636, 495, 638], [476, 646, 477, 643, 502, 637, 503, 640]], "detPolPoints": [[577, 628, 699, 627, 699, 651, 577, 652], [288, 218, 400, 218, 400, 238, 288, 238], [377, 475, 424, 477, 423, 491, 377, 489], [309, 465, 346, 467, 345, 481, 308, 479], [447, 476, 484, 469, 486, 482, 450, 489], [668, 502, 692, 502, 693, 520, 669, 520]], "gtDontCare": [5, 6, 8, 9, 10, 11, 12], "detDontCare": [4], "evaluationParams": {"IOU_CONSTRAINT": 0.5, "AREA_PRECISION_CONSTRAINT": 0.5, "GT_SAMPLE_NAME_2_ID": "", "DET_SAMPLE_NAME_2_ID": "", "LTRB": false, "CRLF": false, "CONFIDENCES": false, "PER_SAMPLE_RESULTS": true}, "evaluationLog": "GT polygons: 13 (7 don't care)\nDET polygons: 6 (1 don't care)\nMatch GT #3 with Det #2\nMatch GT #4 with Det #3\nMatch GT #7 with Det #0\n"}