{"precision": 0.3333333333333333, "recall": 0.2, "hmean": 0.25, "pairs": [{"gt": 6, "det": 2}], "AP": 0, "iouMat": [[0.06325, 0.0, 0.0, 0.0, 0.0], [0.06307653951633009, 0.0, 0.0, 0.0, 0.0], [0.07178464606181456, 0.0, 0.0, 0.0, 0.0], [0.598, 0.0, 0.0, 0.0, 0.0], [0.0, 0.04625439919557567, 0.0, 0.0, 0.0], [0.0, 0.7361516034985423, 0.0, 0.0, 0.0], [0.0, 0.0, 0.6536758193091231, 0.0, 0.0], [0.0, 0.0, 0.0, 0.46890588626538077, 0.48914202269271617]], "gtPolPoints": [[357, 16, 357, 39, 379, 39, 379, 16], [392, 16, 392, 40, 414, 40, 414, 16], [428, 15, 428, 40, 452, 40, 452, 15], [456, 16, 456, 39, 664, 39, 664, 16], [334, 52, 334, 64, 373, 64, 373, 52], [377, 51, 377, 67, 686, 67, 686, 51], [385, 82, 385, 94, 634, 94, 634, 82], [109, 633, 109, 687, 595, 687, 595, 633]], "detPolPoints": [[346, 14, 666, 14, 666, 39, 346, 39], [350, 48, 680, 49, 680, 66, 350, 66], [375, 78, 631, 79, 631, 96, 375, 96], [107, 631, 344, 631, 344, 688, 107, 688], [349, 632, 594, 631, 595, 688, 349, 690]], "gtDontCare": [3, 4, 5], "detDontCare": [0, 1], "evaluationParams": {"IOU_CONSTRAINT": 0.5, "AREA_PRECISION_CONSTRAINT": 0.5, "GT_SAMPLE_NAME_2_ID": "", "DET_SAMPLE_NAME_2_ID": "", "LTRB": false, "CRLF": false, "CONFIDENCES": false, "PER_SAMPLE_RESULTS": true}, "evaluationLog": "GT polygons: 8 (3 don't care)\nDET polygons: 5 (2 don't care)\nMatch GT #6 with Det #2\n"}