{"precision": 1.0, "recall": 1.0, "hmean": 1.0, "pairs": [{"gt": 0, "det": 1}, {"gt": 1, "det": 2}, {"gt": 2, "det": 3}, {"gt": 3, "det": 0}], "AP": 0, "iouMat": [[0.0, 0.9294812053432743, 0.0, 0.0], [0.0, 0.0, 0.8028693504762652, 0.0], [0.0, 0.0, 0.00027672303006519874, 0.9301158301158301], [0.736393760607775, 0.0, 0.0, 0.0]], "gtPolPoints": [[587, 432, 587, 366, 724, 366, 724, 432], [593, 451, 593, 584, 670, 584, 670, 451], [672, 568, 672, 535, 745, 535, 745, 568], [244, 724, 244, 785, 748, 785, 748, 724]], "detPolPoints": [[277, 725, 653, 724, 654, 785, 277, 786], [584, 364, 723, 364, 723, 433, 584, 433], [588, 440, 675, 443, 671, 589, 584, 587], [672, 534, 746, 534, 746, 569, 672, 569]], "gtDontCare": [], "detDontCare": [], "evaluationParams": {"IOU_CONSTRAINT": 0.5, "AREA_PRECISION_CONSTRAINT": 0.5, "GT_SAMPLE_NAME_2_ID": "", "DET_SAMPLE_NAME_2_ID": "", "LTRB": false, "CRLF": false, "CONFIDENCES": false, "PER_SAMPLE_RESULTS": true}, "evaluationLog": "GT polygons: 4\nDET polygons: 4\nMatch GT #0 with Det #1\nMatch GT #1 with Det #2\nMatch GT #2 with Det #3\nMatch GT #3 with Det #0\n"}