{"precision": 0.6, "recall": 0.6, "hmean": 0.6, "pairs": [{"gt": 0, "det": 1}, {"gt": 1, "det": 0}, {"gt": 3, "det": 2}], "AP": 0, "iouMat": [[0.0, 0.875, 0.0, 0.0, 0.0], [0.9185599064294936, 0.0031474033922014337, 0.0, 0.0, 0.0], [0.0, 0.005348591330306611, 0.0, 0.0, 0.0], [0.0, 0.0, 0.8868120456905504, 0.0, 0.0], [0.0, 0.0, 0.0, 0.49233543733092877, 0.3902439024390244]], "gtPolPoints": [[97, 855, 97, 960, 327, 960, 327, 855], [328, 943, 328, 961, 707, 961, 707, 943], [332, 854, 332, 940, 387, 940, 387, 854], [402, 879, 402, 935, 707, 935, 707, 879], [402, 858, 402, 870, 710, 870, 712, 858]], "detPolPoints": [[327, 942, 707, 942, 707, 960, 327, 961], [94, 850, 334, 850, 334, 965, 94, 965], [388, 877, 709, 876, 709, 936, 388, 937], [402, 854, 584, 854, 584, 870, 402, 870], [566, 853, 710, 854, 710, 871, 566, 870]], "gtDontCare": [], "detDontCare": [], "evaluationParams": {"IOU_CONSTRAINT": 0.5, "AREA_PRECISION_CONSTRAINT": 0.5, "GT_SAMPLE_NAME_2_ID": "", "DET_SAMPLE_NAME_2_ID": "", "LTRB": false, "CRLF": false, "CONFIDENCES": false, "PER_SAMPLE_RESULTS": true}, "evaluationLog": "GT polygons: 5\nDET polygons: 5\nMatch GT #0 with Det #1\nMatch GT #1 with Det #0\nMatch GT #3 with Det #2\n"}