{"precision": 1.0, "recall": 0.5, "hmean": 0.6666666666666666, "pairs": [{"gt": 2, "det": 0}, {"gt": 3, "det": 2}, {"gt": 4, "det": 1}], "AP": 0, "iouMat": [[0.0, 0.0, 0.0], [0.0, 0.0, 0.0], [0.9431568808041031, 0.0, 0.0], [0.0, 0.0, 0.8653146125845034], [0.0, 0.912880650397742, 0.0], [0.0, 0.0, 0.0], [0.0, 0.0, 0.0], [0.0, 0.0, 0.0]], "gtPolPoints": [[218, 575, 220, 583, 283, 594, 286, 584], [230, 588, 233, 593, 276, 599, 278, 592], [46, 135, 46, 184, 258, 183, 258, 132], [38, 107, 38, 124, 144, 124, 144, 107], [157, 101, 157, 124, 286, 124, 286, 101], [99, 85, 99, 91, 130, 91, 130, 85], [180, 84, 182, 91, 210, 91, 210, 84], [138, 84, 140, 91, 171, 91, 171, 84]], "detPolPoints": [[51, 133, 256, 133, 256, 184, 51, 184], [158, 102, 283, 101, 284, 125, 158, 125], [37, 106, 142, 106, 142, 123, 37, 123]], "gtDontCare": [0, 1], "detDontCare": [], "evaluationParams": {"IOU_CONSTRAINT": 0.5, "AREA_PRECISION_CONSTRAINT": 0.5, "GT_SAMPLE_NAME_2_ID": "", "DET_SAMPLE_NAME_2_ID": "", "LTRB": false, "CRLF": false, "CONFIDENCES": false, "PER_SAMPLE_RESULTS": true}, "evaluationLog": "GT polygons: 8 (2 don't care)\nDET polygons: 3\nMatch GT #2 with Det #0\nMatch GT #3 with Det #2\nMatch GT #4 with Det #1\n"}