{"precision": 0.6666666666666666, "recall": 0.36363636363636365, "hmean": 0.4705882352941177, "pairs": [{"gt": 10, "det": 2}, {"gt": 11, "det": 4}, {"gt": 14, "det": 3}, {"gt": 18, "det": 0}], "AP": 0, "iouMat": [[0.0, 0.0, 0.0, 0.0, 0.0, 0.0], [0.0, 0.0, 0.0, 0.0, 0.0, 0.0], [0.0, 0.0, 0.0, 0.0, 0.0, 0.0], [0.0, 0.0, 0.0, 0.0, 0.0, 0.0], [0.0, 0.0, 0.0, 0.0, 0.0, 0.0], [0.0, 0.0, 0.0, 0.0, 0.0, 0.0], [0.0, 0.0, 0.0, 0.0, 0.0, 0.0], [0.0, 0.0, 0.0, 0.0, 0.0, 0.0], [0.0, 0.0, 0.0, 0.0, 0.0, 0.0], [0.0, 0.0, 0.10678329576516071, 0.0, 0.0, 0.0], [0.0, 0.0, 0.647149689578378, 0.0, 0.0, 0.0], [0.0, 0.0, 0.0, 0.0, 0.7734416501470573, 0.0], [0.0, 0.0, 0.0, 0.0, 0.0, 0.0], [0.0, 0.0, 0.0, 0.0, 0.0, 0.43887572729390717], [0.0, 0.0, 0.0, 0.5732228754676644, 0.0, 0.0], [0.0, 0.13156568115847003, 0.0, 0.0, 0.0, 0.0], [0.0, 0.24106175514626219, 0.0, 0.0, 0.0, 0.0], [0.0, 0.30916385792839846, 0.0, 0.0, 0.0, 0.0], [0.7470833060815573, 0.0, 0.0, 0.0, 0.0, 0.0], [0.0, 0.0, 0.0, 0.0, 0.0, 0.26310976233144384]], "gtPolPoints": [[23, 254, 22, 260, 68, 258, 68, 252], [72, 251, 72, 259, 207, 252, 207, 244], [211, 244, 212, 251, 265, 248, 263, 242], [38, 242, 37, 249, 65, 248, 65, 242], [70, 241, 70, 247, 99, 247, 99, 240], [103, 239, 102, 246, 129, 245, 130, 238], [134, 238, 134, 245, 164, 242, 165, 237], [170, 236, 171, 243, 190, 242, 190, 235], [193, 235, 195, 241, 258, 239, 257, 232], [67, 214, 69, 227, 120, 225, 118, 210], [125, 207, 126, 226, 208, 222, 206, 205], [87, 178, 87, 190, 187, 185, 186, 172], [24, 160, 24, 170, 254, 158, 254, 151], [23, 128, 23, 134, 120, 132, 121, 124], [24, 105, 24, 114, 150, 108, 151, 100], [24, 91, 24, 101, 55, 99, 54, 89], [61, 88, 60, 98, 101, 98, 101, 86], [106, 86, 105, 97, 159, 95, 160, 83], [27, 57, 27, 81, 112, 80, 113, 53], [66, 122, 67, 151, 171, 146, 169, 118]], "detPolPoints": [[22, 55, 126, 53, 127, 81, 23, 83], [29, 87, 156, 83, 157, 97, 30, 102], [99, 207, 206, 204, 207, 225, 100, 228], [21, 102, 155, 98, 155, 112, 22, 116], [85, 176, 182, 173, 182, 188, 85, 191], [25, 123, 132, 120, 133, 134, 26, 137]], "gtDontCare": [1, 3, 4, 5, 6, 7, 8, 12, 13], "detDontCare": [], "evaluationParams": {"IOU_CONSTRAINT": 0.5, "AREA_PRECISION_CONSTRAINT": 0.5, "GT_SAMPLE_NAME_2_ID": "", "DET_SAMPLE_NAME_2_ID": "", "LTRB": false, "CRLF": false, "CONFIDENCES": false, "PER_SAMPLE_RESULTS": true}, "evaluationLog": "GT polygons: 20 (9 don't care)\nDET polygons: 6\nMatch GT #10 with Det #2\nMatch GT #11 with Det #4\nMatch GT #14 with Det #3\nMatch GT #18 with Det #0\n"}