{"precision": 0.25, "recall": 0.5, "hmean": 0.3333333333333333, "pairs": [{"gt": 1, "det": 1}], "AP": 0, "iouMat": [[0.3821927475083464, 0.0, 0.22499377701634002, 0.2195622364916511], [0.0, 0.9176317077148916, 0.0, 0.0]], "gtPolPoints": [[36, 429, 32, 448, 458, 450, 458, 436], [374, 28, 374, 57, 471, 57, 471, 28]], "detPolPoints": [[28, 425, 251, 426, 250, 457, 28, 456], [372, 28, 472, 28, 473, 58, 372, 59], [274, 430, 388, 429, 388, 452, 274, 453], [345, 434, 461, 433, 461, 452, 345, 453]], "gtDontCare": [], "detDontCare": [], "evaluationParams": {"IOU_CONSTRAINT": 0.5, "AREA_PRECISION_CONSTRAINT": 0.5, "GT_SAMPLE_NAME_2_ID": "", "DET_SAMPLE_NAME_2_ID": "", "LTRB": false, "CRLF": false, "CONFIDENCES": false, "PER_SAMPLE_RESULTS": true}, "evaluationLog": "GT polygons: 2\nDET polygons: 4\nMatch GT #1 with Det #1\n"}