{"precision": 0.8, "recall": 0.5, "hmean": 0.6153846153846154, "pairs": [{"gt": 2, "det": 4}, {"gt": 5, "det": 1}, {"gt": 6, "det": 0}, {"gt": 7, "det": 2}], "AP": 0, "iouMat": [[0.0, 0.0, 0.0, 0.15559639228066652, 0.0], [0.0, 0.0, 0.0, 0.14771582228853, 0.0], [0.0, 0.0, 0.0, 0.0, 0.887040887040887], [0.0, 0.0, 0.0, 0.0, 0.0], [0.0, 0.0, 0.0, 0.4271276621067136, 0.0], [0.017202101239645152, 0.944136460554371, 0.0, 0.0, 0.0], [0.9434575115538518, 0.003494560756506845, 0.0011808600370560554, 0.0, 0.0], [0.0, 0.0, 0.7791193694082039, 0.0, 0.0], [0.0, 0.0, 0.0, 0.0, 0.0], [0.0, 0.0, 0.0, 0.0, 0.0], [0.0, 0.0, 0.0, 0.0, 0.0], [0.0, 0.0, 0.0, 0.0, 0.0], [0.0, 0.0, 0.0, 0.0, 0.0], [0.0, 0.0, 0.0, 0.0, 0.0], [0.0, 0.0, 0.0, 0.0, 0.0], [0.0, 0.0, 0.0, 0.0, 0.0]], "gtPolPoints": [[616, 763, 616, 785, 724, 785, 724, 763], [727, 751, 727, 786, 792, 786, 792, 751], [19, 732, 19, 772, 282, 772, 282, 732], [316, 737, 316, 768, 348, 768, 348, 737], [381, 732, 381, 772, 777, 772, 777, 732], [73, 25, 73, 79, 237, 79, 237, 25], [26, 78, 22, 133, 287, 135, 287, 79], [77, 136, 76, 176, 237, 177, 237, 136], [63, 638, 63, 663, 84, 663, 84, 638], [100, 599, 100, 631, 116, 631, 116, 599], [140, 598, 140, 617, 150, 617, 150, 598], [169, 635, 169, 613, 182, 613, 182, 635], [121, 642, 121, 656, 156, 656, 156, 642], [305, 713, 305, 731, 320, 731, 320, 713], [316, 679, 316, 698, 339, 698, 339, 679], [337, 659, 337, 675, 356, 675, 356, 659]], "detPolPoints": [[23, 77, 288, 76, 288, 134, 23, 135], [72, 23, 240, 23, 240, 79, 73, 79], [45, 134, 239, 134, 239, 176, 45, 177], [368, 746, 792, 751, 791, 787, 367, 782], [23, 730, 279, 729, 279, 773, 23, 774]], "gtDontCare": [8, 9, 10, 11, 12, 13, 14, 15], "detDontCare": [], "evaluationParams": {"IOU_CONSTRAINT": 0.5, "AREA_PRECISION_CONSTRAINT": 0.5, "GT_SAMPLE_NAME_2_ID": "", "DET_SAMPLE_NAME_2_ID": "", "LTRB": false, "CRLF": false, "CONFIDENCES": false, "PER_SAMPLE_RESULTS": true}, "evaluationLog": "GT polygons: 16 (8 don't care)\nDET polygons: 5\nMatch GT #2 with Det #4\nMatch GT #5 with Det #1\nMatch GT #6 with Det #0\nMatch GT #7 with Det #2\n"}