{"precision": 0.3333333333333333, "recall": 0.2222222222222222, "hmean": 0.26666666666666666, "pairs": [{"gt": 11, "det": 1}, {"gt": 14, "det": 4}], "AP": 0, "iouMat": [[0.21657773183478915, 0.0, 0.0, 0.0, 0.0, 0.0], [0.18237106230746297, 0.0, 0.0, 0.0, 0.0, 0.0], [0.21022527417770417, 0.0, 0.0, 0.0, 0.0, 0.0], [0.06629828497600075, 0.0, 0.0, 0.0, 0.0, 0.0], [0.0, 0.0, 0.36149303949545675, 0.0, 0.0, 0.0], [0.0, 0.0, 0.14435725658734244, 0.0, 0.0, 0.0], [0.0, 0.0, 0.19308487916014025, 0.0, 0.0, 0.0], [0.0, 0.0, 0.0, 0.0, 0.0, 0.0], [0.0, 0.0, 0.0, 0.0, 0.0, 0.0], [0.0, 0.0, 0.0, 0.0, 0.0, 0.0], [0.0, 0.0, 0.0, 0.0, 0.0, 0.0], [0.0, 0.8839050131926122, 0.0, 0.0, 0.0, 0.0], [0.0, 0.0, 0.0, 0.0, 0.0, 0.0], [0.0, 0.0, 0.0, 0.0, 0.0, 0.0], [0.0, 0.0, 0.0, 0.002181110510973524, 0.6195899772209568, 0.0], [0.0, 0.0, 0.0, 0.3349050091858077, 0.0, 0.3754332651608439], [0.0, 0.0, 0.0, 0.21411777538084922, 0.0, 0.0], [0.0, 0.0, 0.0, 0.0, 0.0, 0.12027397260273973], [0.0, 0.0, 0.0, 0.0, 0.0, 0.0], [0.0, 0.0, 0.0, 0.0, 0.0, 0.0], [0.0, 0.0, 0.0, 0.0, 0.0, 0.0], [0.0, 0.0, 0.0, 0.0, 0.0, 0.0], [0.0, 0.0, 0.0, 0.0, 0.0, 0.030684931506849315]], "gtPolPoints": [[28, 138, 28, 207, 110, 207, 110, 138], [98, 234, 98, 308, 36, 308, 36, 234], [37, 327, 37, 403, 108, 403, 108, 327], [31, 425, 31, 502, 103, 502, 103, 425], [183, 438, 184, 459, 245, 464, 244, 441], [327, 433, 326, 456, 272, 463, 272, 442], [248, 442, 248, 464, 270, 464, 270, 442], [169, 588, 170, 596, 187, 608, 188, 601], [189, 600, 189, 607, 213, 614, 212, 609], [225, 328, 225, 335, 241, 335, 241, 328], [273, 329, 273, 335, 288, 335, 288, 329], [188, 338, 188, 368, 324, 368, 324, 338], [210, 369, 210, 380, 262, 380, 262, 369], [266, 368, 266, 379, 303, 379, 303, 368], [293, 395, 293, 405, 223, 405, 223, 395], [280, 412, 280, 421, 204, 422, 204, 410], [329, 406, 329, 415, 281, 421, 282, 411], [181, 407, 179, 417, 201, 420, 202, 410], [165, 333, 165, 339, 173, 339, 173, 333], [165, 342, 165, 350, 173, 350, 173, 342], [166, 352, 166, 359, 172, 359, 172, 352], [168, 430, 168, 438, 173, 441, 173, 432], [167, 406, 167, 412, 175, 414, 175, 406]], "detPolPoints": [[28, 139, 109, 139, 106, 452, 26, 451], [186, 335, 322, 335, 322, 368, 186, 368], [199, 437, 294, 438, 293, 464, 199, 463], [219, 406, 321, 404, 321, 421, 219, 422], [221, 391, 291, 390, 291, 406, 222, 406], [165, 402, 272, 408, 271, 425, 164, 419]], "gtDontCare": [7, 8, 9, 10, 12, 13, 15, 16, 17, 18, 19, 20, 21, 22], "detDontCare": [], "evaluationParams": {"IOU_CONSTRAINT": 0.5, "AREA_PRECISION_CONSTRAINT": 0.5, "GT_SAMPLE_NAME_2_ID": "", "DET_SAMPLE_NAME_2_ID": "", "LTRB": false, "CRLF": false, "CONFIDENCES": false, "PER_SAMPLE_RESULTS": true}, "evaluationLog": "GT polygons: 23 (14 don't care)\nDET polygons: 6\nMatch GT #11 with Det #1\nMatch GT #14 with Det #4\n"}