{"precision": 0.5714285714285714, "recall": 0.5714285714285714, "hmean": 0.5714285714285714, "pairs": [{"gt": 0, "det": 1}, {"gt": 2, "det": 0}, {"gt": 4, "det": 6}, {"gt": 6, "det": 4}], "AP": 0, "iouMat": [[0.0, 0.9262399818196642, 0.0, 0.0, 0.0, 0.0, 0.0], [0.0, 0.0, 0.406821398051849, 0.44091151593713673, 0.0, 0.22883795864593862, 0.0], [0.7359192377413539, 0.0, 0.0, 0.0, 0.0, 0.0, 0.0], [0.0, 0.0, 0.0, 0.0, 0.0, 0.0, 0.0], [0.0, 0.0, 0.0, 0.0, 0.0, 0.0, 0.8949438248307648], [0.0, 0.0, 0.0, 0.0, 0.0, 0.0, 0.0], [0.0, 0.0, 0.0, 0.0, 0.7874316670432869, 0.0, 0.0]], "gtPolPoints": [[1767, 2246, 1767, 2343, 2137, 2343, 2137, 2246], [71, 691, 81, 1000, 2302, 960, 2308, 651], [325, 1098, 325, 1187, 1415, 1168, 1421, 1080], [84, 1101, 84, 1193, 157, 1193, 157, 1101], [2253, 1067, 2253, 1159, 2311, 1159, 2311, 1067], [1057, 3, 1057, 64, 1161, 64, 1161, 3], [1531, 1077, 1531, 1159, 2103, 1159, 2103, 1077]], "detPolPoints": [[379, 1087, 1260, 1080, 1261, 1179, 380, 1186], [1767, 2242, 2143, 2241, 2143, 2341, 1767, 2342], [1018, 656, 1959, 638, 1965, 974, 1025, 992], [250, 672, 1269, 660, 1273, 994, 254, 1006], [1504, 1068, 2096, 1065, 2097, 1164, 1504, 1166], [57, 709, 661, 726, 653, 1017, 49, 1000], [2252, 1062, 2313, 1064, 2311, 1159, 2249, 1157]], "gtDontCare": [], "detDontCare": [], "evaluationParams": {"IOU_CONSTRAINT": 0.5, "AREA_PRECISION_CONSTRAINT": 0.5, "GT_SAMPLE_NAME_2_ID": "", "DET_SAMPLE_NAME_2_ID": "", "LTRB": false, "CRLF": false, "CONFIDENCES": false, "PER_SAMPLE_RESULTS": true}, "evaluationLog": "GT polygons: 7\nDET polygons: 7\nMatch GT #0 with Det #1\nMatch GT #2 with Det #0\nMatch GT #4 with Det #6\nMatch GT #6 with Det #4\n"}