{"precision": 0.8, "recall": 0.6666666666666666, "hmean": 0.7272727272727272, "pairs": [{"gt": 0, "det": 0}, {"gt": 1, "det": 1}, {"gt": 2, "det": 3}, {"gt": 3, "det": 2}], "AP": 0, "iouMat": [[0.9, 0.0, 0.0, 0.0, 0.0], [0.0, 0.9461127794461128, 0.0, 0.0, 0.0], [0.0, 0.0, 0.0, 0.9237875288683602, 0.0], [0.0, 0.0, 0.8599330191754838, 0.0, 0.0], [0.0, 0.0, 0.0, 0.0, 0.19870898474473436], [0.0, 0.0, 0.023596938256111873, 0.0, 0.0], [0.0, 0.0, 0.0, 0.0, 0.0], [0.0, 0.0, 0.0, 0.0, 0.0], [0.0, 0.0, 0.0, 0.0, 0.0], [0.0, 0.0, 0.0, 0.0, 0.0]], "gtPolPoints": [[639, 37, 639, 90, 746, 90, 746, 37], [642, 94, 642, 148, 748, 148, 748, 94], [759, 193, 759, 244, 784, 244, 784, 193], [620, 193, 620, 249, 751, 249, 751, 193], [648, 326, 642, 349, 798, 386, 798, 362], [598, 218, 591, 232, 640, 244, 640, 234], [351, 265, 351, 272, 358, 272, 358, 265], [358, 275, 362, 297, 368, 293, 362, 276], [297, 155, 297, 160, 306, 160, 306, 155], [303, 163, 309, 177, 312, 176, 309, 163]], "detPolPoints": [[639, 40, 746, 41, 746, 92, 639, 92], [640, 94, 750, 95, 749, 149, 639, 148], [621, 191, 752, 189, 752, 253, 622, 255], [759, 192, 783, 192, 784, 243, 760, 243], [663, 331, 695, 338, 690, 361, 658, 354]], "gtDontCare": [6, 7, 8, 9], "detDontCare": [], "evaluationParams": {"IOU_CONSTRAINT": 0.5, "AREA_PRECISION_CONSTRAINT": 0.5, "GT_SAMPLE_NAME_2_ID": "", "DET_SAMPLE_NAME_2_ID": "", "LTRB": false, "CRLF": false, "CONFIDENCES": false, "PER_SAMPLE_RESULTS": true}, "evaluationLog": "GT polygons: 10 (4 don't care)\nDET polygons: 5\nMatch GT #0 with Det #0\nMatch GT #1 with Det #1\nMatch GT #2 with Det #3\nMatch GT #3 with Det #2\n"}