{"precision": 1.0, "recall": 0.6, "hmean": 0.7499999999999999, "pairs": [{"gt": 0, "det": 2}, {"gt": 2, "det": 1}, {"gt": 3, "det": 0}], "AP": 0, "iouMat": [[0.0, 0.0, 0.9132906443852806], [0.0, 0.0, 0.0], [0.0, 0.8231841526045488, 0.0], [0.8663629339248361, 0.0, 0.0], [0.0, 0.0, 0.0], [0.0, 0.0, 0.0]], "gtPolPoints": [[8, 585, 2, 616, 137, 616, 136, 583], [423, 593, 423, 615, 451, 615, 451, 593], [53, 368, 53, 395, 456, 395, 456, 368], [74, 295, 56, 353, 443, 351, 452, 295], [234, 96, 236, 101, 254, 104, 258, 99], [240, 1, 242, 6, 278, 7, 277, 2]], "detPolPoints": [[49, 296, 458, 296, 458, 356, 49, 355], [53, 369, 449, 370, 449, 399, 53, 398], [5, 584, 139, 584, 139, 617, 5, 618]], "gtDontCare": [4], "detDontCare": [], "evaluationParams": {"IOU_CONSTRAINT": 0.5, "AREA_PRECISION_CONSTRAINT": 0.5, "GT_SAMPLE_NAME_2_ID": "", "DET_SAMPLE_NAME_2_ID": "", "LTRB": false, "CRLF": false, "CONFIDENCES": false, "PER_SAMPLE_RESULTS": true}, "evaluationLog": "GT polygons: 6 (1 don't care)\nDET polygons: 3\nMatch GT #0 with Det #2\nMatch GT #2 with Det #1\nMatch GT #3 with Det #0\n"}