{"precision": 0.6, "recall": 0.375, "hmean": 0.4615384615384615, "pairs": [{"gt": 0, "det": 2}, {"gt": 3, "det": 4}, {"gt": 4, "det": 3}], "AP": 0, "iouMat": [[0.0, 0.0, 0.6845788308811471, 0.0, 0.0], [0.0, 0.2880652276899879, 0.0, 0.0, 0.0], [0.0, 0.4437461575244211, 0.0, 0.0, 0.0], [0.0, 0.0, 0.0, 0.06331763474620618, 0.706784943658595], [0.0, 0.0, 0.0, 0.5768632185245524, 0.0], [0.3215269980606308, 0.0, 0.0, 0.0, 0.0], [0.2869373803564875, 0.0, 0.0, 0.0, 0.0], [0.0, 0.0, 0.23794928949568125, 0.0, 0.0]], "gtPolPoints": [[15, 168, 15, 227, 192, 226, 193, 168], [435, 169, 448, 225, 557, 226, 557, 169], [569, 167, 569, 226, 734, 226, 734, 167], [532, 303, 532, 369, 599, 369, 599, 303], [626, 301, 626, 371, 692, 371, 692, 301], [531, 388, 531, 458, 599, 458, 599, 388], [627, 390, 627, 457, 691, 457, 691, 390], [201, 168, 201, 225, 263, 225, 263, 168]], "detPolPoints": [[554, 387, 668, 387, 669, 458, 554, 459], [485, 170, 685, 170, 685, 227, 485, 227], [10, 169, 262, 169, 262, 226, 10, 225], [588, 303, 693, 302, 693, 376, 588, 377], [530, 302, 617, 303, 617, 374, 529, 374]], "gtDontCare": [], "detDontCare": [], "evaluationParams": {"IOU_CONSTRAINT": 0.5, "AREA_PRECISION_CONSTRAINT": 0.5, "GT_SAMPLE_NAME_2_ID": "", "DET_SAMPLE_NAME_2_ID": "", "LTRB": false, "CRLF": false, "CONFIDENCES": false, "PER_SAMPLE_RESULTS": true}, "evaluationLog": "GT polygons: 8\nDET polygons: 5\nMatch GT #0 with Det #2\nMatch GT #3 with Det #4\nMatch GT #4 with Det #3\n"}