{"precision": 1.0, "recall": 1.0, "hmean": 1.0, "pairs": [{"gt": 0, "det": 0}, {"gt": 1, "det": 1}, {"gt": 2, "det": 2}, {"gt": 3, "det": 3}], "AP": 0, "iouMat": [[0.9571147844179864, 0.0, 0.0, 0.0], [0.0, 0.9852216748768473, 0.0, 0.0], [0.0, 0.0, 0.902464707162463, 0.0], [0.0, 0.0, 0.0, 0.7969279766983963]], "gtPolPoints": [[543, 22, 543, 124, 750, 124, 750, 22], [542, 145, 542, 246, 748, 246, 748, 145], [530, 288, 530, 332, 775, 332, 775, 288], [388, 509, 398, 526, 286, 584, 276, 565]], "detPolPoints": [[541, 21, 750, 20, 750, 122, 541, 122], [542, 146, 748, 146, 748, 246, 542, 247], [525, 285, 774, 285, 773, 333, 525, 332], [274, 566, 388, 505, 397, 523, 283, 584]], "gtDontCare": [], "detDontCare": [], "evaluationParams": {"IOU_CONSTRAINT": 0.5, "AREA_PRECISION_CONSTRAINT": 0.5, "GT_SAMPLE_NAME_2_ID": "", "DET_SAMPLE_NAME_2_ID": "", "LTRB": false, "CRLF": false, "CONFIDENCES": false, "PER_SAMPLE_RESULTS": true}, "evaluationLog": "GT polygons: 4\nDET polygons: 4\nMatch GT #0 with Det #0\nMatch GT #1 with Det #1\nMatch GT #2 with Det #2\nMatch GT #3 with Det #3\n"}