{"precision": 0.6, "recall": 0.5, "hmean": 0.5454545454545454, "pairs": [{"gt": 0, "det": 0}, {"gt": 2, "det": 4}, {"gt": 5, "det": 1}], "AP": 0, "iouMat": [[0.8058393403516051, 0.0, 0.0, 0.0, 0.0], [0.2755800299631534, 0.0, 0.0, 0.0, 0.0], [0.0, 0.0, 0.0, 0.0, 0.6744299086913116], [0.0, 0.10931424919629049, 0.0, 0.0, 0.0], [0.0, 0.0, 0.3690295317981094, 0.45896022642633694, 0.000605692429249479], [0.0, 0.8330456146464466, 0.0, 0.0, 0.0]], "gtPolPoints": [[381, 730, 381, 798, 798, 798, 798, 730], [604, 749, 604, 790, 790, 790, 790, 749], [0, 96, 0, 171, 52, 171, 52, 96], [48, 64, 48, 0, 2, 0, 2, 64], [57, 76, 57, 174, 331, 174, 331, 76], [53, 0, 53, 64, 361, 64, 361, 0]], "detPolPoints": [[391, 737, 770, 736, 770, 799, 391, 800], [8, 1, 364, 2, 364, 65, 8, 65], [58, 71, 163, 72, 161, 173, 57, 172], [171, 93, 329, 93, 329, 171, 171, 171], [-13, 91, 56, 89, 58, 167, -11, 169]], "gtDontCare": [], "detDontCare": [], "evaluationParams": {"IOU_CONSTRAINT": 0.5, "AREA_PRECISION_CONSTRAINT": 0.5, "GT_SAMPLE_NAME_2_ID": "", "DET_SAMPLE_NAME_2_ID": "", "LTRB": false, "CRLF": false, "CONFIDENCES": false, "PER_SAMPLE_RESULTS": true}, "evaluationLog": "GT polygons: 6\nDET polygons: 5\nMatch GT #0 with Det #0\nMatch GT #2 with Det #4\nMatch GT #5 with Det #1\n"}