{"precision": 0.75, "recall": 0.6, "hmean": 0.6666666666666665, "pairs": [{"gt": 0, "det": 2}, {"gt": 1, "det": 3}, {"gt": 4, "det": 0}], "AP": 0, "iouMat": [[0.0, 0.0, 0.5493885230479775, 0.0], [0.0, 0.0, 0.0, 0.902445579145391], [0.0, 0.2632661456190868, 0.0, 0.0], [0.0, 0.17259288853375948, 0.0, 0.0], [0.9099511099583196, 0.0, 0.0, 0.0]], "gtPolPoints": [[290, 28, 290, 46, 400, 46, 400, 28], [368, 62, 368, 85, 442, 85, 442, 62], [287, 127, 287, 119, 380, 119, 380, 127], [501, 127, 501, 119, 425, 119, 425, 127], [287, 100, 287, 113, 505, 113, 505, 100]], "detPolPoints": [[286, 101, 502, 100, 502, 113, 286, 114], [300, 117, 479, 117, 479, 130, 300, 130], [307, 30, 380, 30, 380, 48, 307, 48], [366, 62, 441, 61, 441, 86, 366, 86]], "gtDontCare": [], "detDontCare": [], "evaluationParams": {"IOU_CONSTRAINT": 0.5, "AREA_PRECISION_CONSTRAINT": 0.5, "GT_SAMPLE_NAME_2_ID": "", "DET_SAMPLE_NAME_2_ID": "", "LTRB": false, "CRLF": false, "CONFIDENCES": false, "PER_SAMPLE_RESULTS": true}, "evaluationLog": "GT polygons: 5\nDET polygons: 4\nMatch GT #0 with Det #2\nMatch GT #1 with Det #3\nMatch GT #4 with Det #0\n"}