{"precision": 0.5714285714285714, "recall": 0.6666666666666666, "hmean": 0.6153846153846153, "pairs": [{"gt": 0, "det": 4}, {"gt": 3, "det": 3}, {"gt": 4, "det": 1}, {"gt": 5, "det": 0}], "AP": 0, "iouMat": [[0.0, 0.0, 0.0, 0.0, 0.5941555171317832, 0.005264264800516354, 0.5880156360507534], [0.0, 0.0, 0.0, 0.0, 0.0, 0.36785767391978336, 0.005533746933281613], [0.0, 0.0, 0.0, 0.0, 0.0, 0.16415400187045925, 0.0], [0.0, 0.0, 0.0, 0.7527582748244734, 0.0, 0.03922158293799494, 0.0], [0.0, 0.8047398948704005, 0.0, 0.0, 0.0, 0.0, 0.0], [0.8684519370239869, 0.0, 0.0, 0.0, 0.0, 0.0, 0.0]], "gtPolPoints": [[193, 16, 231, 52, 75, 204, 43, 168], [171, 118, 207, 144, 113, 236, 87, 210], [15, 236, 67, 270, 105, 248, 52, 197], [471, 108, 471, 146, 231, 146, 231, 108], [1115, 40, 1115, 366, 1179, 366, 1179, 40], [1165, 1044, 1175, 1100, 975, 1172, 969, 1116]], "detPolPoints": [[957, 1115, 1163, 1046, 1180, 1097, 974, 1166], [1111, 63, 1174, 63, 1174, 364, 1111, 364], [1025, 955, 1120, 954, 1121, 1016, 1026, 1016], [233, 107, 470, 106, 470, 156, 233, 157], [70, 114, 200, 16, 231, 58, 102, 157], [25, 233, 242, 75, 271, 115, 54, 273], [40, 173, 174, 55, 207, 92, 72, 210]], "gtDontCare": [], "detDontCare": [], "evaluationParams": {"IOU_CONSTRAINT": 0.5, "AREA_PRECISION_CONSTRAINT": 0.5, "GT_SAMPLE_NAME_2_ID": "", "DET_SAMPLE_NAME_2_ID": "", "LTRB": false, "CRLF": false, "CONFIDENCES": false, "PER_SAMPLE_RESULTS": true}, "evaluationLog": "GT polygons: 6\nDET polygons: 7\nMatch GT #0 with Det #4\nMatch GT #3 with Det #3\nMatch GT #4 with Det #1\nMatch GT #5 with Det #0\n"}