{"precision": 0.125, "recall": 0.058823529411764705, "hmean": 0.07999999999999999, "pairs": [{"gt": 2, "det": 1}], "AP": 0, "iouMat": [[0.0, 0.0, 0.0, 0.0, 0.0, 0.0, 0.23128491620111732, 0.0], [0.0, 0.0, 0.0, 0.0, 0.0, 0.0, 0.3129974857229494, 0.0], [0.0, 0.8410513141426783, 0.0, 0.0, 0.0, 0.0, 0.0, 0.0], [0.0, 0.0, 0.2728347191688619, 0.0, 0.0, 0.0, 0.0, 0.0], [0.0, 0.0, 0.0, 0.0, 0.25161030595813205, 0.0, 0.0, 0.0], [0.0, 0.0, 0.0, 0.0, 0.26803712575735333, 0.0, 0.0, 0.0], [0.0, 0.0, 0.0, 0.0, 0.0, 0.0, 0.0, 0.4742339832869081], [0.25861970316797717, 0.0, 0.0, 0.0, 0.0, 0.0, 0.0, 0.0], [0.2503729083795765, 0.0, 0.0, 0.0, 0.0, 0.0, 0.0, 0.0], [0.0, 0.0, 0.0, 0.0, 0.0, 0.0, 0.0, 0.0], [0.0, 0.0, 0.23438648052902278, 0.0, 0.0, 0.0, 0.0, 0.0], [0.0, 0.0, 0.0, 0.26289441127101054, 0.0, 0.0, 0.0, 0.0], [0.0, 0.0, 0.0, 0.24158183241973374, 0.0, 0.0, 0.0, 0.0], [0.0, 0.0, 0.0, 0.0, 0.0, 0.29133858267716534, 0.0, 0.0], [0.0, 0.0, 0.0, 0.0, 0.0, 0.268591426071741, 0.0, 0.0], [0.0, 0.0, 0.0, 0.0, 0.0, 0.0, 0.0, 0.006436910083205301], [0.0, 0.0, 0.0, 0.0, 0.0, 0.0, 0.0, 0.0], [0.0, 0.0, 0.0, 0.0, 0.0, 0.0, 0.0, 0.0], [0.0, 0.0, 0.0, 0.0, 0.0, 0.0, 0.0, 0.0], [0.0, 0.0, 0.0, 0.0, 0.0, 0.0, 0.0, 0.0], [0.0, 0.0, 0.0, 0.0, 0.0, 0.0, 0.0, 0.0], [0.0, 0.0, 0.0, 0.0, 0.0, 0.0, 0.0, 0.0], [0.0, 0.0, 0.0, 0.0, 0.0, 0.0, 0.0, 0.0], [0.0, 0.0, 0.0, 0.0, 0.0, 0.0, 0.0, 0.0], [0.0, 0.0, 0.0, 0.0, 0.0, 0.0, 0.0, 0.0], [0.0, 0.0, 0.0, 0.017519512820607208, 0.0, 0.0, 0.0, 0.0], [0.0, 0.0, 0.0, 0.0, 0.0, 0.0, 0.0, 0.0], [0.0, 0.0, 0.0, 0.0, 0.0, 0.0, 0.0, 0.0], [0.0, 0.0, 0.0, 0.0, 0.0, 0.0, 0.0, 0.0], [0.0, 0.0, 0.0, 0.0, 0.0, 0.0, 0.0, 0.0], [0.0, 0.0, 0.0, 0.0, 0.0, 0.0, 0.0, 0.0], [0.0, 0.0, 0.0, 0.0, 0.0, 0.0, 0.0, 0.0]], "gtPolPoints": [[29, 18, 29, 45, 52, 45, 52, 18], [57, 19, 57, 62, 81, 62, 81, 19], [90, 27, 90, 48, 170, 48, 170, 27], [138, 110, 139, 119, 95, 117, 96, 108], [195, 103, 196, 113, 161, 116, 161, 108], [231, 97, 232, 105, 196, 114, 196, 103], [229, 123, 229, 132, 192, 138, 191, 129], [168, 132, 169, 140, 126, 143, 128, 134], [126, 135, 125, 143, 90, 141, 91, 132], [53, 127, 52, 135, 68, 136, 69, 129], [95, 107, 94, 116, 61, 111, 62, 101], [207, 154, 210, 162, 170, 170, 168, 162], [167, 161, 168, 171, 136, 175, 135, 166], [113, 167, 112, 175, 71, 170, 72, 162], [71, 161, 71, 171, 36, 165, 40, 157], [226, 113, 227, 118, 186, 125, 187, 119], [227, 138, 231, 150, 191, 153, 191, 144], [233, 152, 235, 162, 215, 164, 214, 155], [233, 163, 234, 169, 223, 172, 220, 165], [238, 169, 238, 173, 222, 176, 222, 172], [215, 166, 217, 176, 222, 177, 220, 166], [218, 182, 222, 190, 201, 190, 201, 182], [208, 191, 211, 201, 226, 202, 220, 193], [206, 191, 206, 196, 187, 202, 186, 196], [200, 182, 201, 192, 180, 196, 177, 186], [213, 167, 217, 180, 180, 183, 179, 174], [292, 0, 281, 22, 298, 22, 305, 1], [274, 26, 274, 45, 297, 45, 296, 28], [277, 57, 277, 67, 287, 67, 287, 57], [280, 102, 279, 108, 298, 111, 297, 103], [283, 113, 283, 116, 296, 118, 296, 115], [286, 95, 286, 99, 299, 99, 299, 95]], "detPolPoints": [[98, 128, 157, 132, 156, 147, 97, 143], [86, 26, 171, 26, 171, 49, 86, 50], [59, 98, 138, 107, 136, 124, 57, 115], [133, 160, 210, 154, 211, 170, 134, 177], [158, 104, 230, 95, 232, 112, 160, 121], [37, 153, 114, 166, 111, 181, 35, 167], [20, 12, 81, 13, 80, 57, 19, 56], [186, 124, 231, 120, 232, 136, 188, 140]], "gtDontCare": [15, 16, 17, 18, 19, 20, 21, 22, 23, 24, 25, 28, 29, 30, 31], "detDontCare": [], "evaluationParams": {"IOU_CONSTRAINT": 0.5, "AREA_PRECISION_CONSTRAINT": 0.5, "GT_SAMPLE_NAME_2_ID": "", "DET_SAMPLE_NAME_2_ID": "", "LTRB": false, "CRLF": false, "CONFIDENCES": false, "PER_SAMPLE_RESULTS": true}, "evaluationLog": "GT polygons: 32 (15 don't care)\nDET polygons: 8\nMatch GT #2 with Det #1\n"}