{"precision": 0.8, "recall": 0.5714285714285714, "hmean": 0.6666666666666666, "pairs": [{"gt": 1, "det": 0}, {"gt": 2, "det": 1}, {"gt": 5, "det": 2}, {"gt": 6, "det": 4}], "AP": 0, "iouMat": [[0.0, 0.0, 0.0, 0.0, 0.0], [0.8311724137931035, 0.0, 0.0, 0.0, 0.0], [0.0, 0.5636588380716935, 0.0, 0.0, 0.0], [0.0, 0.0, 0.0, 0.0, 0.0], [0.0, 0.0, 0.007380073800738007, 0.42823529411764705, 0.0], [0.0, 0.0, 0.7149321266968326, 0.10670305531518337, 0.0], [0.0, 0.0, 0.0, 0.0, 0.9459459459459459], [0.0, 0.0, 0.0, 0.0, 0.0], [0.0, 0.0, 0.0, 0.0, 0.0], [0.0, 0.0, 0.0, 0.0, 0.0]], "gtPolPoints": [[58, 28, 58, 35, 100, 35, 100, 28], [58, 40, 57, 50, 201, 50, 201, 39], [83, 62, 83, 54, 201, 54, 201, 62], [164, 224, 164, 219, 201, 219, 201, 224], [5, 246, 5, 220, 19, 220, 19, 246], [5, 209, 5, 130, 19, 130, 19, 209], [33, 227, 33, 157, 50, 157, 50, 227], [110, 84, 109, 78, 143, 78, 143, 85], [151, 85, 151, 78, 177, 78, 176, 84], [185, 84, 185, 78, 201, 78, 201, 84]], "detPolPoints": [[57, 38, 202, 39, 202, 51, 57, 51], [75, 52, 197, 51, 197, 64, 75, 65], [3, 130, 20, 130, 21, 221, 4, 221], [3, 195, 20, 196, 19, 247, 3, 247], [33, 155, 50, 155, 50, 229, 33, 229]], "gtDontCare": [3, 7, 8], "detDontCare": [], "evaluationParams": {"IOU_CONSTRAINT": 0.5, "AREA_PRECISION_CONSTRAINT": 0.5, "GT_SAMPLE_NAME_2_ID": "", "DET_SAMPLE_NAME_2_ID": "", "LTRB": false, "CRLF": false, "CONFIDENCES": false, "PER_SAMPLE_RESULTS": true}, "evaluationLog": "GT polygons: 10 (3 don't care)\nDET polygons: 5\nMatch GT #1 with Det #0\nMatch GT #2 with Det #1\nMatch GT #5 with Det #2\nMatch GT #6 with Det #4\n"}