{"precision": 0.6666666666666666, "recall": 0.4, "hmean": 0.5, "pairs": [{"gt": 0, "det": 1}, {"gt": 1, "det": 0}, {"gt": 2, "det": 3}, {"gt": 7, "det": 4}], "AP": 0, "iouMat": [[0.0, 0.8140691001227884, 0.0, 0.0, 0.0, 0.0], [0.8159928029325302, 0.0, 0.0, 0.0, 0.0, 0.0], [0.0, 0.0, 0.0, 0.8123076923076923, 0.0, 0.0], [0.0, 0.0, 0.0, 0.0, 0.0, 0.47619047619047616], [0.0, 0.0, 0.0, 0.0, 0.0, 0.0], [0.0, 0.0, 0.0, 0.0, 0.0, 0.0], [0.0, 0.0, 0.0, 0.0, 0.0, 0.0], [0.0, 0.0, 0.0, 0.0, 0.9100758396533044, 0.0], [0.0, 0.0, 0.23744828940882176, 0.0, 0.0, 0.0], [0.0, 0.0, 0.15467755494175572, 0.0, 0.0, 0.0], [0.0, 0.0, 0.17353188423201632, 0.0, 0.0, 0.0], [0.0, 0.0, 0.17634805634810685, 0.0, 0.0, 0.0], [0.0, 0.0, 0.08232191808246626, 0.0, 0.0, 0.0]], "gtPolPoints": [[84, 612, 84, 625, 328, 625, 328, 612], [86, 570, 86, 609, 357, 609, 357, 570], [467, 688, 467, 699, 515, 699, 515, 688], [484, 663, 484, 678, 498, 678, 498, 663], [477, 151, 477, 157, 515, 157, 515, 151], [482, 158, 482, 162, 510, 162, 510, 158], [278, 150, 279, 157, 303, 157, 303, 151], [273, 89, 273, 101, 310, 101, 310, 89], [104, 18, 104, 55, 133, 56, 132, 18], [77, 26, 75, 50, 104, 49, 104, 27], [49, 33, 48, 57, 78, 57, 78, 32], [25, 28, 24, 57, 49, 59, 49, 28], [27, 19, 26, 27, 81, 29, 79, 20]], "detPolPoints": [[55, 567, 344, 570, 344, 610, 54, 608], [68, 612, 337, 610, 337, 624, 68, 626], [23, 22, 135, 20, 136, 57, 23, 59], [466, 688, 516, 688, 516, 701, 466, 701], [274, 89, 309, 89, 309, 102, 274, 101], [480, 661, 501, 661, 501, 682, 480, 682]], "gtDontCare": [4, 5, 6], "detDontCare": [], "evaluationParams": {"IOU_CONSTRAINT": 0.5, "AREA_PRECISION_CONSTRAINT": 0.5, "GT_SAMPLE_NAME_2_ID": "", "DET_SAMPLE_NAME_2_ID": "", "LTRB": false, "CRLF": false, "CONFIDENCES": false, "PER_SAMPLE_RESULTS": true}, "evaluationLog": "GT polygons: 13 (3 don't care)\nDET polygons: 6\nMatch GT #0 with Det #1\nMatch GT #1 with Det #0\nMatch GT #2 with Det #3\nMatch GT #7 with Det #4\n"}