{"precision": 0.3333333333333333, "recall": 0.14285714285714285, "hmean": 0.2, "pairs": [{"gt": 1, "det": 0}], "AP": 0, "iouMat": [[0.0, 0.0, 0.0], [0.6764823717948718, 0.0, 0.0], [0.0, 0.46501783948585673, 0.45550119135296446], [0.0, 0.0, 0.0], [0.0, 0.0, 0.0], [0.0, 0.0, 0.0], [0.0, 0.0, 0.0]], "gtPolPoints": [[137, 818, 137, 885, 319, 885, 319, 818], [381, 814, 381, 878, 1044, 878, 1044, 814], [160, 230, 160, 371, 1012, 371, 1012, 230], [550, 557, 550, 582, 590, 582, 590, 557], [732, 546, 732, 571, 772, 571, 772, 546], [559, 665, 559, 713, 605, 713, 605, 665], [753, 654, 753, 701, 792, 701, 792, 654]], "detPolPoints": [[471, 816, 957, 818, 957, 877, 470, 875], [540, 227, 949, 226, 950, 376, 541, 378], [239, 231, 637, 225, 639, 374, 241, 379]], "gtDontCare": [], "detDontCare": [], "evaluationParams": {"IOU_CONSTRAINT": 0.5, "AREA_PRECISION_CONSTRAINT": 0.5, "GT_SAMPLE_NAME_2_ID": "", "DET_SAMPLE_NAME_2_ID": "", "LTRB": false, "CRLF": false, "CONFIDENCES": false, "PER_SAMPLE_RESULTS": true}, "evaluationLog": "GT polygons: 7\nDET polygons: 3\nMatch GT #1 with Det #0\n"}