{"precision": 1.0, "recall": 0.5, "hmean": 0.6666666666666666, "pairs": [{"gt": 0, "det": 0}, {"gt": 1, "det": 7}], "AP": 0, "iouMat": [[0.8888666399679616, 0.0, 0.0, 0.0, 0.0, 0.0, 0.0, 0.0, 0.0, 0.0], [0.0, 0.0, 0.0, 0.0, 0.0, 0.0, 0.0, 0.7992537313432836, 0.0, 0.0], [0.0, 0.0, 0.0, 0.0, 0.0, 0.0, 0.0, 0.0, 0.0, 0.0], [0.0, 0.0, 0.0, 0.0, 0.0, 0.0, 0.0, 0.0, 0.0, 0.0], [0.0, 0.0, 0.0, 0.0, 0.0, 0.0, 0.0, 0.0, 0.0, 0.0], [0.0, 0.0, 0.0, 0.0, 0.0, 0.9518072289156626, 0.0, 0.0, 0.0, 0.0], [0.0, 0.0, 0.0, 0.9145394006659268, 0.0, 0.0, 0.0, 0.0, 0.0, 0.0], [0.0, 0.8585365853658536, 0.0, 0.0, 0.0, 0.0, 0.0, 0.0, 0.0, 0.0], [0.0, 0.0, 0.0, 0.0, 0.6561188246690346, 0.0, 0.0, 0.0, 0.0, 0.0], [0.0, 0.0, 0.0, 0.0, 0.0, 0.0, 0.0, 0.0, 0.0, 0.5523809523809524], [0.0, 0.0, 0.6990291262135923, 0.0, 0.0, 0.0, 0.0, 0.0, 0.0, 0.0], [0.0, 0.0, 0.0, 0.0, 0.0, 0.0, 0.0, 0.0, 0.5981368975293655, 0.0], [0.0, 0.0, 0.0, 0.0, 0.0, 0.0, 0.8339166891034273, 0.0, 0.0, 0.0]], "gtPolPoints": [[59, 75, 59, 98, 255, 98, 255, 75], [250, 118, 250, 101, 187, 101, 187, 118], [60, 453, 60, 463, 93, 463, 93, 453], [74, 464, 74, 471, 105, 471, 105, 464], [103, 438, 103, 477, 118, 476, 128, 438], [54, 485, 54, 497, 213, 497, 213, 485], [69, 505, 69, 521, 172, 521, 172, 505], [71, 529, 71, 545, 182, 545, 182, 529], [56, 551, 56, 559, 194, 559, 194, 551], [68, 563, 68, 571, 155, 571, 155, 563], [55, 574, 55, 582, 188, 582, 188, 574], [68, 585, 68, 594, 156, 594, 156, 585], [57, 597, 57, 606, 188, 606, 188, 597]], "detPolPoints": [[55, 74, 252, 74, 252, 99, 55, 99], [68, 528, 181, 528, 181, 546, 68, 546], [60, 573, 186, 572, 186, 583, 60, 584], [66, 504, 172, 504, 172, 521, 66, 521], [61, 549, 188, 550, 188, 561, 61, 561], [47, 485, 212, 485, 212, 497, 47, 497], [60, 596, 181, 596, 180, 606, 60, 606], [180, 101, 251, 100, 251, 119, 181, 120], [61, 582, 170, 583, 170, 594, 61, 593], [60, 561, 186, 563, 186, 573, 60, 571]], "gtDontCare": [4, 5, 6, 7, 8, 9, 10, 11, 12], "detDontCare": [1, 2, 3, 4, 5, 6, 8, 9], "evaluationParams": {"IOU_CONSTRAINT": 0.5, "AREA_PRECISION_CONSTRAINT": 0.5, "GT_SAMPLE_NAME_2_ID": "", "DET_SAMPLE_NAME_2_ID": "", "LTRB": false, "CRLF": false, "CONFIDENCES": false, "PER_SAMPLE_RESULTS": true}, "evaluationLog": "GT polygons: 13 (9 don't care)\nDET polygons: 10 (8 don't care)\nMatch GT #0 with Det #0\nMatch GT #1 with Det #7\n"}