{"precision": 0.2727272727272727, "recall": 0.10344827586206896, "hmean": 0.15, "pairs": [{"gt": 0, "det": 1}, {"gt": 52, "det": 0}, {"gt": 53, "det": 2}], "AP": 0, "iouMat": [[0.0, 0.593411060141724, 0.0, 0.0, 0.0, 0.0, 0.0, 0.0, 0.0, 0.0, 0.0], [0.0, 0.0, 0.0, 0.0, 0.0, 0.0, 0.0, 0.0, 0.0, 0.0, 0.06746225402784818], [0.0, 0.0, 0.0, 0.0, 0.0, 0.0, 0.0, 0.0, 0.0, 0.0, 0.32450331125827814], [0.0, 0.0, 0.0, 0.0, 0.0, 0.0, 0.0, 0.0, 0.0, 0.22808751819188913, 0.0], [0.0, 0.0, 0.0, 0.0, 0.0, 0.0, 0.0, 0.0, 0.0, 0.22661396574440051, 0.0], [0.0, 0.0, 0.0, 0.0, 0.0, 0.0, 0.0, 0.0, 0.0, 0.07707509881422925, 0.0], [0.0, 0.0, 0.0, 0.0, 0.0, 0.0, 0.1976998904709748, 0.0, 0.0, 0.0, 0.0], [0.0, 0.0, 0.0, 0.0, 0.0, 0.0, 0.22070098576122674, 0.0, 0.0, 0.0, 0.0], [0.0, 0.0, 0.0, 0.0, 0.0, 0.0, 0.02628696604600219, 0.0, 0.0, 0.0, 0.0], [0.0, 0.0, 0.0, 0.0, 0.0, 0.0, 0.08966376089663766, 0.0, 0.0, 0.0, 0.0], [0.0, 0.0, 0.0, 0.0, 0.0, 0.0, 0.0, 0.14004001143183767, 0.0, 0.0, 0.0], [0.0, 0.0, 0.0, 0.0, 0.0, 0.0, 0.0, 0.1894827093455273, 0.0, 0.0, 0.0], [0.0, 0.0, 0.0, 0.0, 0.0, 0.0, 0.0, 0.20577307802229208, 0.0, 0.0, 0.0], [0.0, 0.0, 0.0368724279835391, 0.0, 0.0, 0.0, 0.0, 0.0, 0.0, 0.0, 0.0], [0.0, 0.0, 0.0049301561216105174, 0.0, 0.0, 0.0, 0.0, 0.0, 0.0, 0.0, 0.0], [0.0, 0.0, 0.025256640052142742, 0.0, 0.0, 0.0, 0.0, 0.0, 0.0, 0.0, 0.0], [0.0, 0.0, 0.02273096281863939, 0.0, 0.0, 0.0, 0.0, 0.0, 0.0, 0.0, 0.0], [0.0, 0.0, 0.011022856216566705, 0.0, 0.0, 0.0, 0.0, 0.0, 0.0, 0.0, 0.0], [0.0, 0.0, 0.0823045267489712, 0.0, 0.0, 0.0, 0.0, 0.0, 0.0, 0.0, 0.0], [0.0, 0.0, 0.0725925925925926, 0.0, 0.0, 0.0, 0.0, 0.0, 0.0, 0.0, 0.0], [0.005466540999057492, 0.0, 0.06304732699308287, 0.0, 0.0, 0.0, 0.0, 0.0, 0.0, 0.0, 0.0], [0.06504977917508796, 0.0, 0.0, 0.0, 0.0, 0.0, 0.0, 0.0, 0.0, 0.0, 0.0], [0.04858148064974923, 0.0, 0.0, 0.0, 0.0, 0.0, 0.0, 0.0, 0.0, 0.0, 0.0], [0.008284611945456535, 0.0, 0.0, 0.0, 0.0, 0.0, 0.0, 0.0, 0.26533111532537196, 0.0, 0.0], [0.003263137741740105, 0.0, 0.0, 0.0, 0.0, 0.0, 0.0, 0.0, 0.09726049602852975, 0.0, 0.0], [0.00937611916343171, 0.0, 0.0, 0.0, 0.0, 0.0, 0.0, 0.0, 0.1478359539633652, 0.0, 0.0], [0.0, 0.0, 0.0, 0.0, 0.0, 0.08947804473902236, 0.0, 0.0, 0.0, 0.0, 0.0], [0.0, 0.0, 0.0, 0.0, 0.0, 0.03603976801988401, 0.0, 0.0, 0.0, 0.0, 0.0], [0.0, 0.0, 0.0, 0.0, 0.0, 0.13421706710853357, 0.0, 0.0, 0.0, 0.0, 0.0], [0.0, 0.0, 0.0, 0.0, 0.0, 0.03914664457332229, 0.0, 0.0, 0.0, 0.0, 0.0], [0.0, 0.0, 0.0, 0.0, 0.0, 0.045567522783761395, 0.0, 0.0, 0.0, 0.0, 0.0], [0.0, 0.0, 0.0, 0.0, 0.0, 0.09113504556752279, 0.0, 0.0, 0.0, 0.0, 0.0], [0.0, 0.0, 0.0, 0.0, 0.0, 0.03652052238805969, 0.0, 0.0, 0.0, 0.0, 0.0], [0.0, 0.0, 0.0, 0.0, 0.0, 0.037696768848384424, 0.0, 0.0, 0.0, 0.0, 0.0], [0.0, 0.0, 0.0, 0.0, 0.0, 0.06378151284885732, 0.0, 0.0, 0.0, 0.0, 0.0], [0.0, 0.0, 0.0, 0.057971014492753624, 0.0, 0.0, 0.0, 0.0, 0.0, 0.0, 0.0], [0.0, 0.0, 0.0, 0.03951000690131125, 0.0, 0.0, 0.0, 0.0, 0.0, 0.0, 0.0], [0.0, 0.0, 0.0, 0.07781228433402347, 0.0, 0.0, 0.0, 0.0, 0.0, 0.0, 0.0], [0.0, 0.0, 0.0, 0.03864734299516908, 0.0, 0.0, 0.0, 0.0, 0.0, 0.0, 0.0], [0.0, 0.0, 0.0, 0.043478260869565216, 0.0, 0.0, 0.0, 0.0, 0.0, 0.0, 0.0], [0.0, 0.0, 0.0, 0.0759144237405107, 0.0, 0.0, 0.0, 0.0, 0.0, 0.0, 0.0], [0.0, 0.0, 0.0, 0.036231884057971016, 0.0, 0.0, 0.0, 0.0, 0.0, 0.0, 0.0], [0.0, 0.0, 0.0, 0.03985507246376811, 0.0, 0.0, 0.0, 0.0, 0.0, 0.0, 0.0], [0.0, 0.0, 0.0, 0.05452035886818495, 0.0, 0.0, 0.0, 0.0, 0.0, 0.0, 0.0], [0.0, 0.0, 0.0, 0.12939958592132506, 0.0, 0.0, 0.0, 0.0, 0.0, 0.0, 0.0], [0.0, 0.0, 0.0, 0.0, 0.22179487179487178, 0.0, 0.0, 0.0, 0.0, 0.0, 0.0], [0.0, 0.0, 0.0, 0.0, 0.05897435897435897, 0.0, 0.0, 0.0, 0.0, 0.0, 0.0], [0.0, 0.0, 0.0, 0.0, 0.12435203966644129, 0.0, 0.0, 0.0, 0.0, 0.0, 0.0], [0.0, 0.0, 0.0, 0.0, 0.08590581899839382, 0.0, 0.0, 0.0, 0.0, 0.0, 0.0], [0.0, 0.0, 0.0, 0.0, 0.04542124542124542, 0.0, 0.0, 0.0, 0.0, 0.0, 0.0], [0.0, 0.0, 0.0, 0.0, 0.06190476190476191, 0.0, 0.0, 0.0, 0.0, 0.0, 0.0], [0.0, 0.0, 0.0, 0.0, 0.09340659340659341, 0.0, 0.0, 0.0, 0.0, 0.0, 0.0], [0.9094560555517734, 0.0, 0.0, 0.0, 0.0, 0.0, 0.0, 0.0, 0.04688558386099249, 0.0, 0.0], [0.0, 0.0, 0.8031611536581391, 0.0, 0.0, 0.0, 0.0, 0.0, 0.0, 0.0, 0.0]], "gtPolPoints": [[0, 145, 18, 198, 205, 8, 135, 2], [253, 409, 253, 416, 277, 415, 279, 407], [283, 408, 281, 414, 330, 422, 330, 414], [250, 387, 250, 397, 287, 396, 287, 387], [289, 388, 290, 395, 332, 402, 333, 393], [335, 393, 335, 402, 348, 402, 348, 393], [251, 367, 251, 377, 289, 377, 289, 368], [291, 370, 292, 378, 334, 381, 334, 370], [337, 373, 337, 381, 343, 381, 343, 373], [348, 375, 348, 381, 377, 381, 377, 375], [248, 351, 248, 358, 283, 358, 283, 351], [287, 350, 287, 360, 326, 360, 326, 353], [328, 353, 328, 362, 368, 362, 368, 353], [248, 331, 248, 339, 276, 339, 276, 331], [279, 333, 279, 341, 284, 341, 284, 333], [288, 334, 288, 341, 319, 341, 319, 334], [322, 334, 322, 342, 350, 342, 350, 334], [354, 335, 354, 344, 372, 344, 372, 335], [247, 313, 247, 323, 297, 323, 297, 313], [306, 317, 306, 326, 356, 326, 354, 317], [258, 296, 258, 304, 372, 306, 374, 299], [242, 277, 242, 288, 321, 288, 321, 277], [326, 278, 326, 289, 385, 289, 385, 278], [238, 251, 240, 264, 311, 262, 311, 251], [318, 253, 318, 263, 348, 263, 348, 253], [352, 253, 352, 265, 390, 265, 390, 253], [239, 224, 239, 236, 257, 236, 257, 224], [261, 222, 261, 236, 267, 237, 267, 222], [272, 224, 272, 236, 299, 236, 299, 224], [300, 223, 301, 237, 307, 237, 307, 222], [310, 226, 310, 237, 320, 237, 320, 226], [322, 226, 322, 237, 342, 237, 342, 226], [354, 224, 354, 239, 360, 239, 360, 224], [344, 223, 344, 237, 351, 237, 351, 225], [365, 227, 365, 239, 379, 239, 379, 227], [239, 196, 239, 208, 253, 208, 253, 196], [255, 194, 254, 207, 263, 207, 263, 193], [264, 197, 264, 208, 284, 208, 285, 197], [287, 193, 287, 209, 294, 209, 294, 193], [295, 199, 295, 209, 307, 209, 307, 198], [310, 198, 310, 209, 330, 209, 330, 198], [333, 195, 332, 209, 340, 209, 340, 195], [342, 194, 342, 211, 349, 210, 349, 194], [361, 211, 362, 195, 351, 195, 351, 209], [365, 195, 365, 210, 390, 210, 390, 195], [252, 168, 253, 181, 303, 181, 303, 170], [306, 167, 305, 181, 317, 181, 317, 167], [320, 166, 320, 183, 340, 183, 340, 166], [342, 168, 344, 184, 358, 184, 358, 168], [360, 168, 360, 183, 368, 184, 368, 168], [371, 169, 371, 182, 384, 182, 384, 169], [385, 168, 385, 183, 402, 183, 402, 168], [112, 261, 112, 298, 509, 298, 509, 261], [212, 304, 212, 335, 373, 335, 373, 304]], "detPolPoints": [[143, 261, 509, 262, 509, 298, 143, 298], [6, 104, 155, 3, 188, 58, 39, 159], [209, 302, 371, 301, 371, 339, 209, 339], [236, 192, 397, 194, 397, 212, 236, 210], [248, 164, 404, 167, 404, 185, 248, 181], [236, 220, 378, 222, 378, 239, 236, 237], [246, 364, 376, 370, 375, 384, 245, 378], [240, 348, 374, 350, 374, 363, 239, 361], [239, 247, 438, 252, 438, 268, 239, 262], [251, 384, 359, 390, 358, 404, 250, 398], [269, 402, 334, 408, 333, 424, 267, 418]], "gtDontCare": [1, 2, 3, 4, 5, 6, 7, 8, 9, 10, 11, 12, 13, 14, 15, 16, 17, 18, 19, 20, 21, 22, 23, 24, 25], "detDontCare": [], "evaluationParams": {"IOU_CONSTRAINT": 0.5, "AREA_PRECISION_CONSTRAINT": 0.5, "GT_SAMPLE_NAME_2_ID": "", "DET_SAMPLE_NAME_2_ID": "", "LTRB": false, "CRLF": false, "CONFIDENCES": false, "PER_SAMPLE_RESULTS": true}, "evaluationLog": "GT polygons: 54 (25 don't care)\nDET polygons: 11\nMatch GT #0 with Det #1\nMatch GT #52 with Det #0\nMatch GT #53 with Det #2\n"}