{"precision": 0.6666666666666666, "recall": 0.4444444444444444, "hmean": 0.5333333333333333, "pairs": [{"gt": 0, "det": 2}, {"gt": 1, "det": 3}, {"gt": 2, "det": 4}, {"gt": 4, "det": 1}], "AP": 0, "iouMat": [[0.0, 0.0, 0.7754010695187166, 0.0, 0.0, 0.0], [0.0, 0.0, 0.0, 0.7833471416735709, 0.0, 0.0], [0.0, 0.0, 0.0, 0.0, 0.8214285714285714, 0.0], [0.16263060314725344, 0.0, 0.0, 0.0, 0.0, 0.0], [0.0, 0.7076923076923077, 0.0, 0.0, 0.0, 0.0], [0.4730940291549598, 0.0, 0.0, 0.0, 0.0, 0.0], [0.0, 0.0, 0.0, 0.0, 0.0, 0.4087660790852787], [0.0, 0.0, 0.0, 0.0, 0.0, 0.0], [0.01222921034241789, 0.0, 0.0, 0.0, 0.0, 0.0]], "gtPolPoints": [[39, 569, 39, 598, 99, 598, 99, 569], [39, 604, 39, 635, 100, 635, 100, 604], [119, 561, 119, 584, 167, 584, 167, 561], [117, 592, 117, 614, 167, 614, 167, 592], [380, 628, 380, 642, 121, 642, 121, 628], [347, 592, 347, 612, 192, 612, 192, 592], [322, 567, 322, 580, 191, 580, 191, 567], [177, 568, 177, 580, 182, 580, 182, 568], [177, 598, 177, 612, 182, 612, 182, 598]], "detPolPoints": [[122, 593, 334, 591, 334, 618, 122, 620], [108, 623, 374, 625, 374, 643, 108, 642], [33, 566, 101, 567, 101, 600, 33, 599], [32, 604, 103, 604, 103, 638, 32, 638], [115, 561, 171, 561, 171, 585, 115, 585], [193, 564, 259, 564, 259, 583, 193, 583]], "gtDontCare": [], "detDontCare": [], "evaluationParams": {"IOU_CONSTRAINT": 0.5, "AREA_PRECISION_CONSTRAINT": 0.5, "GT_SAMPLE_NAME_2_ID": "", "DET_SAMPLE_NAME_2_ID": "", "LTRB": false, "CRLF": false, "CONFIDENCES": false, "PER_SAMPLE_RESULTS": true}, "evaluationLog": "GT polygons: 9\nDET polygons: 6\nMatch GT #0 with Det #2\nMatch GT #1 with Det #3\nMatch GT #2 with Det #4\nMatch GT #4 with Det #1\n"}