{"precision": 1.0, "recall": 1.0, "hmean": 1.0, "pairs": [{"gt": 1, "det": 2}, {"gt": 2, "det": 1}, {"gt": 4, "det": 0}], "AP": 0, "iouMat": [[0.0, 0.0, 0.20427381383556684], [0.0, 0.0, 0.5862187178608159], [0.0, 0.8222456881379796, 0.0], [0.0, 0.0, 0.0], [0.9577464788732394, 0.0, 0.0]], "gtPolPoints": [[182, 102, 182, 105, 277, 105, 277, 102], [179, 93, 179, 102, 283, 102, 283, 93], [194, 74, 194, 91, 267, 91, 267, 74], [182, 65, 182, 70, 280, 70, 280, 65], [177, 28, 177, 62, 309, 65, 309, 28]], "detPolPoints": [[177, 28, 309, 28, 309, 62, 177, 62], [191, 72, 268, 73, 268, 90, 191, 90], [183, 92, 278, 91, 278, 105, 183, 107]], "gtDontCare": [0, 3], "detDontCare": [], "evaluationParams": {"IOU_CONSTRAINT": 0.5, "AREA_PRECISION_CONSTRAINT": 0.5, "GT_SAMPLE_NAME_2_ID": "", "DET_SAMPLE_NAME_2_ID": "", "LTRB": false, "CRLF": false, "CONFIDENCES": false, "PER_SAMPLE_RESULTS": true}, "evaluationLog": "GT polygons: 5 (2 don't care)\nDET polygons: 3\nMatch GT #1 with Det #2\nMatch GT #2 with Det #1\nMatch GT #4 with Det #0\n"}