{"precision": 0.6, "recall": 0.21428571428571427, "hmean": 0.3157894736842105, "pairs": [{"gt": 0, "det": 2}, {"gt": 1, "det": 3}, {"gt": 3, "det": 1}], "AP": 0, "iouMat": [[0.0, 0.0, 0.9093141554113313, 0.0, 0.0], [0.0, 0.0, 0.0, 0.8899018232819075, 0.0], [0.0, 0.0, 0.0, 0.0, 0.0], [0.0, 0.8930682541395626, 0.0, 0.0, 0.0], [0.06261504887880866, 0.0, 0.0, 0.0, 0.0], [0.1623091217646143, 0.0, 0.0, 0.0, 0.0], [0.3305672902836451, 0.0, 0.0, 0.0, 0.0], [0.29060042948383374, 0.0, 0.0, 0.0, 0.0], [0.0, 0.0, 0.0, 0.0, 0.0], [0.0, 0.0, 0.0, 0.0, 0.0], [0.0, 0.0, 0.0, 0.0, 0.0], [0.0, 0.0, 0.0, 0.0, 0.0], [0.0, 0.0, 0.0, 0.0, 0.0], [0.0, 0.0, 0.0, 0.0, 0.19680242283379995], [0.0, 0.0, 0.0, 0.0, 0.48866457731287477], [0.0, 0.0, 0.0, 0.0, 0.0], [0.0, 0.0, 0.0, 0.0, 0.0], [0.0, 0.0, 0.0, 0.0, 0.0], [0.0, 0.0, 0.0, 0.0, 0.0], [0.0, 0.0, 0.0, 0.0, 0.0], [0.0, 0.0, 0.0, 0.0, 0.0], [0.0, 0.0, 0.0, 0.0, 0.0]], "gtPolPoints": [[29, 28, 29, 77, 84, 77, 84, 28], [118, 28, 118, 77, 172, 77, 172, 28], [409, 75, 409, 84, 439, 84, 439, 75], [181, 206, 191, 219, 130, 245, 122, 230], [203, 193, 193, 222, 213, 255, 215, 221], [195, 221, 209, 252, 190, 258, 182, 231], [178, 235, 190, 259, 150, 274, 141, 249], [101, 245, 118, 297, 151, 280, 143, 250], [314, 234, 314, 252, 330, 252, 330, 234], [338, 231, 338, 251, 357, 251, 357, 231], [365, 223, 365, 249, 374, 249, 374, 223], [381, 228, 381, 248, 394, 248, 394, 228], [403, 229, 403, 238, 416, 238, 416, 229], [318, 296, 318, 315, 334, 315, 334, 296], [342, 294, 342, 315, 360, 315, 360, 294], [368, 287, 372, 312, 380, 314, 377, 288], [448, 80, 447, 105, 421, 98, 421, 86], [395, 79, 398, 106, 420, 98, 422, 87], [375, 352, 387, 382, 415, 365, 412, 350], [443, 335, 448, 366, 415, 364, 411, 351], [391, 341, 391, 350, 429, 345, 429, 338], [160, 224, 160, 224, 161, 224, 161, 224]], "detPolPoints": [[108, 263, 203, 220, 216, 249, 121, 292], [120, 232, 183, 205, 189, 219, 127, 247], [27, 29, 83, 29, 83, 78, 28, 79], [117, 26, 173, 26, 173, 75, 117, 75], [325, 296, 360, 294, 361, 313, 326, 315]], "gtDontCare": [4, 12, 16, 17, 18, 19, 20, 21], "detDontCare": [], "evaluationParams": {"IOU_CONSTRAINT": 0.5, "AREA_PRECISION_CONSTRAINT": 0.5, "GT_SAMPLE_NAME_2_ID": "", "DET_SAMPLE_NAME_2_ID": "", "LTRB": false, "CRLF": false, "CONFIDENCES": false, "PER_SAMPLE_RESULTS": true}, "evaluationLog": "GT polygons: 22 (8 don't care)\nDET polygons: 5\nMatch GT #0 with Det #2\nMatch GT #1 with Det #3\nMatch GT #3 with Det #1\n"}