{"precision": 0.8, "recall": 0.6666666666666666, "hmean": 0.7272727272727272, "pairs": [{"gt": 0, "det": 1}, {"gt": 5, "det": 3}, {"gt": 6, "det": 4}, {"gt": 9, "det": 5}], "AP": 0, "iouMat": [[0.0, 0.9600853722547685, 0.0, 0.0, 0.0, 0.0, 0.0, 0.0], [0.4501239395741541, 0.0, 0.0, 0.0, 0.0, 0.0, 0.0, 0.0], [0.0, 0.0, 0.0, 0.0, 0.0, 0.0, 0.0, 0.0], [0.0, 0.0, 0.0, 0.0, 0.0, 0.0, 0.0, 0.0], [0.0, 0.0, 0.0, 0.0, 0.0, 0.0, 0.0, 0.0], [0.0, 0.0, 0.0, 0.8698405289770517, 0.0, 0.0, 0.0, 0.0], [0.0, 0.0, 0.0, 0.0, 0.818627616760797, 0.0, 0.0, 0.0], [0.014626052723993609, 0.0, 0.0, 0.0, 0.0, 0.0, 0.33238984088127294, 0.2793055236962216], [0.0, 0.0, 0.7744822979291918, 0.0, 0.0, 0.0, 0.0, 0.0], [0.0, 0.0, 0.0, 0.0, 0.0, 0.6267676767676768, 0.0, 0.0], [0.2320187925666966, 0.0, 0.0, 0.0, 0.0, 0.0, 0.0, 0.0]], "gtPolPoints": [[645, 844, 645, 888, 890, 888, 890, 844], [239, 393, 239, 661, 293, 658, 293, 393], [129, 169, 129, 178, 306, 178, 306, 169], [138, 199, 138, 210, 308, 210, 308, 199], [66, 228, 66, 238, 306, 238, 306, 228], [143, 102, 143, 118, 306, 118, 306, 102], [209, 70, 209, 88, 309, 88, 309, 70], [66, 439, 66, 477, 410, 477, 410, 439], [450, 441, 450, 475, 830, 475, 830, 441], [311, 42, 311, 60, 201, 60, 201, 42], [237, 685, 237, 820, 291, 820, 291, 685]], "detPolPoints": [[234, 470, 295, 469, 296, 775, 235, 776], [644, 844, 890, 845, 889, 887, 644, 887], [456, 436, 835, 436, 835, 472, 456, 472], [141, 101, 307, 100, 307, 117, 141, 118], [202, 71, 307, 72, 307, 89, 202, 88], [221, 42, 294, 42, 294, 59, 221, 59], [67, 442, 225, 443, 225, 470, 67, 470], [305, 434, 410, 433, 410, 475, 306, 476]], "gtDontCare": [2, 3, 4, 7, 8], "detDontCare": [2, 6, 7], "evaluationParams": {"IOU_CONSTRAINT": 0.5, "AREA_PRECISION_CONSTRAINT": 0.5, "GT_SAMPLE_NAME_2_ID": "", "DET_SAMPLE_NAME_2_ID": "", "LTRB": false, "CRLF": false, "CONFIDENCES": false, "PER_SAMPLE_RESULTS": true}, "evaluationLog": "GT polygons: 11 (5 don't care)\nDET polygons: 8 (3 don't care)\nMatch GT #0 with Det #1\nMatch GT #5 with Det #3\nMatch GT #6 with Det #4\nMatch GT #9 with Det #5\n"}