{"precision": 0.8, "recall": 0.26666666666666666, "hmean": 0.4, "pairs": [{"gt": 2, "det": 3}, {"gt": 3, "det": 1}, {"gt": 4, "det": 0}, {"gt": 16, "det": 4}], "AP": 0, "iouMat": [[0.0, 0.0, 0.0, 0.0, 0.0], [0.0, 0.0, 0.0, 0.0, 0.0], [0.0, 0.0, 0.0, 0.9565277989278422, 0.0], [0.0, 0.9115899230741187, 0.0, 0.0, 0.0], [0.6770491803278689, 0.0, 0.0, 0.0, 0.0], [0.0, 0.0, 0.0, 0.0, 0.0], [0.0, 0.0, 0.0, 0.0, 0.0], [0.0, 0.0, 0.0, 0.0, 0.0], [0.0, 0.0, 0.0, 0.0, 0.0], [0.0, 0.0, 0.0, 0.0, 0.0], [0.0, 0.0, 0.0, 0.0, 0.0], [0.0, 0.0, 0.0, 0.0, 0.0], [0.0, 0.0, 0.0, 0.0, 0.0], [0.0, 0.0, 0.0, 0.0, 0.0], [0.0, 0.0, 0.0, 0.0, 0.0], [0.0, 0.0, 0.4220349732717224, 0.0, 0.00840506756355878], [0.0, 0.0, 0.012294337619276039, 0.0, 0.6664321725876422], [0.0, 0.0, 0.0, 0.0, 0.0], [0.0, 0.0, 0.0, 0.0, 0.0], [0.0, 0.0, 0.0, 0.0, 0.0], [0.0, 0.0, 0.0, 0.0, 0.0]], "gtPolPoints": [[198, 50, 198, 57, 239, 57, 239, 50], [153, 105, 153, 110, 282, 110, 282, 105], [131, 65, 131, 91, 301, 91, 301, 65], [493, 11, 493, 105, 629, 105, 629, 11], [471, 135, 471, 163, 648, 163, 648, 135], [246, 425, 250, 436, 222, 439, 220, 427], [446, 403, 456, 414, 430, 419, 423, 408], [452, 455, 456, 468, 429, 471, 426, 459], [250, 473, 251, 481, 223, 484, 224, 476], [31, 435, 34, 444, 5, 448, 5, 438], [28, 388, 29, 397, 2, 399, 1, 392], [160, 330, 160, 340, 132, 340, 133, 331], [367, 323, 372, 332, 345, 334, 343, 325], [449, 358, 452, 368, 425, 371, 420, 362], [243, 377, 247, 386, 219, 387, 217, 378], [640, 609, 640, 626, 503, 626, 503, 609], [444, 577, 444, 626, 502, 626, 502, 577], [38, 481, 38, 491, 11, 491, 10, 484], [43, 525, 43, 533, 15, 533, 15, 525], [252, 514, 252, 521, 225, 521, 225, 514], [454, 500, 454, 508, 428, 508, 429, 502]], "detPolPoints": [[467, 124, 650, 124, 650, 164, 467, 164], [491, 7, 626, 7, 626, 107, 491, 106], [499, 596, 640, 596, 640, 635, 498, 635], [130, 65, 301, 64, 301, 90, 130, 91], [434, 572, 507, 573, 506, 631, 432, 630]], "gtDontCare": [0, 1, 8, 18, 19, 20], "detDontCare": [], "evaluationParams": {"IOU_CONSTRAINT": 0.5, "AREA_PRECISION_CONSTRAINT": 0.5, "GT_SAMPLE_NAME_2_ID": "", "DET_SAMPLE_NAME_2_ID": "", "LTRB": false, "CRLF": false, "CONFIDENCES": false, "PER_SAMPLE_RESULTS": true}, "evaluationLog": "GT polygons: 21 (6 don't care)\nDET polygons: 5\nMatch GT #2 with Det #3\nMatch GT #3 with Det #1\nMatch GT #4 with Det #0\nMatch GT #16 with Det #4\n"}