{"precision": 0.75, "recall": 0.75, "hmean": 0.75, "pairs": [{"gt": 1, "det": 3}, {"gt": 2, "det": 0}, {"gt": 3, "det": 1}], "AP": 0, "iouMat": [[0.0, 0.0, 0.4700116911771169, 0.0], [0.017075282839769387, 0.0, 0.0, 0.6650246305418719], [0.7086072465983795, 0.0, 0.0, 0.0], [0.0, 0.9089731130547457, 0.0, 0.0]], "gtPolPoints": [[103, 79, 103, 105, 311, 105, 311, 79], [321, 115, 321, 139, 145, 139, 145, 115], [528, 141, 528, 156, 194, 156, 194, 141], [469, 168, 469, 191, 164, 191, 164, 168]], "detPolPoints": [[178, 138, 503, 137, 503, 156, 179, 157], [161, 167, 476, 166, 476, 191, 161, 191], [193, 75, 312, 74, 312, 109, 194, 110], [186, 112, 330, 112, 330, 139, 186, 139]], "gtDontCare": [], "detDontCare": [], "evaluationParams": {"IOU_CONSTRAINT": 0.5, "AREA_PRECISION_CONSTRAINT": 0.5, "GT_SAMPLE_NAME_2_ID": "", "DET_SAMPLE_NAME_2_ID": "", "LTRB": false, "CRLF": false, "CONFIDENCES": false, "PER_SAMPLE_RESULTS": true}, "evaluationLog": "GT polygons: 4\nDET polygons: 4\nMatch GT #1 with Det #3\nMatch GT #2 with Det #0\nMatch GT #3 with Det #1\n"}