{"precision": 0.6666666666666666, "recall": 0.16, "hmean": 0.25806451612903225, "pairs": [{"gt": 45, "det": 0}, {"gt": 56, "det": 5}, {"gt": 57, "det": 3}, {"gt": 72, "det": 1}], "AP": 0, "iouMat": [[0.0, 0.0, 0.0, 0.0, 0.0, 0.0], [0.0, 0.0, 0.0, 0.0, 0.0, 0.0], [0.0, 0.0, 0.0, 0.0, 0.0, 0.0], [0.0, 0.0, 0.0, 0.0, 0.0, 0.0], [0.0, 0.0, 0.0, 0.0, 0.0, 0.0], [0.0, 0.0, 0.0, 0.0, 0.0, 0.0], [0.0, 0.0, 0.0, 0.0, 0.0, 0.0], [0.0, 0.0, 0.0, 0.0, 0.0, 0.0], [0.0, 0.0, 0.0, 0.0, 0.0, 0.0], [0.0, 0.0, 0.0, 0.0, 0.0, 0.0], [0.0, 0.0, 0.0, 0.0, 0.0, 0.0], [0.0, 0.0, 0.0, 0.0, 0.0, 0.0], [0.0, 0.0, 0.0, 0.0, 0.0, 0.0], [0.0, 0.0, 0.0, 0.0, 0.0, 0.0], [0.0, 0.0, 0.0, 0.0, 0.0, 0.0], [0.0, 0.0, 0.0, 0.0, 0.0, 0.0], [0.0, 0.0, 0.0, 0.0, 0.0, 0.0], [0.0, 0.0, 0.0, 0.0, 0.0, 0.0], [0.0, 0.0, 0.0, 0.0, 0.0, 0.0], [0.0, 0.0, 0.0, 0.0, 0.0, 0.0], [0.0, 0.0, 0.0, 0.0, 0.0, 0.0], [0.0, 0.0, 0.0, 0.0, 0.0, 0.0], [0.0, 0.0, 0.0, 0.0, 0.0, 0.0], [0.0, 0.0, 0.0, 0.0, 0.0, 0.0], [0.0, 0.0, 0.0, 0.0, 0.0, 0.0], [0.0, 0.0, 0.0, 0.0, 0.0, 0.0], [0.0, 0.0, 0.0, 0.0, 0.0, 0.0], [0.0, 0.0, 0.0, 0.0, 0.0, 0.0], [0.0, 0.0, 0.0, 0.0, 0.0, 0.0], [0.0, 0.0, 0.0, 0.0, 0.0, 0.0], [0.0, 0.0, 0.0, 0.0, 0.0, 0.0], [0.0, 0.0, 0.0, 0.0, 0.0, 0.0], [0.0, 0.0, 0.0, 0.0, 0.0, 0.0], [0.0, 0.0, 0.0, 0.0, 0.0, 0.0], [0.0, 0.0, 0.0, 0.0, 0.0, 0.0], [0.0, 0.0, 0.0, 0.0, 0.0, 0.0], [0.0, 0.0, 0.0, 0.0, 0.0, 0.0], [0.0, 0.0, 0.0, 0.0, 0.0, 0.0], [0.0, 0.0, 0.0, 0.0, 0.0, 0.0], [0.0, 0.0, 0.0, 0.0, 0.0, 0.0], [0.0, 0.0, 0.0, 0.0, 0.0, 0.0], [0.0, 0.0, 0.0, 0.0, 0.0, 0.0], [0.0, 0.0, 0.0, 0.0, 0.0, 0.0], [0.0, 0.0, 0.0, 0.0, 0.0, 0.0], [0.0, 0.0, 0.0, 0.0, 0.47971781305114636, 0.0], [0.7421242124212422, 0.0, 0.0, 0.0, 0.0, 0.0], [0.0, 0.0, 0.0, 0.0, 0.0, 0.0], [0.0, 0.0, 0.0, 0.0, 0.0, 0.0], [0.0, 0.0, 0.0, 0.0, 0.0, 0.0], [0.0, 0.0, 0.0, 0.0, 0.0, 0.0], [0.0, 0.0, 0.0, 0.0, 0.0, 0.0], [0.0, 0.0, 0.0, 0.0, 0.0, 0.0], [0.0, 0.0, 0.0, 0.0, 0.0, 0.0], [0.0, 0.0, 0.0, 0.0, 0.0, 0.0], [0.0, 0.0, 0.0, 0.0, 0.0, 0.0], [0.0, 0.0, 0.0, 0.0, 0.0, 0.0], [0.0, 0.0, 0.0, 0.0, 0.0, 0.6], [0.0, 0.0, 0.0, 0.6477508650519032, 0.0, 0.0], [0.0, 0.0, 0.0, 0.0, 0.0, 0.0], [0.0, 0.0, 0.4698088646741267, 0.0, 0.0, 0.0], [0.0, 0.0, 0.3678932733352653, 0.0, 0.0, 0.0], [0.0, 0.0, 0.0, 0.0, 0.0, 0.0], [0.0, 0.0, 0.0, 0.0, 0.0, 0.0], [0.0, 0.0, 0.0, 0.0, 0.0, 0.0], [0.0, 0.0, 0.0, 0.0, 0.0, 0.0], [0.0, 0.0, 0.0, 0.0, 0.0, 0.0], [0.0, 0.0, 0.0, 0.0, 0.0, 0.0], [0.0, 0.0, 0.0, 0.0, 0.0, 0.0], [0.0, 0.0, 0.0, 0.0, 0.0, 0.0], [0.0, 0.0, 0.0, 0.0, 0.0, 0.0], [0.0, 0.0, 0.0, 0.0, 0.0, 0.0], [0.0, 0.0, 0.0, 0.0, 0.0, 0.0], [0.0, 0.8444966705836272, 0.0, 0.0, 0.0, 0.0], [0.0, 0.0, 0.0, 0.0, 0.0, 0.0], [0.0, 0.0, 0.0, 0.0, 0.0, 0.0], [0.0, 0.0, 0.0, 0.0, 0.0, 0.0], [0.0, 0.0, 0.0, 0.0, 0.0, 0.0], [0.0, 0.0, 0.0, 0.0, 0.0, 0.0], [0.0, 0.0, 0.0, 0.0, 0.0, 0.0], [0.0, 0.0, 0.0, 0.0, 0.0, 0.0]], "gtPolPoints": [[169, 510, 169, 515, 202, 515, 202, 510], [147, 489, 147, 492, 152, 492, 152, 489], [147, 479, 147, 484, 152, 484, 152, 479], [128, 480, 128, 484, 134, 484, 134, 480], [127, 489, 127, 492, 134, 492, 134, 489], [109, 488, 109, 491, 114, 491, 114, 488], [109, 480, 109, 483, 114, 483, 114, 480], [93, 480, 93, 484, 97, 484, 97, 480], [92, 489, 92, 492, 97, 492, 97, 489], [76, 489, 76, 492, 81, 492, 81, 489], [77, 480, 77, 484, 81, 484, 81, 480], [58, 488, 58, 493, 62, 493, 62, 488], [58, 480, 58, 484, 63, 484, 63, 480], [41, 480, 41, 484, 46, 484, 46, 480], [40, 489, 40, 492, 45, 492, 45, 489], [18, 489, 18, 492, 26, 492, 26, 489], [16, 480, 16, 484, 29, 484, 29, 480], [12, 471, 12, 475, 21, 475, 21, 471], [24, 472, 24, 475, 32, 475, 32, 472], [37, 472, 37, 476, 50, 476, 50, 472], [36, 464, 36, 469, 51, 469, 51, 464], [18, 464, 18, 468, 26, 468, 26, 464], [16, 456, 16, 461, 63, 461, 63, 456], [114, 457, 114, 461, 126, 461, 126, 457], [130, 457, 130, 460, 143, 460, 143, 457], [142, 464, 142, 468, 158, 468, 158, 464], [143, 472, 143, 475, 157, 475, 157, 472], [124, 471, 124, 475, 138, 475, 138, 471], [123, 464, 123, 468, 139, 468, 139, 464], [104, 464, 104, 468, 120, 468, 120, 464], [104, 472, 104, 475, 119, 475, 119, 472], [88, 471, 88, 475, 102, 475, 102, 471], [88, 465, 88, 468, 102, 468, 102, 465], [71, 464, 71, 468, 86, 468, 86, 464], [73, 472, 73, 475, 84, 475, 84, 472], [53, 471, 53, 475, 67, 475, 67, 471], [52, 464, 52, 468, 68, 468, 68, 464], [9, 442, 9, 451, 26, 451, 26, 442], [32, 443, 32, 450, 59, 450, 59, 443], [9, 435, 9, 442, 26, 442, 26, 435], [9, 426, 9, 434, 27, 434, 27, 426], [31, 434, 31, 442, 53, 442, 53, 434], [30, 426, 30, 433, 54, 433, 54, 426], [44, 435, 44, 435, 44, 435, 44, 435], [359, 287, 359, 295, 410, 295, 410, 287], [313, 266, 313, 283, 438, 283, 438, 266], [15, 131, 15, 135, 74, 135, 74, 131], [13, 110, 14, 114, 26, 115, 26, 110], [14, 103, 14, 107, 96, 107, 97, 103], [15, 97, 14, 100, 90, 100, 89, 97], [14, 89, 14, 93, 95, 93, 95, 90], [16, 82, 14, 86, 64, 87, 64, 81], [14, 75, 14, 81, 25, 81, 25, 75], [27, 75, 27, 81, 48, 81, 48, 75], [51, 76, 51, 80, 57, 80, 57, 76], [61, 75, 61, 81, 84, 81, 84, 75], [19, 50, 19, 64, 55, 64, 55, 50], [61, 53, 61, 65, 139, 65, 139, 53], [79, 39, 79, 46, 104, 46, 104, 39], [17, 22, 15, 33, 73, 33, 73, 22], [19, 12, 15, 21, 72, 21, 75, 12], [401, 81, 401, 87, 440, 87, 440, 81], [443, 81, 443, 87, 483, 87, 483, 81], [401, 74, 401, 78, 457, 78, 457, 74], [401, 66, 401, 72, 493, 72, 493, 66], [401, 59, 401, 65, 441, 65, 441, 59], [444, 58, 444, 65, 488, 65, 488, 58], [401, 49, 401, 57, 455, 57, 455, 49], [436, 42, 437, 48, 449, 48, 449, 42], [453, 42, 453, 49, 483, 49, 483, 42], [401, 43, 401, 47, 404, 48, 404, 43], [408, 42, 408, 48, 431, 48, 431, 42], [401, 26, 401, 40, 483, 40, 483, 26], [669, 195, 669, 203, 687, 203, 687, 195], [668, 205, 668, 211, 686, 211, 686, 205], [669, 213, 669, 221, 686, 221, 686, 213], [692, 213, 692, 220, 720, 220, 720, 213], [690, 196, 690, 202, 714, 202, 714, 196], [690, 205, 690, 212, 712, 212, 712, 205], [549, 511, 549, 514, 581, 514, 581, 511]], "detPolPoints": [[317, 266, 414, 265, 414, 283, 317, 284], [401, 25, 483, 25, 482, 42, 401, 41], [15, 13, 74, 14, 74, 32, 15, 31], [56, 48, 141, 49, 141, 66, 56, 65], [351, 284, 414, 283, 414, 297, 351, 297], [18, 46, 60, 46, 60, 66, 18, 66]], "gtDontCare": [0, 1, 2, 3, 4, 5, 6, 7, 8, 9, 10, 11, 12, 13, 14, 15, 16, 17, 18, 19, 20, 21, 22, 23, 24, 25, 26, 27, 28, 29, 30, 31, 32, 33, 34, 35, 36, 43, 46, 47, 48, 49, 50, 51, 52, 53, 54, 55, 61, 62, 63, 64, 65, 66, 79], "detDontCare": [], "evaluationParams": {"IOU_CONSTRAINT": 0.5, "AREA_PRECISION_CONSTRAINT": 0.5, "GT_SAMPLE_NAME_2_ID": "", "DET_SAMPLE_NAME_2_ID": "", "LTRB": false, "CRLF": false, "CONFIDENCES": false, "PER_SAMPLE_RESULTS": true}, "evaluationLog": "GT polygons: 80 (55 don't care)\nDET polygons: 6\nMatch GT #45 with Det #0\nMatch GT #56 with Det #5\nMatch GT #57 with Det #3\nMatch GT #72 with Det #1\n"}