{"precision": 0.5, "recall": 0.14814814814814814, "hmean": 0.22857142857142856, "pairs": [{"gt": 0, "det": 3}, {"gt": 1, "det": 6}, {"gt": 4, "det": 2}, {"gt": 65, "det": 7}], "AP": 0, "iouMat": [[0.0, 0.0, 0.0, 0.8705551463202303, 0.0, 0.0, 0.0, 0.0], [0.0, 0.0, 0.0, 0.0, 0.0, 0.0, 0.8032891731384193, 0.0], [0.0, 0.0, 0.0, 0.0, 0.0, 0.0, 0.0027868852459016396, 0.0], [0.0, 0.0, 0.0, 0.0, 0.0, 0.0, 0.0, 0.0], [0.0, 0.0, 0.9171075837742504, 0.0, 0.0, 0.0, 0.0, 0.0], [0.23590772316950853, 0.0, 0.0, 0.0, 0.0, 0.0, 0.0, 0.0], [0.4903055848261328, 0.0, 0.0, 0.0, 0.0, 0.0, 0.0, 0.0], [0.08956796628029505, 0.0, 0.0, 0.0, 0.0, 0.0, 0.0, 0.0], [0.0, 0.444628913400923, 0.0, 0.0, 0.0, 0.0, 0.0, 0.0], [0.0, 0.2074795081967213, 0.0, 0.0, 0.0, 0.0, 0.0, 0.0], [0.0, 0.0, 0.0, 0.0, 0.0, 0.0, 0.0, 0.0], [0.0, 0.0, 0.0, 0.0, 0.0, 0.0, 0.0, 0.0], [0.0, 0.0, 0.0, 0.0, 0.0, 0.0, 0.0, 0.0], [0.0, 0.0, 0.0, 0.0, 0.0, 0.0, 0.0, 0.0], [0.0, 0.0, 0.0, 0.0, 0.0, 0.0, 0.0, 0.0], [0.0, 0.0, 0.0, 0.0, 0.0, 0.0, 0.0, 0.0], [0.0, 0.0, 0.0, 0.0, 0.0, 0.0, 0.0, 0.0], [0.0, 0.0, 0.0, 0.0, 0.0, 0.0, 0.0, 0.0], [0.0, 0.0, 0.0, 0.0, 0.0, 0.0, 0.0, 0.0], [0.0, 0.0, 0.0, 0.0, 0.0, 0.0, 0.0, 0.0], [0.0, 0.0, 0.0, 0.0, 0.0, 0.0, 0.0, 0.0], [0.0, 0.0, 0.0, 0.0, 0.0, 0.0, 0.0, 0.0], [0.0, 0.0, 0.0, 0.0, 0.0, 0.0, 0.0, 0.0], [0.0, 0.0, 0.0, 0.0, 0.0, 0.0, 0.0, 0.0], [0.0, 0.0, 0.0, 0.0, 0.0, 0.0, 0.0, 0.0], [0.0, 0.0, 0.0, 0.0, 0.0, 0.0, 0.0, 0.0], [0.0, 0.0, 0.0, 0.0, 0.0, 0.0, 0.0, 0.0], [0.0, 0.0, 0.0, 0.0, 0.0, 0.0, 0.0, 0.0], [0.0, 0.0, 0.0, 0.0, 0.0, 0.0, 0.0, 0.0], [0.0, 0.0, 0.0, 0.0, 0.0, 0.0, 0.0, 0.0], [0.0, 0.0, 0.0, 0.0, 0.0, 0.0, 0.0, 0.0], [0.0, 0.0, 0.0, 0.0, 0.0, 0.0, 0.0, 0.0], [0.0, 0.0, 0.0, 0.0, 0.0, 0.0, 0.0, 0.0], [0.0, 0.0, 0.0, 0.0, 0.0, 0.0, 0.0, 0.0], [0.0, 0.0, 0.0, 0.0, 0.0, 0.0, 0.0, 0.0], [0.0, 0.0, 0.0, 0.0, 0.0, 0.0, 0.0, 0.0], [0.0, 0.0, 0.0, 0.0, 0.0, 0.0, 0.0, 0.0], [0.0, 0.0, 0.0, 0.0, 0.0, 0.0, 0.0, 0.0], [0.0, 0.0, 0.0, 0.0, 0.0, 0.0, 0.0, 0.0], [0.0, 0.0, 0.0, 0.0, 0.0, 0.0, 0.0, 0.0], [0.0, 0.0, 0.0, 0.0, 0.0, 0.0, 0.0, 0.0], [0.0, 0.0, 0.0, 0.0, 0.0, 0.0, 0.0, 0.0], [0.0, 0.0, 0.0, 0.0, 0.0, 0.0, 0.0, 0.0], [0.0, 0.0, 0.0, 0.0, 0.0, 0.0, 0.0, 0.0], [0.0, 0.0, 0.0, 0.0, 0.0, 0.0, 0.0, 0.0], [0.0, 0.0, 0.0, 0.0, 0.0, 0.0, 0.0, 0.0], [0.0, 0.0, 0.0, 0.0, 0.0, 0.0, 0.0, 0.0], [0.0, 0.0, 0.0, 0.0, 0.0, 0.0, 0.0, 0.0], [0.0, 0.0, 0.0, 0.0, 0.0, 0.0, 0.0, 0.0], [0.0, 0.0, 0.0, 0.0, 0.0, 0.0, 0.0, 0.0], [0.0, 0.0, 0.0, 0.0, 0.0, 0.0, 0.0, 0.0], [0.0, 0.0, 0.0, 0.0, 0.0, 0.0, 0.0, 0.0], [0.0, 0.0, 0.0, 0.0, 0.0, 0.0, 0.0, 0.0], [0.0, 0.0, 0.0, 0.0, 0.0, 0.0, 0.0, 0.0], [0.0, 0.0, 0.0, 0.0, 0.0, 0.0, 0.0, 0.0], [0.0, 0.0, 0.0, 0.0, 0.0, 0.0, 0.0, 0.0], [0.0, 0.0, 0.0, 0.0, 0.0, 0.0, 0.0, 0.0], [0.0, 0.0, 0.0, 0.0, 0.0, 0.0, 0.0, 0.0], [0.0, 0.0, 0.0, 0.0, 0.0, 0.2470713525026624, 0.0, 0.0], [0.0, 0.0, 0.0, 0.0, 0.0, 0.09967497291440953, 0.0, 0.0], [0.0, 0.0, 0.0, 0.0, 0.0, 0.22869471413160733, 0.0, 0.0], [0.0, 0.0, 0.0, 0.0, 0.0, 0.0, 0.0, 0.0], [0.0, 0.0, 0.0, 0.0, 0.11199488367674326, 0.0, 0.0, 0.0], [0.0, 0.0, 0.0, 0.0, 0.09705882352941177, 0.0, 0.0, 0.0], [0.0, 0.0, 0.0, 0.0, 0.3613933236574746, 0.0, 0.0, 0.0], [0.0, 0.0, 0.0, 0.0, 0.0, 0.0, 0.0, 0.74375]], "gtPolPoints": [[3, 75, 3, 241, 43, 241, 43, 75], [3, 247, 3, 261, 60, 261, 60, 247], [58, 216, 58, 263, 103, 263, 103, 216], [302, 214, 302, 259, 339, 259, 339, 214], [121, 294, 121, 324, 277, 324, 277, 294], [8, 329, 8, 353, 126, 353, 126, 329], [134, 329, 133, 352, 332, 352, 331, 328], [339, 332, 339, 349, 389, 349, 389, 332], [22, 366, 22, 380, 239, 380, 239, 366], [241, 372, 241, 381, 376, 381, 376, 372], [135, 268, 135, 277, 167, 277, 167, 268], [134, 279, 133, 281, 166, 282, 166, 279], [168, 279, 169, 282, 194, 282, 195, 279], [134, 263, 134, 267, 152, 267, 153, 265], [248, 271, 248, 273, 258, 273, 258, 271], [269, 271, 269, 273, 279, 273, 279, 271], [248, 262, 248, 270, 257, 270, 257, 262], [269, 262, 269, 270, 277, 270, 277, 262], [246, 273, 244, 274, 251, 280, 253, 278], [253, 278, 254, 280, 262, 275, 260, 273], [266, 275, 267, 278, 274, 280, 274, 277], [276, 275, 275, 279, 279, 278, 279, 275], [199, 249, 199, 253, 218, 253, 217, 250], [201, 246, 201, 249, 214, 249, 214, 246], [154, 240, 154, 244, 202, 244, 201, 241], [153, 236, 153, 239, 211, 240, 211, 236], [152, 233, 152, 236, 183, 236, 183, 233], [193, 233, 193, 236, 214, 236, 214, 233], [153, 228, 152, 232, 165, 232, 165, 229], [174, 229, 174, 232, 199, 232, 199, 229], [172, 225, 172, 228, 200, 228, 200, 225], [153, 225, 153, 228, 172, 228, 171, 225], [154, 220, 154, 223, 166, 224, 166, 221], [154, 217, 154, 221, 173, 221, 173, 217], [175, 217, 175, 221, 200, 221, 200, 217], [156, 213, 155, 216, 187, 216, 187, 213], [189, 214, 188, 216, 218, 217, 218, 214], [157, 210, 157, 213, 188, 213, 188, 210], [190, 211, 190, 213, 214, 213, 214, 211], [196, 206, 196, 209, 216, 209, 216, 206], [157, 206, 157, 209, 188, 209, 188, 206], [154, 201, 154, 205, 180, 205, 180, 201], [154, 198, 154, 201, 178, 201, 179, 198], [154, 194, 154, 197, 188, 197, 188, 194], [204, 195, 204, 198, 214, 198, 214, 195], [202, 191, 202, 195, 218, 195, 218, 191], [153, 191, 153, 194, 188, 194, 188, 191], [154, 182, 154, 191, 194, 191, 194, 182], [196, 186, 196, 190, 218, 190, 218, 187], [154, 176, 153, 181, 216, 183, 215, 177], [163, 173, 162, 175, 218, 177, 217, 173], [239, 216, 238, 224, 252, 225, 252, 219], [253, 219, 254, 226, 267, 218, 261, 214], [262, 212, 267, 217, 271, 206, 266, 205], [262, 190, 266, 202, 271, 204, 269, 189], [226, 192, 226, 210, 232, 212, 233, 191], [230, 188, 234, 192, 242, 187, 238, 180], [243, 179, 242, 185, 256, 185, 257, 180], [135, 160, 135, 168, 197, 168, 197, 160], [201, 160, 201, 168, 224, 168, 224, 160], [228, 161, 228, 169, 282, 169, 282, 161], [249, 166, 249, 166, 249, 166, 249, 166], [139, 116, 139, 143, 158, 143, 158, 116], [159, 130, 159, 141, 183, 141, 183, 130], [189, 130, 189, 142, 275, 142, 275, 130], [172, 89, 172, 103, 244, 103, 244, 89]], "detPolPoints": [[28, 328, 393, 328, 393, 354, 28, 354], [18, 368, 384, 366, 384, 382, 18, 384], [116, 293, 278, 293, 278, 324, 116, 325], [1, 79, 45, 78, 46, 245, 2, 245], [143, 121, 272, 122, 272, 143, 142, 142], [139, 157, 281, 157, 281, 170, 139, 170], [3, 244, 59, 244, 58, 261, 3, 261], [174, 86, 242, 86, 242, 104, 174, 104]], "gtDontCare": [11, 12, 13, 14, 15, 18, 19, 20, 21, 22, 23, 24, 25, 26, 27, 28, 29, 30, 31, 32, 33, 34, 35, 36, 37, 38, 39, 40, 41, 42, 43, 44, 45, 46, 48, 49, 50, 61, 62], "detDontCare": [], "evaluationParams": {"IOU_CONSTRAINT": 0.5, "AREA_PRECISION_CONSTRAINT": 0.5, "GT_SAMPLE_NAME_2_ID": "", "DET_SAMPLE_NAME_2_ID": "", "LTRB": false, "CRLF": false, "CONFIDENCES": false, "PER_SAMPLE_RESULTS": true}, "evaluationLog": "GT polygons: 66 (39 don't care)\nDET polygons: 8\nMatch GT #0 with Det #3\nMatch GT #1 with Det #6\nMatch GT #4 with Det #2\nMatch GT #65 with Det #7\n"}