{"precision": 1.0, "recall": 1.0, "hmean": 1.0, "pairs": [{"gt": 0, "det": 0}, {"gt": 1, "det": 2}, {"gt": 2, "det": 1}], "AP": 0, "iouMat": [[0.933452093141621, 0.0, 0.0], [0.0, 0.0, 0.9499393203883495], [0.0, 0.9312634152957971, 0.0]], "gtPolPoints": [[28, 28, 28, 70, 290, 70, 290, 28], [107, 77, 107, 108, 208, 108, 208, 77], [588, 640, 582, 683, 795, 685, 795, 640]], "detPolPoints": [[20, 28, 291, 26, 291, 70, 20, 71], [585, 641, 791, 641, 791, 685, 585, 685], [105, 76, 208, 76, 208, 108, 105, 108]], "gtDontCare": [], "detDontCare": [], "evaluationParams": {"IOU_CONSTRAINT": 0.5, "AREA_PRECISION_CONSTRAINT": 0.5, "GT_SAMPLE_NAME_2_ID": "", "DET_SAMPLE_NAME_2_ID": "", "LTRB": false, "CRLF": false, "CONFIDENCES": false, "PER_SAMPLE_RESULTS": true}, "evaluationLog": "GT polygons: 3\nDET polygons: 3\nMatch GT #0 with Det #0\nMatch GT #1 with Det #2\nMatch GT #2 with Det #1\n"}