{"precision": 0.5714285714285714, "recall": 0.8, "hmean": 0.6666666666666666, "pairs": [{"gt": 0, "det": 5}, {"gt": 2, "det": 1}, {"gt": 3, "det": 0}, {"gt": 4, "det": 4}], "AP": 0, "iouMat": [[0.0, 0.0, 0.0, 0.0, 0.0, 0.8698486164951217, 0.0], [0.0, 0.0, 0.4347853687645214, 0.1905308165606424, 0.0, 0.0, 0.07377963737796374], [0.0474430532508674, 0.7519424712784164, 0.0, 0.0, 0.0, 0.0, 0.0], [0.6706238017991447, 0.021511221763909596, 0.0, 0.0, 0.0, 0.0, 0.0], [0.0, 0.0, 0.0, 0.0, 0.872856298048492, 0.0, 0.0]], "gtPolPoints": [[507, 152, 507, 171, 590, 172, 591, 152], [468, 74, 468, 134, 707, 134, 707, 74], [21, 652, 21, 748, 391, 748, 391, 652], [432, 653, 432, 752, 776, 752, 776, 653], [602, 152, 602, 170, 684, 170, 684, 152]], "detPolPoints": [[354, 662, 753, 660, 753, 745, 354, 747], [45, 659, 448, 656, 449, 745, 46, 747], [471, 71, 578, 72, 577, 136, 470, 135], [560, 102, 647, 103, 647, 135, 560, 134], [595, 152, 684, 152, 684, 171, 595, 171], [504, 151, 588, 151, 588, 171, 504, 172], [657, 106, 704, 107, 703, 129, 656, 129]], "gtDontCare": [], "detDontCare": [], "evaluationParams": {"IOU_CONSTRAINT": 0.5, "AREA_PRECISION_CONSTRAINT": 0.5, "GT_SAMPLE_NAME_2_ID": "", "DET_SAMPLE_NAME_2_ID": "", "LTRB": false, "CRLF": false, "CONFIDENCES": false, "PER_SAMPLE_RESULTS": true}, "evaluationLog": "GT polygons: 5\nDET polygons: 7\nMatch GT #0 with Det #5\nMatch GT #2 with Det #1\nMatch GT #3 with Det #0\nMatch GT #4 with Det #4\n"}