{"precision": 0.5714285714285714, "recall": 0.36363636363636365, "hmean": 0.4444444444444444, "pairs": [{"gt": 0, "det": 0}, {"gt": 1, "det": 1}, {"gt": 7, "det": 4}, {"gt": 10, "det": 3}], "AP": 0, "iouMat": [[0.9742493856181216, 0.0, 0.0, 0.0, 0.0, 0.0, 0.0, 0.0, 0.0], [0.0, 0.9557090613571719, 0.0, 0.0, 0.0, 0.0, 0.0, 0.0, 0.0], [0.0, 0.0, 0.3838383838383838, 0.0, 0.0, 0.0, 0.0, 0.0, 0.0], [0.0, 0.0, 0.46060606060606063, 0.0, 0.0, 0.0, 0.0, 0.0, 0.0], [0.0, 0.0, 0.0, 0.0, 0.0, 0.0, 0.0, 0.0, 0.0], [0.0, 0.0, 0.0, 0.0, 0.0, 0.0, 0.0, 0.0, 0.5572139303482587], [0.0, 0.0, 0.0, 0.0, 0.0, 0.0, 0.0, 0.0, 0.5052731336719106], [0.0, 0.0, 0.0, 0.0, 0.5689760882893931, 0.0, 0.0, 0.34010545905707196, 0.0], [0.0, 0.0, 0.0, 0.0, 0.0, 0.38574997674667216, 0.0, 0.0, 0.0], [0.0, 0.0, 0.0, 0.0, 0.0, 0.4325396132143044, 0.0, 0.0, 0.0], [0.0, 0.0, 0.0, 0.8432240921169176, 0.0, 0.0, 0.0, 0.0, 0.0], [0.0, 0.0, 0.0, 0.0, 0.0, 0.0, 0.8890108167424361, 0.0, 0.0], [0.0, 0.0, 0.0, 0.0, 0.0, 0.0, 0.0, 0.0, 0.0], [0.0, 0.0, 0.0, 0.0, 0.0, 0.0, 0.0, 0.0, 0.0], [0.0, 0.0, 0.0, 0.0, 0.0, 0.0, 0.0, 0.0, 0.0], [0.0, 0.0, 0.0, 0.0, 0.0, 0.0, 0.0, 0.0, 0.0], [0.0, 0.0, 0.0, 0.0, 0.0, 0.0, 0.0, 0.0, 0.0], [0.0, 0.0, 0.0, 0.0, 0.0, 0.0, 0.0, 0.0, 0.0]], "gtPolPoints": [[16, 18, 16, 66, 210, 66, 210, 18], [15, 102, 15, 151, 211, 151, 211, 102], [621, 62, 621, 73, 735, 73, 735, 62], [621, 75, 621, 88, 735, 88, 735, 75], [679, 98, 679, 106, 713, 106, 713, 98], [376, 202, 376, 210, 438, 210, 438, 202], [378, 215, 376, 208, 434, 208, 436, 217], [283, 250, 283, 276, 531, 276, 531, 250], [369, 362, 369, 370, 446, 368, 445, 360], [371, 377, 371, 368, 443, 368, 443, 377], [745, 711, 745, 730, 633, 730, 633, 711], [634, 733, 634, 747, 746, 747, 746, 733], [407, 220, 407, 226, 426, 226, 426, 220], [257, 409, 264, 415, 278, 400, 276, 394], [277, 391, 277, 401, 300, 401, 300, 393], [301, 393, 302, 403, 314, 413, 316, 405], [263, 336, 268, 344, 289, 335, 286, 327], [290, 327, 291, 336, 311, 343, 313, 336]], "detPolPoints": [[15, 18, 210, 19, 210, 66, 15, 65], [13, 102, 214, 103, 214, 151, 13, 150], [618, 63, 737, 63, 737, 87, 618, 87], [633, 710, 746, 710, 746, 728, 633, 728], [284, 252, 435, 251, 436, 276, 284, 277], [369, 359, 439, 357, 440, 377, 370, 379], [634, 734, 741, 732, 741, 746, 634, 747], [444, 251, 530, 250, 530, 276, 444, 276], [379, 202, 435, 202, 435, 215, 379, 216]], "gtDontCare": [4, 5, 6, 8, 9, 11, 12], "detDontCare": [6, 8], "evaluationParams": {"IOU_CONSTRAINT": 0.5, "AREA_PRECISION_CONSTRAINT": 0.5, "GT_SAMPLE_NAME_2_ID": "", "DET_SAMPLE_NAME_2_ID": "", "LTRB": false, "CRLF": false, "CONFIDENCES": false, "PER_SAMPLE_RESULTS": true}, "evaluationLog": "GT polygons: 18 (7 don't care)\nDET polygons: 9 (2 don't care)\nMatch GT #0 with Det #0\nMatch GT #1 with Det #1\nMatch GT #7 with Det #4\nMatch GT #10 with Det #3\n"}