{"precision": 1.0, "recall": 1.0, "hmean": 1.0, "pairs": [{"gt": 1, "det": 1}, {"gt": 8, "det": 4}, {"gt": 9, "det": 2}], "AP": 0, "iouMat": [[0.7148462745717438, 0.0, 0.0, 0.0, 0.0], [0.0, 0.9506172839506173, 0.0, 0.0, 0.0], [0.0, 0.0, 0.0, 0.0, 0.0], [0.0, 0.0, 0.0, 0.0, 0.0], [0.0, 0.0, 0.0, 0.7817258883248731, 0.0], [0.0, 0.0, 0.0, 0.0, 0.0], [0.0, 0.0, 0.0, 0.0, 0.0], [0.0, 0.0, 0.0, 0.0, 0.0], [0.0, 0.0, 0.0, 0.0, 0.7655518974181251], [0.0, 0.0, 0.8622294624156388, 0.0, 0.0], [0.0, 0.0, 0.0, 0.0, 0.0]], "gtPolPoints": [[15, 12, 15, 53, 330, 53, 330, 12], [70, 72, 70, 111, 226, 111, 226, 72], [10, 328, 10, 356, 0, 356, 0, 328], [15, 326, 15, 340, 70, 340, 70, 326], [573, 433, 573, 397, 680, 397, 680, 433], [477, 185, 477, 77, 435, 77, 435, 185], [435, 29, 467, 70, 539, 29, 523, 0], [537, 0, 537, 28, 687, 28, 687, 0], [155, 613, 155, 662, 264, 662, 264, 613], [280, 614, 280, 663, 531, 663, 531, 614], [1, 364, 1, 387, 18, 387, 18, 364]], "detPolPoints": [[10, 17, 309, 20, 308, 58, 9, 55], [68, 71, 224, 71, 224, 111, 68, 111], [272, 618, 527, 618, 527, 664, 273, 664], [575, 396, 663, 396, 663, 432, 575, 432], [148, 615, 249, 615, 249, 663, 148, 663]], "gtDontCare": [0, 2, 3, 4, 5, 6, 7, 10], "detDontCare": [0, 3], "evaluationParams": {"IOU_CONSTRAINT": 0.5, "AREA_PRECISION_CONSTRAINT": 0.5, "GT_SAMPLE_NAME_2_ID": "", "DET_SAMPLE_NAME_2_ID": "", "LTRB": false, "CRLF": false, "CONFIDENCES": false, "PER_SAMPLE_RESULTS": true}, "evaluationLog": "GT polygons: 11 (8 don't care)\nDET polygons: 5 (2 don't care)\nMatch GT #1 with Det #1\nMatch GT #8 with Det #4\nMatch GT #9 with Det #2\n"}