{"precision": 0.6, "recall": 0.75, "hmean": 0.6666666666666665, "pairs": [{"gt": 0, "det": 1}, {"gt": 1, "det": 0}, {"gt": 3, "det": 2}], "AP": 0, "iouMat": [[0.0, 0.9615841831946443, 0.0, 0.0, 0.0], [0.912630579297246, 0.0, 0.0, 0.0, 0.0], [0.0, 0.0, 0.0, 0.47057617387738365, 0.3913857677902622], [0.0, 0.0, 0.9246137143030814, 0.0, 0.0]], "gtPolPoints": [[21, 159, 21, 206, 349, 206, 349, 159], [64, 249, 64, 311, 374, 311, 374, 249], [74, 330, 74, 347, 350, 347, 350, 330], [338, 380, 338, 422, 20, 422, 20, 380]], "detPolPoints": [[51, 247, 375, 247, 375, 312, 51, 312], [16, 159, 348, 159, 348, 207, 16, 207], [15, 381, 347, 380, 347, 423, 15, 423], [72, 329, 227, 329, 227, 345, 72, 345], [235, 329, 349, 329, 349, 346, 235, 347]], "gtDontCare": [], "detDontCare": [], "evaluationParams": {"IOU_CONSTRAINT": 0.5, "AREA_PRECISION_CONSTRAINT": 0.5, "GT_SAMPLE_NAME_2_ID": "", "DET_SAMPLE_NAME_2_ID": "", "LTRB": false, "CRLF": false, "CONFIDENCES": false, "PER_SAMPLE_RESULTS": true}, "evaluationLog": "GT polygons: 4\nDET polygons: 5\nMatch GT #0 with Det #1\nMatch GT #1 with Det #0\nMatch GT #3 with Det #2\n"}