{"precision": 1.0, "recall": 0.4444444444444444, "hmean": 0.6153846153846153, "pairs": [{"gt": 0, "det": 3}, {"gt": 1, "det": 0}, {"gt": 2, "det": 1}, {"gt": 4, "det": 2}], "AP": 0, "iouMat": [[0.0, 0.0, 0.0, 0.7339194817214253], [0.7932659932659932, 0.0, 0.0, 0.0], [0.0, 0.5590659340659341, 0.0, 0.0], [0.0, 0.07743648184005918, 0.175304000718091, 0.0], [0.0, 0.0, 0.5727923627684964, 0.0], [0.0, 0.0, 0.0, 0.0], [0.0, 0.0, 0.0, 0.0], [0.0, 0.0, 0.0, 0.0], [0.0, 0.0, 0.0, 0.0]], "gtPolPoints": [[22, 23, 22, 36, 84, 36, 84, 23], [23, 41, 23, 60, 85, 60, 85, 41], [231, 294, 231, 305, 305, 305, 305, 294], [230, 286, 230, 293, 281, 293, 281, 286], [200, 277, 200, 287, 283, 287, 283, 277], [279, 266, 279, 273, 286, 273, 286, 265], [192, 79, 193, 72, 205, 72, 205, 78], [210, 76, 210, 69, 217, 69, 217, 76], [227, 75, 227, 70, 224, 70, 224, 75]], "detPolPoints": [[20, 40, 86, 39, 86, 62, 20, 62], [215, 290, 306, 291, 306, 307, 215, 306], [211, 275, 285, 275, 285, 290, 211, 291], [23, 20, 84, 20, 84, 37, 23, 38]], "gtDontCare": [], "detDontCare": [], "evaluationParams": {"IOU_CONSTRAINT": 0.5, "AREA_PRECISION_CONSTRAINT": 0.5, "GT_SAMPLE_NAME_2_ID": "", "DET_SAMPLE_NAME_2_ID": "", "LTRB": false, "CRLF": false, "CONFIDENCES": false, "PER_SAMPLE_RESULTS": true}, "evaluationLog": "GT polygons: 9\nDET polygons: 4\nMatch GT #0 with Det #3\nMatch GT #1 with Det #0\nMatch GT #2 with Det #1\nMatch GT #4 with Det #2\n"}