{"precision": 0.8, "recall": 0.5, "hmean": 0.6153846153846154, "pairs": [{"gt": 0, "det": 1}, {"gt": 1, "det": 0}, {"gt": 2, "det": 4}, {"gt": 7, "det": 3}], "AP": 0, "iouMat": [[0.0, 0.8631626642501132, 0.0, 0.0, 0.0], [0.8022645677989506, 0.0, 0.0, 0.0, 0.0], [0.0, 0.0, 0.08896331999019697, 0.0, 0.5419602309427521], [0.0, 0.0, 0.0189316986187135, 0.0, 0.04283954697028886], [0.0, 0.0, 0.4332142220562382, 0.0, 0.1332481174125264], [0.0, 0.0, 0.013234077750206782, 0.0, 0.0], [0.0, 0.0, 0.23694737921838174, 0.0, 0.0], [0.0, 0.0, 0.0, 0.7845134997452878, 0.0]], "gtPolPoints": [[287, 77, 287, 94, 30, 94, 30, 77], [35, 30, 35, 73, 286, 73, 286, 30], [222, 742, 222, 754, 296, 754, 296, 742], [304, 741, 304, 754, 310, 754, 310, 741], [316, 742, 316, 756, 446, 756, 446, 742], [452, 744, 452, 752, 458, 752, 458, 744], [464, 741, 464, 754, 574, 754, 574, 741], [328, 722, 328, 733, 468, 733, 468, 722]], "detPolPoints": [[33, 35, 284, 35, 284, 70, 33, 70], [33, 79, 290, 79, 290, 94, 33, 94], [263, 743, 542, 740, 542, 753, 263, 756], [324, 722, 475, 722, 475, 735, 324, 735], [221, 742, 347, 743, 347, 756, 221, 754]], "gtDontCare": [], "detDontCare": [], "evaluationParams": {"IOU_CONSTRAINT": 0.5, "AREA_PRECISION_CONSTRAINT": 0.5, "GT_SAMPLE_NAME_2_ID": "", "DET_SAMPLE_NAME_2_ID": "", "LTRB": false, "CRLF": false, "CONFIDENCES": false, "PER_SAMPLE_RESULTS": true}, "evaluationLog": "GT polygons: 8\nDET polygons: 5\nMatch GT #0 with Det #1\nMatch GT #1 with Det #0\nMatch GT #2 with Det #4\nMatch GT #7 with Det #3\n"}