{"precision": 0.3333333333333333, "recall": 0.36363636363636365, "hmean": 0.34782608695652173, "pairs": [{"gt": 0, "det": 0}, {"gt": 2, "det": 7}, {"gt": 3, "det": 4}, {"gt": 4, "det": 3}], "AP": 0, "iouMat": [[0.9228640608785887, 0.0, 0.0, 0.0, 0.0, 0.0, 0.0, 0.0, 0.0, 0.0, 0.0, 0.0], [0.0, 0.0, 0.29195749408848753, 0.0, 0.0, 0.16784259737279872, 0.11683338096599029, 0.0, 0.11436789874874155, 0.12369477911646587, 0.11732292503730915, 0.1686408351736599], [0.0, 0.0, 0.0, 0.0, 0.0, 0.0, 0.0, 0.6807057750633312, 0.0, 0.0, 0.0, 0.0], [0.0, 0.0, 0.0, 0.0, 0.786737058929181, 0.0, 0.0, 0.0, 0.0, 0.0, 0.0, 0.0], [0.0, 0.0, 0.0, 0.9138834426676553, 0.0, 0.0, 0.0, 0.0, 0.0, 0.0, 0.0, 0.0], [0.0, 0.0, 0.0, 0.0, 0.0, 0.0, 0.0, 0.0, 0.0, 0.0, 0.0, 0.0], [0.0, 0.34565455133932865, 0.0, 0.0, 0.0, 0.0, 0.0, 0.0, 0.0, 0.0, 0.0, 0.0], [0.0, 0.3247483025052681, 0.0, 0.0, 0.0, 0.0, 0.0, 0.0, 0.0, 0.0, 0.0, 0.0], [0.0, 0.006155193339771729, 0.0, 0.0, 0.0, 0.0, 0.0, 0.0, 0.0, 0.0, 0.0, 0.0], [0.0, 0.012045382989552782, 0.0, 0.0, 0.0, 0.0, 0.0, 0.0, 0.0, 0.0, 0.0, 0.0], [0.0, 0.0, 0.0, 0.0, 0.0, 0.0, 0.0, 0.0, 0.0, 0.0, 0.0, 0.0], [0.0, 0.018305401057733754, 0.0, 0.0, 0.0, 0.0, 0.0, 0.0, 0.0, 0.0, 0.0, 0.0]], "gtPolPoints": [[19, 23, 19, 69, 280, 69, 280, 23], [66, 513, 66, 541, 683, 541, 683, 513], [545, 423, 543, 433, 702, 495, 706, 485], [558, 400, 547, 419, 701, 475, 708, 456], [609, 385, 607, 402, 675, 427, 680, 410], [317, 287, 317, 345, 348, 345, 348, 287], [206, 242, 206, 268, 382, 268, 382, 242], [385, 247, 385, 266, 661, 266, 661, 247], [315, 214, 315, 248, 331, 248, 329, 215], [315, 264, 315, 276, 329, 277, 331, 264], [317, 197, 317, 205, 330, 205, 330, 197], [338, 198, 338, 271, 346, 271, 346, 198]], "detPolPoints": [[17, 22, 283, 22, 282, 71, 17, 71], [213, 243, 604, 244, 604, 274, 213, 273], [499, 512, 682, 512, 682, 542, 499, 541], [610, 385, 682, 411, 677, 428, 604, 402], [555, 399, 703, 449, 697, 470, 548, 419], [266, 512, 371, 512, 370, 542, 266, 541], [69, 511, 142, 511, 142, 542, 69, 542], [548, 425, 708, 482, 703, 496, 543, 439], [125, 512, 196, 511, 196, 541, 125, 541], [420, 512, 497, 511, 497, 541, 420, 542], [198, 511, 271, 511, 271, 541, 198, 541], [334, 512, 439, 512, 439, 542, 334, 541]], "gtDontCare": [11], "detDontCare": [], "evaluationParams": {"IOU_CONSTRAINT": 0.5, "AREA_PRECISION_CONSTRAINT": 0.5, "GT_SAMPLE_NAME_2_ID": "", "DET_SAMPLE_NAME_2_ID": "", "LTRB": false, "CRLF": false, "CONFIDENCES": false, "PER_SAMPLE_RESULTS": true}, "evaluationLog": "GT polygons: 12 (1 don't care)\nDET polygons: 12\nMatch GT #0 with Det #0\nMatch GT #2 with Det #7\nMatch GT #3 with Det #4\nMatch GT #4 with Det #3\n"}