{"precision": 0.8, "recall": 0.8, "hmean": 0.8000000000000002, "pairs": [{"gt": 0, "det": 0}, {"gt": 2, "det": 2}, {"gt": 3, "det": 1}, {"gt": 4, "det": 4}], "AP": 0, "iouMat": [[0.9283523376657896, 0.0, 0.0, 0.0, 0.0], [0.0, 0.0, 0.0, 0.0, 0.0], [0.0, 0.0, 0.8817104585265327, 0.0, 0.0], [0.0, 0.9407064224082968, 0.0, 0.0, 0.0], [0.0, 0.0, 0.0, 0.39856082460860265, 0.5031180916054557]], "gtPolPoints": [[4, 1, 4, 52, 210, 52, 210, 1], [226, 4, 226, 21, 208, 21, 208, 4], [207, 58, 207, 69, 0, 69, 0, 58], [0, 694, 0, 782, 256, 782, 256, 694], [799, 717, 799, 778, 298, 778, 298, 717]], "detPolPoints": [[9, 0, 207, -1, 208, 51, 9, 53], [-5, 692, 252, 693, 251, 783, -6, 782], [5, 59, 204, 57, 204, 69, 5, 70], [587, 717, 804, 718, 804, 776, 587, 775], [296, 718, 569, 719, 569, 776, 295, 775]], "gtDontCare": [], "detDontCare": [], "evaluationParams": {"IOU_CONSTRAINT": 0.5, "AREA_PRECISION_CONSTRAINT": 0.5, "GT_SAMPLE_NAME_2_ID": "", "DET_SAMPLE_NAME_2_ID": "", "LTRB": false, "CRLF": false, "CONFIDENCES": false, "PER_SAMPLE_RESULTS": true}, "evaluationLog": "GT polygons: 5\nDET polygons: 5\nMatch GT #0 with Det #0\nMatch GT #2 with Det #2\nMatch GT #3 with Det #1\nMatch GT #4 with Det #4\n"}