{"precision": 0.3333333333333333, "recall": 0.25, "hmean": 0.28571428571428575, "pairs": [{"gt": 10, "det": 0}], "AP": 0, "iouMat": [[0.0, 0.0, 0.0], [0.0, 0.0, 0.0], [0.0, 0.0, 0.0], [0.0, 0.0, 0.0], [0.0, 0.0, 0.38800640315232054], [0.0, 0.0, 0.14682678821879383], [0.0, 0.0, 0.08248597475455821], [0.0, 0.0, 0.005471026222078326], [0.0, 0.0, 0.0], [0.0, 0.0, 0.0], [0.5674084367438771, 0.0, 0.0], [0.0, 0.46302743605973773, 0.0]], "gtPolPoints": [[156, 501, 155, 512, 112, 519, 112, 508], [159, 501, 159, 510, 199, 510, 199, 501], [202, 501, 203, 511, 231, 516, 233, 505], [337, 464, 337, 492, 471, 492, 471, 464], [337, 493, 337, 522, 529, 522, 529, 493], [595, 500, 594, 511, 530, 515, 530, 500], [596, 498, 598, 511, 635, 515, 635, 503], [637, 507, 636, 516, 660, 520, 658, 510], [660, 510, 660, 520, 693, 525, 693, 516], [727, 510, 727, 519, 697, 524, 695, 516], [724, 172, 727, 217, 279, 283, 276, 236], [576, 127, 575, 153, 409, 177, 408, 153]], "detPolPoints": [[314, 199, 714, 157, 721, 229, 322, 271], [401, 135, 574, 123, 578, 174, 404, 187], [392, 494, 640, 495, 640, 518, 392, 517]], "gtDontCare": [0, 1, 2, 5, 6, 7, 8, 9], "detDontCare": [], "evaluationParams": {"IOU_CONSTRAINT": 0.5, "AREA_PRECISION_CONSTRAINT": 0.5, "GT_SAMPLE_NAME_2_ID": "", "DET_SAMPLE_NAME_2_ID": "", "LTRB": false, "CRLF": false, "CONFIDENCES": false, "PER_SAMPLE_RESULTS": true}, "evaluationLog": "GT polygons: 12 (8 don't care)\nDET polygons: 3\nMatch GT #10 with Det #0\n"}