{"precision": 0.75, "recall": 1.0, "hmean": 0.8571428571428571, "pairs": [{"gt": 0, "det": 1}, {"gt": 1, "det": 2}, {"gt": 2, "det": 0}], "AP": 0, "iouMat": [[0.0, 0.8373317729666472, 0.0, 0.0], [0.0, 0.0, 0.5088818758854134, 0.2619153674832962], [0.8710792653798958, 0.0, 0.0, 0.0]], "gtPolPoints": [[131, 90, 131, 128, 291, 128, 291, 90], [80, 139, 80, 159, 358, 159, 358, 139], [400, 664, 395, 742, 761, 742, 762, 659]], "detPolPoints": [[386, 657, 755, 657, 755, 745, 386, 745], [132, 86, 292, 85, 292, 126, 132, 126], [80, 133, 312, 136, 312, 155, 79, 152], [253, 139, 358, 138, 358, 153, 253, 153]], "gtDontCare": [], "detDontCare": [], "evaluationParams": {"IOU_CONSTRAINT": 0.5, "AREA_PRECISION_CONSTRAINT": 0.5, "GT_SAMPLE_NAME_2_ID": "", "DET_SAMPLE_NAME_2_ID": "", "LTRB": false, "CRLF": false, "CONFIDENCES": false, "PER_SAMPLE_RESULTS": true}, "evaluationLog": "GT polygons: 3\nDET polygons: 4\nMatch GT #0 with Det #1\nMatch GT #1 with Det #2\nMatch GT #2 with Det #0\n"}