{"precision": 0.75, "recall": 0.75, "hmean": 0.75, "pairs": [{"gt": 0, "det": 1}, {"gt": 1, "det": 2}, {"gt": 3, "det": 0}], "AP": 0, "iouMat": [[0.0, 0.7979381133310147, 0.0, 0.0, 0.20536126434759208], [0.0, 0.0, 0.7756728045325779, 0.0, 0.0], [0.0, 0.0, 0.0, 0.6789069171648164, 0.0], [0.9503509496284063, 0.0, 0.0, 0.0, 0.0], [0.0, 0.0026422987999559617, 0.0, 0.0, 0.4567928243272807]], "gtPolPoints": [[28, 46, 28, 113, 550, 113, 553, 49], [210, 143, 210, 167, 563, 167, 563, 143], [566, 186, 566, 196, 193, 196, 193, 186], [554, 218, 554, 246, 208, 246, 208, 218], [564, 57, 564, 111, 743, 111, 743, 57]], "detPolPoints": [[209, 219, 550, 218, 550, 245, 209, 246], [106, 45, 566, 48, 566, 116, 105, 113], [219, 147, 556, 146, 556, 166, 219, 166], [225, 184, 543, 184, 543, 197, 225, 197], [391, 55, 738, 55, 738, 113, 391, 114]], "gtDontCare": [2], "detDontCare": [3], "evaluationParams": {"IOU_CONSTRAINT": 0.5, "AREA_PRECISION_CONSTRAINT": 0.5, "GT_SAMPLE_NAME_2_ID": "", "DET_SAMPLE_NAME_2_ID": "", "LTRB": false, "CRLF": false, "CONFIDENCES": false, "PER_SAMPLE_RESULTS": true}, "evaluationLog": "GT polygons: 5 (1 don't care)\nDET polygons: 5 (1 don't care)\nMatch GT #0 with Det #1\nMatch GT #1 with Det #2\nMatch GT #3 with Det #0\n"}