{"precision": 1.0, "recall": 0.75, "hmean": 0.8571428571428571, "pairs": [{"gt": 0, "det": 2}, {"gt": 2, "det": 1}, {"gt": 3, "det": 0}], "AP": 0, "iouMat": [[0.0, 0.0, 0.8245289988917621], [0.0, 0.23955499795400526, 0.0], [0.0, 0.5851784907365567, 0.0], [0.87966307023003, 0.0, 0.0], [0.0, 0.0, 0.0]], "gtPolPoints": [[280, 542, 280, 563, 661, 563, 661, 542], [286, 483, 286, 512, 387, 512, 387, 483], [397, 485, 397, 510, 657, 510, 657, 485], [279, 409, 279, 452, 673, 452, 673, 409], [384, 0, 384, 7, 418, 7, 418, 0]], "detPolPoints": [[276, 412, 671, 411, 671, 454, 276, 455], [288, 485, 656, 483, 656, 513, 288, 515], [289, 542, 668, 540, 668, 564, 289, 567]], "gtDontCare": [4], "detDontCare": [], "evaluationParams": {"IOU_CONSTRAINT": 0.5, "AREA_PRECISION_CONSTRAINT": 0.5, "GT_SAMPLE_NAME_2_ID": "", "DET_SAMPLE_NAME_2_ID": "", "LTRB": false, "CRLF": false, "CONFIDENCES": false, "PER_SAMPLE_RESULTS": true}, "evaluationLog": "GT polygons: 5 (1 don't care)\nDET polygons: 3\nMatch GT #0 with Det #2\nMatch GT #2 with Det #1\nMatch GT #3 with Det #0\n"}