{"precision": 0.42857142857142855, "recall": 0.3333333333333333, "hmean": 0.375, "pairs": [{"gt": 3, "det": 3}, {"gt": 9, "det": 6}, {"gt": 10, "det": 1}], "AP": 0, "iouMat": [[0.3379192731136027, 0.0, 0.0, 0.0, 0.0, 0.0, 0.0, 0.0, 0.0], [0.37916930759018025, 0.0, 0.0, 0.0, 0.0, 0.0, 0.0, 0.0, 0.0], [0.0, 0.0, 0.0, 0.0, 0.0, 0.0, 0.0, 0.0, 0.0], [0.0, 0.0, 0.0, 0.8197893201974454, 0.0, 0.012086933743234357, 0.0, 0.11111677760724407, 0.0], [0.0, 0.0, 0.0, 0.0003671298782516186, 0.0, 0.27519011184894465, 0.0, 0.004198903050091374, 0.0], [0.0, 0.0, 0.0, 0.02321675666974441, 0.007196669668082146, 0.4862137085848965, 0.0, 0.2609429858501024, 0.0], [0.0, 0.0, 0.007526230119737289, 0.0, 0.0, 0.0, 0.0, 0.0, 0.0], [0.0, 0.0, 0.0, 0.0, 0.0, 0.0, 0.0, 0.0, 0.0], [0.0, 0.0, 0.42063804647499015, 0.09874959923052261, 0.2616207322089675, 0.05887404862735805, 0.0, 0.21580252441119452, 0.0], [0.0, 0.0, 0.0, 0.0, 0.0, 0.0, 0.6973174661503235, 0.0, 0.0], [0.007104847011002749, 0.8428571131398214, 0.0, 0.0, 0.0, 0.0, 0.0, 0.0, 0.0], [0.0, 0.0, 0.0, 0.0, 0.0, 0.0, 0.0, 0.0, 0.3993846153846154]], "gtPolPoints": [[378, 157, 401, 212, 260, 267, 242, 210], [227, 216, 248, 277, 88, 296, 76, 230], [415, 455, 425, 476, 409, 483, 409, 460], [404, 488, 404, 515, 283, 557, 277, 533], [261, 588, 256, 564, 301, 552, 306, 573], [318, 570, 312, 549, 400, 513, 402, 536], [259, 535, 266, 558, 248, 563, 242, 542], [194, 543, 199, 557, 233, 571, 231, 551], [0, 526, 0, 538, 568, 538, 568, 526], [0, 554, 0, 567, 89, 567, 89, 554], [354, 241, 376, 297, 188, 360, 172, 301], [0, 540, 0, 551, 59, 551, 59, 540]], "detPolPoints": [[75, 254, 393, 172, 410, 232, 91, 315], [171, 305, 362, 245, 381, 302, 190, 361], [8, 524, 275, 525, 275, 540, 8, 539], [261, 538, 396, 493, 404, 516, 269, 561], [399, 524, 558, 524, 558, 539, 399, 539], [249, 567, 398, 517, 406, 541, 258, 590], [3, 552, 74, 553, 73, 567, 3, 566], [288, 536, 501, 513, 503, 532, 291, 556], [0, 538, 125, 541, 125, 554, 0, 551]], "gtDontCare": [2, 5, 8], "detDontCare": [2, 4], "evaluationParams": {"IOU_CONSTRAINT": 0.5, "AREA_PRECISION_CONSTRAINT": 0.5, "GT_SAMPLE_NAME_2_ID": "", "DET_SAMPLE_NAME_2_ID": "", "LTRB": false, "CRLF": false, "CONFIDENCES": false, "PER_SAMPLE_RESULTS": true}, "evaluationLog": "GT polygons: 12 (3 don't care)\nDET polygons: 9 (2 don't care)\nMatch GT #3 with Det #3\nMatch GT #9 with Det #6\nMatch GT #10 with Det #1\n"}