{"precision": 0.3333333333333333, "recall": 0.3333333333333333, "hmean": 0.3333333333333333, "pairs": [{"gt": 1, "det": 3}, {"gt": 2, "det": 0}, {"gt": 5, "det": 6}], "AP": 0, "iouMat": [[0.0, 0.4384607835451233, 0.4334926833608307, 0.0, 0.0, 0.0, 0.0, 0.0, 0.0], [0.0, 0.0, 0.0, 0.7672413793103449, 0.0, 0.0, 0.0, 0.0, 0.0], [0.6744803875605563, 0.0, 0.0, 0.0, 0.0, 0.0, 0.0, 0.0, 0.0], [0.0, 0.0, 0.0, 0.0, 0.0, 0.0, 0.0, 0.0, 0.0], [0.0, 0.0, 0.0, 0.0, 0.49266265594826747, 0.24660854631441448, 0.028493721767868314, 0.0, 0.0], [0.0, 0.0, 0.0, 0.0, 0.0, 0.07924334998831954, 0.6099783670216802, 0.0, 0.0], [0.0, 0.0, 0.0, 0.0, 0.0, 0.0, 0.0, 0.0, 0.0], [0.0, 0.0, 0.0, 0.0, 0.0, 0.0, 0.0, 0.0, 0.0], [0.0, 0.0, 0.0, 0.0, 0.0, 0.0, 0.0, 0.20289913727092265, 0.0]], "gtPolPoints": [[7, 40, 7, 0, 378, 0, 378, 40], [407, 361, 407, 334, 520, 334, 520, 361], [407, 393, 407, 366, 522, 366, 522, 393], [358, 320, 385, 334, 443, 282, 428, 255], [448, 250, 446, 282, 524, 303, 541, 276], [545, 289, 524, 306, 544, 339, 566, 326], [382, 394, 365, 400, 395, 452, 410, 442], [409, 442, 399, 452, 488, 474, 488, 450], [489, 451, 495, 472, 576, 405, 557, 394]], "detPolPoints": [[439, 367, 524, 367, 524, 393, 439, 394], [203, 3, 379, 2, 379, 40, 203, 41], [6, 2, 179, 2, 179, 39, 6, 40], [431, 334, 523, 334, 523, 361, 431, 361], [451, 256, 502, 261, 499, 289, 449, 284], [499, 274, 541, 278, 539, 313, 497, 309], [515, 297, 540, 284, 563, 326, 538, 339], [546, 395, 562, 398, 557, 428, 542, 426], [548, 347, 564, 346, 565, 364, 549, 365]], "gtDontCare": [], "detDontCare": [], "evaluationParams": {"IOU_CONSTRAINT": 0.5, "AREA_PRECISION_CONSTRAINT": 0.5, "GT_SAMPLE_NAME_2_ID": "", "DET_SAMPLE_NAME_2_ID": "", "LTRB": false, "CRLF": false, "CONFIDENCES": false, "PER_SAMPLE_RESULTS": true}, "evaluationLog": "GT polygons: 9\nDET polygons: 9\nMatch GT #1 with Det #3\nMatch GT #2 with Det #0\nMatch GT #5 with Det #6\n"}