{"precision": 0.5, "recall": 0.2, "hmean": 0.28571428571428575, "pairs": [{"gt": 3, "det": 1}], "AP": 0, "iouMat": [[0.3028424687859736, 0.0], [0.48029030880888, 0.0], [0.01366120218579235, 0.0], [0.0, 0.8995417604027551], [0.0, 0.0]], "gtPolPoints": [[13, 467, 13, 514, 203, 514, 203, 467], [253, 469, 253, 514, 491, 514, 491, 469], [224, 481, 224, 509, 234, 509, 234, 481], [19, 67, 28, 112, 217, 64, 208, 19], [238, 75, 237, 91, 253, 95, 254, 81]], "detPolPoints": [[51, 469, 478, 469, 478, 517, 51, 517], [14, 65, 206, 17, 218, 66, 26, 113]], "gtDontCare": [], "detDontCare": [], "evaluationParams": {"IOU_CONSTRAINT": 0.5, "AREA_PRECISION_CONSTRAINT": 0.5, "GT_SAMPLE_NAME_2_ID": "", "DET_SAMPLE_NAME_2_ID": "", "LTRB": false, "CRLF": false, "CONFIDENCES": false, "PER_SAMPLE_RESULTS": true}, "evaluationLog": "GT polygons: 5\nDET polygons: 2\nMatch GT #3 with Det #1\n"}