{"precision": 1.0, "recall": 0.8, "hmean": 0.888888888888889, "pairs": [{"gt": 0, "det": 0}, {"gt": 1, "det": 3}, {"gt": 2, "det": 1}, {"gt": 3, "det": 2}], "AP": 0, "iouMat": [[0.9162949357124115, 0.0, 0.0, 0.0], [0.0, 0.0, 0.0, 0.9359089547768793], [0.0, 0.6712564543889845, 0.0, 0.0], [0.0, 0.0, 0.6879931307190262, 0.0], [0.0, 0.0, 0.07380497286008679, 0.0]], "gtPolPoints": [[8, 316, 8, 344, 203, 344, 203, 316], [218, 318, 218, 343, 343, 343, 343, 318], [138, 200, 138, 210, 216, 210, 216, 200], [283, 16, 329, 64, 342, 54, 297, 10], [304, 15, 334, 43, 341, 37, 312, 9]], "detPolPoints": [[9, 316, 213, 316, 212, 343, 9, 343], [136, 198, 219, 198, 219, 212, 136, 212], [288, 16, 303, 4, 342, 54, 327, 67], [217, 316, 343, 317, 343, 343, 217, 343]], "gtDontCare": [], "detDontCare": [], "evaluationParams": {"IOU_CONSTRAINT": 0.5, "AREA_PRECISION_CONSTRAINT": 0.5, "GT_SAMPLE_NAME_2_ID": "", "DET_SAMPLE_NAME_2_ID": "", "LTRB": false, "CRLF": false, "CONFIDENCES": false, "PER_SAMPLE_RESULTS": true}, "evaluationLog": "GT polygons: 5\nDET polygons: 4\nMatch GT #0 with Det #0\nMatch GT #1 with Det #3\nMatch GT #2 with Det #1\nMatch GT #3 with Det #2\n"}