{"precision": 1.0, "recall": 1.0, "hmean": 1.0, "pairs": [{"gt": 0, "det": 0}, {"gt": 1, "det": 4}, {"gt": 2, "det": 5}, {"gt": 3, "det": 2}], "AP": 0, "iouMat": [[0.9288275220318573, 0.0, 0.0, 0.0, 0.0, 0.0], [0.0, 0.0, 0.0, 0.0, 0.8783136378153944, 0.0], [0.0, 0.0, 0.0, 0.0, 0.0, 0.9033690309926103], [0.0, 0.0, 0.8445456427240737, 0.0, 0.0, 0.0], [0.0, 0.0, 0.0, 0.8530805687203792, 0.0, 0.0], [0.0, 0.8799472295514512, 0.0, 0.0, 0.0, 0.0]], "gtPolPoints": [[405, 19, 405, 111, 16, 111, 16, 19], [27, 559, 27, 585, 137, 585, 137, 559], [202, 560, 202, 586, 316, 586, 316, 560], [387, 607, 387, 631, 557, 631, 557, 607], [576, 576, 576, 636, 712, 636, 712, 576], [568, 643, 568, 688, 715, 688, 715, 643]], "detPolPoints": [[23, 20, 398, 21, 398, 113, 23, 113], [569, 642, 707, 641, 707, 686, 569, 687], [385, 605, 557, 603, 558, 631, 385, 633], [575, 570, 708, 570, 708, 638, 575, 638], [25, 560, 139, 560, 139, 586, 25, 587], [198, 561, 312, 560, 313, 586, 198, 587]], "gtDontCare": [4, 5], "detDontCare": [1, 3], "evaluationParams": {"IOU_CONSTRAINT": 0.5, "AREA_PRECISION_CONSTRAINT": 0.5, "GT_SAMPLE_NAME_2_ID": "", "DET_SAMPLE_NAME_2_ID": "", "LTRB": false, "CRLF": false, "CONFIDENCES": false, "PER_SAMPLE_RESULTS": true}, "evaluationLog": "GT polygons: 6 (2 don't care)\nDET polygons: 6 (2 don't care)\nMatch GT #0 with Det #0\nMatch GT #1 with Det #4\nMatch GT #2 with Det #5\nMatch GT #3 with Det #2\n"}