{"precision": 0.6666666666666666, "recall": 0.06666666666666667, "hmean": 0.1212121212121212, "pairs": [{"gt": 0, "det": 2}, {"gt": 2, "det": 0}], "AP": 0, "iouMat": [[0.0, 0.0, 0.7188967599206636], [0.0, 0.0, 0.0], [0.7587694877505567, 0.0, 0.0], [0.0, 0.08509437511757693, 0.0], [0.0, 0.09556878306878307, 0.0], [0.0, 0.07831442578270188, 0.0], [0.0, 0.07936507936507936, 0.0], [0.0, 0.09262284780696252, 0.0], [0.0, 0.0787037037037037, 0.0], [0.0, 0.0, 0.0], [0.0, 0.0, 0.0], [0.0, 0.0, 0.0], [0.0, 0.0, 0.0], [0.0, 0.0, 0.0], [0.0, 0.0, 0.0], [0.0, 0.0, 0.0], [0.0, 0.0, 0.0], [0.0, 0.0, 0.0], [0.0, 0.0, 0.0], [0.0, 0.0, 0.0], [0.0, 0.0, 0.0], [0.0, 0.0, 0.0], [0.0, 0.0, 0.0], [0.0, 0.0, 0.0], [0.0, 0.0, 0.0], [0.0, 0.0, 0.0], [0.0, 0.0, 0.0], [0.0, 0.0, 0.0], [0.0, 0.0, 0.0], [0.0, 0.0, 0.0]], "gtPolPoints": [[142, 201, 139, 239, 211, 238, 211, 199], [358, 314, 358, 337, 395, 337, 395, 314], [30, 257, 30, 269, 280, 269, 281, 258], [98, 279, 98, 296, 114, 296, 114, 279], [125, 280, 125, 297, 142, 297, 142, 280], [153, 279, 153, 295, 168, 295, 168, 279], [180, 280, 180, 296, 195, 296, 195, 280], [207, 279, 207, 297, 223, 297, 223, 279], [236, 282, 236, 296, 253, 296, 253, 282], [77, 281, 77, 295, 83, 295, 83, 281], [266, 279, 266, 297, 273, 298, 273, 279], [304, 346, 304, 353, 451, 353, 451, 346], [327, 357, 327, 367, 331, 367, 331, 357], [338, 358, 338, 367, 344, 367, 344, 358], [351, 357, 351, 367, 360, 367, 360, 357], [366, 358, 366, 367, 373, 367, 373, 358], [379, 357, 379, 366, 387, 366, 387, 357], [394, 356, 394, 366, 401, 366, 401, 356], [406, 357, 406, 367, 415, 367, 415, 357], [294, 75, 294, 83, 465, 83, 465, 75], [356, 38, 356, 65, 398, 65, 398, 38], [320, 88, 320, 98, 324, 98, 324, 88], [333, 89, 333, 98, 342, 98, 342, 89], [349, 90, 349, 99, 359, 99, 359, 90], [365, 87, 365, 99, 374, 99, 374, 87], [382, 88, 382, 99, 392, 99, 392, 88], [397, 90, 399, 99, 408, 100, 408, 90], [411, 88, 411, 99, 423, 98, 424, 88], [423, 358, 423, 367, 428, 367, 428, 358], [431, 87, 431, 99, 437, 99, 437, 87]], "detPolPoints": [[37, 256, 274, 256, 274, 270, 37, 271], [93, 280, 261, 278, 261, 296, 93, 298], [138, 208, 207, 207, 208, 240, 139, 241]], "gtDontCare": [], "detDontCare": [], "evaluationParams": {"IOU_CONSTRAINT": 0.5, "AREA_PRECISION_CONSTRAINT": 0.5, "GT_SAMPLE_NAME_2_ID": "", "DET_SAMPLE_NAME_2_ID": "", "LTRB": false, "CRLF": false, "CONFIDENCES": false, "PER_SAMPLE_RESULTS": true}, "evaluationLog": "GT polygons: 30\nDET polygons: 3\nMatch GT #0 with Det #2\nMatch GT #2 with Det #0\n"}