{"precision": 0.75, "recall": 0.6, "hmean": 0.6666666666666665, "pairs": [{"gt": 0, "det": 7}, {"gt": 1, "det": 8}, {"gt": 3, "det": 13}], "AP": 0, "iouMat": [[0.0, 0.0, 0.0, 0.0, 0.0, 0.0, 0.0, 0.8131660563362922, 0.0, 0.0, 0.0, 0.0, 0.0, 0.0, 0.0, 0.0, 0.0, 0.0, 0.0], [0.0, 0.0, 0.0, 0.0, 0.0, 0.0, 0.0, 0.0, 0.8989226157317551, 0.0, 0.0, 0.0, 0.0, 0.0, 0.0, 0.0, 0.0, 0.0, 0.0], [0.0, 0.0, 0.0, 0.0, 0.0, 0.0, 0.0, 0.0, 0.0, 0.0, 0.0, 0.0, 0.0, 0.0, 0.0, 0.0, 0.0, 0.0, 0.0], [0.0, 0.0, 0.0, 0.0, 0.0, 0.0, 0.0, 0.0, 0.0, 0.0, 0.0, 0.0, 0.0, 0.5977886002593771, 0.0, 0.0, 0.0, 0.0, 0.0], [0.0, 0.7833829929818594, 0.0, 0.0, 0.0, 0.0, 0.0, 0.0, 0.0, 0.0, 0.0, 0.0, 0.0, 0.0, 0.0, 0.0, 0.0, 0.0, 0.0], [0.7946297682636089, 0.0, 0.0, 0.0, 0.0, 0.0, 0.0, 0.0, 0.0, 0.0, 0.0, 0.0, 0.0, 0.0, 0.0, 0.0, 0.0, 0.0, 0.0], [0.0, 0.0, 0.8247752564816141, 0.0, 0.0, 0.0, 0.0, 0.0, 0.0, 0.0, 0.0, 0.0, 0.0, 0.0, 0.0, 0.0, 0.0, 0.0, 0.0], [0.0, 0.0, 0.0, 0.0, 0.0, 0.7594175302990317, 0.0, 0.0, 0.0, 0.0, 0.004458832760503515, 0.0, 0.0, 0.0, 0.0, 0.19872579007184626, 0.0, 0.0, 0.0], [0.0, 0.0, 0.0, 0.0, 0.0, 0.005706134942355635, 0.0, 0.0, 0.0, 0.0, 0.5606139698463919, 0.0, 0.0, 0.0, 0.0, 0.48216118258035157, 0.0, 0.0, 0.0], [0.0, 0.0, 0.0, 0.0, 0.0, 0.0, 0.0, 0.0, 0.0, 0.0, 0.05322070060800025, 0.0, 0.5591909364671638, 0.0, 0.0, 0.0, 0.0, 0.0, 0.0], [0.0, 0.0, 0.0, 0.0, 0.0, 0.0, 0.0, 0.0, 0.0, 0.0, 0.0, 0.03014529514999246, 0.0, 0.0, 0.5479076671057846, 0.0, 0.0, 0.0, 0.0], [0.0, 0.0, 0.0, 0.0, 0.0, 0.0, 0.0, 0.0, 0.0, 0.0, 0.0, 0.7340828149494814, 0.0, 0.0, 0.09037504333389941, 0.0, 0.0, 0.3430626168638492, 0.0], [0.0, 0.0, 0.0, 0.0, 0.0, 0.0, 0.0, 0.0, 0.0, 0.5003101947404168, 0.0, 0.0, 0.0, 0.0, 0.0, 0.0, 0.5712309820193637, 0.004300850302787454, 0.0], [0.0, 0.0, 0.0, 0.0, 0.0, 0.0, 0.8487480060079015, 0.0, 0.0, 0.08542835618002592, 0.0, 0.0, 0.0, 0.0, 0.0, 0.0, 0.001842608503274656, 0.0, 0.0], [0.0, 0.0, 0.0, 0.0, 0.8193901844801564, 0.0, 0.0, 0.0, 0.0, 0.0, 0.0, 0.0, 0.0, 0.0, 0.0, 0.0, 0.0, 0.0, 0.0009872639639602221], [0.0, 0.0, 0.0, 0.0, 0.0, 0.0, 0.002613307909468842, 0.0, 0.0, 0.0, 0.0, 0.0, 0.0, 0.0, 0.0, 0.0, 0.0, 0.0, 0.7495196577515679], [0.0, 0.0, 0.0, 0.1677035086949047, 0.0, 0.08255038258687802, 0.0, 0.0, 0.0, 0.0, 0.05940913390641722, 0.0, 0.0, 0.0, 0.0, 0.07021207259403028, 0.0, 0.0, 0.0], [0.0, 0.0, 0.0, 0.0, 0.0, 0.0, 0.0, 0.0, 0.0, 0.0, 0.02005839720826338, 0.0, 0.0996236657199925, 0.0, 0.0, 0.004440456290761294, 0.0, 0.0, 0.0]], "gtPolPoints": [[154, 385, 151, 399, 216, 413, 217, 392], [75, 373, 72, 389, 140, 398, 141, 383], [42, 369, 40, 384, 51, 386, 51, 369], [199, 292, 195, 304, 223, 311, 227, 298], [204, 283, 206, 261, 89, 246, 85, 262], [236, 264, 241, 245, 93, 223, 91, 242], [97, 203, 95, 220, 197, 234, 198, 217], [427, 510, 433, 491, 236, 433, 233, 447], [459, 501, 461, 485, 249, 421, 244, 433], [245, 397, 240, 413, 354, 447, 358, 431], [403, 444, 407, 431, 253, 383, 247, 395], [473, 450, 477, 435, 257, 368, 252, 382], [430, 415, 434, 403, 261, 353, 257, 365], [353, 377, 358, 364, 266, 336, 261, 353], [361, 363, 365, 351, 269, 322, 265, 332], [371, 346, 360, 368, 384, 379, 394, 355], [289, 529, 289, 511, 493, 463, 493, 473], [427, 467, 414, 446, 396, 452, 404, 474]], "detPolPoints": [[92, 221, 233, 244, 230, 262, 89, 238], [87, 242, 220, 264, 217, 283, 84, 262], [103, 202, 204, 218, 201, 236, 100, 219], [254, 508, 326, 502, 328, 525, 256, 531], [268, 320, 365, 349, 361, 363, 264, 333], [266, 443, 438, 493, 433, 510, 261, 459], [264, 335, 363, 366, 358, 381, 259, 350], [149, 384, 221, 393, 219, 410, 147, 401], [74, 373, 142, 381, 140, 397, 72, 389], [260, 350, 382, 381, 378, 397, 256, 366], [252, 411, 461, 485, 455, 501, 247, 426], [261, 372, 465, 427, 461, 443, 257, 388], [243, 397, 438, 455, 434, 470, 239, 412], [190, 289, 228, 295, 226, 309, 188, 304], [248, 380, 466, 443, 461, 459, 243, 396], [265, 435, 463, 485, 459, 500, 261, 451], [309, 365, 448, 404, 444, 419, 304, 380], [251, 366, 385, 401, 382, 414, 248, 379], [365, 347, 394, 351, 390, 374, 361, 369]], "gtDontCare": [4, 5, 6, 7, 8, 9, 10, 11, 12, 13, 14, 15, 16], "detDontCare": [0, 1, 2, 4, 5, 6, 9, 10, 11, 12, 14, 15, 16, 17, 18], "evaluationParams": {"IOU_CONSTRAINT": 0.5, "AREA_PRECISION_CONSTRAINT": 0.5, "GT_SAMPLE_NAME_2_ID": "", "DET_SAMPLE_NAME_2_ID": "", "LTRB": false, "CRLF": false, "CONFIDENCES": false, "PER_SAMPLE_RESULTS": true}, "evaluationLog": "GT polygons: 18 (13 don't care)\nDET polygons: 19 (15 don't care)\nMatch GT #0 with Det #7\nMatch GT #1 with Det #8\nMatch GT #3 with Det #13\n"}