{"precision": 0.4, "recall": 0.5714285714285714, "hmean": 0.47058823529411764, "pairs": [{"gt": 1, "det": 0}, {"gt": 2, "det": 3}, {"gt": 8, "det": 2}, {"gt": 13, "det": 4}], "AP": 0, "iouMat": [[9.479723521425893e-05, 0.7007460362929843, 0.0, 0.0, 0.0, 0.0, 0.0, 0.0, 0.0, 0.0, 0.0], [0.8394106309436657, 0.00010370606227464761, 0.0, 0.0, 0.0, 0.0, 0.0, 0.0, 0.0, 0.0, 0.0], [0.0, 0.0, 0.0, 0.814385150812065, 0.0, 0.0, 0.0, 0.0, 0.0, 0.0, 0.0], [0.0, 0.0, 0.0, 0.0, 0.0, 0.0, 0.0, 0.0, 0.0, 0.0, 0.0], [0.0, 0.0, 0.0, 0.0, 0.0, 0.0, 0.0, 0.0, 0.0, 0.0, 0.0], [0.0, 0.0, 0.0, 0.0, 0.0, 0.0, 0.0, 0.0, 0.0, 0.0, 0.0], [0.0, 0.0, 0.0, 0.0, 0.0, 0.0, 0.0, 0.0, 0.0, 0.0, 0.0], [0.0, 0.0, 0.0, 0.0, 0.0, 0.0, 0.0, 0.0, 0.0, 0.0, 0.0], [0.0, 0.0, 0.8899414917612443, 0.0, 0.0, 0.0, 0.0, 0.0, 0.0, 0.0, 0.0], [0.0, 0.0, 0.0, 0.0, 0.0, 0.0, 0.0, 0.0, 0.0, 0.0, 0.0], [0.0, 0.0, 0.0, 0.0, 0.0, 0.0, 0.34168291638479126, 0.07987566497297446, 0.0, 0.2287191826009114, 0.0], [0.0, 0.0, 0.0, 0.0, 0.0, 0.1680576051871957, 0.06992139102337455, 0.1607120302817977, 0.241952801307376, 0.1850094990422528, 0.3005459706910764], [0.0, 0.0, 0.0, 0.0, 0.0, 0.27547154867384804, 0.0, 0.20437385082183127, 0.0, 0.0, 0.0], [0.0, 0.0, 0.0, 0.0, 0.5228641154107905, 0.0, 0.0, 0.0, 0.0, 0.0, 0.0], [0.0, 0.0, 0.0, 0.0, 0.0, 0.0, 0.0, 0.0, 0.0, 0.0, 0.0], [0.0, 0.0, 0.0, 0.0, 0.0, 0.0, 0.0, 0.0, 0.0, 0.0, 0.0], [0.0, 0.0, 0.0, 0.0, 0.0, 0.0, 0.0, 0.0, 0.0, 0.0, 0.0], [0.0, 0.0, 0.0, 0.0, 0.0, 0.0, 0.0, 0.0, 0.0, 0.0, 0.0], [0.0, 0.0, 0.0, 0.0, 0.0, 0.0, 0.0, 0.0, 0.0, 0.0, 0.0]], "gtPolPoints": [[89, 68, 89, 17, 172, 17, 172, 68], [208, 27, 248, 71, 77, 238, 37, 190], [105, 265, 105, 280, 186, 280, 186, 265], [385, 71, 385, 84, 501, 84, 501, 71], [273, 74, 273, 87, 360, 87, 360, 74], [234, 132, 234, 143, 354, 143, 354, 132], [153, 190, 135, 225, 190, 223, 190, 180], [135, 252, 135, 251, 135, 251, 135, 252], [115, 229, 103, 264, 190, 261, 190, 229], [259, 195, 254, 203, 305, 203, 308, 194], [121, 672, 195, 747, 224, 727, 144, 648], [61, 688, 185, 807, 211, 781, 86, 660], [64, 757, 122, 814, 145, 779, 92, 731], [775, 657, 665, 765, 722, 823, 826, 717], [270, 213, 270, 223, 301, 223, 301, 211], [269, 227, 266, 236, 305, 238, 305, 226], [241, 148, 230, 158, 331, 158, 330, 153], [325, 168, 325, 177, 232, 177, 232, 168], [307, 184, 307, 190, 256, 190, 256, 184]], "detPolPoints": [[33, 188, 227, 18, 266, 63, 72, 233], [80, 27, 152, 3, 172, 63, 101, 88], [104, 229, 188, 228, 188, 262, 104, 263], [100, 266, 187, 265, 187, 278, 100, 279], [762, 625, 855, 702, 756, 822, 663, 745], [89, 784, 166, 723, 191, 754, 114, 816], [114, 659, 160, 647, 182, 730, 136, 743], [55, 752, 155, 680, 180, 715, 80, 786], [55, 679, 104, 660, 121, 704, 71, 723], [122, 733, 202, 696, 221, 736, 140, 773], [138, 757, 178, 731, 209, 778, 169, 804]], "gtDontCare": [0, 3, 4, 5, 6, 7, 9, 14, 15, 16, 17, 18], "detDontCare": [1], "evaluationParams": {"IOU_CONSTRAINT": 0.5, "AREA_PRECISION_CONSTRAINT": 0.5, "GT_SAMPLE_NAME_2_ID": "", "DET_SAMPLE_NAME_2_ID": "", "LTRB": false, "CRLF": false, "CONFIDENCES": false, "PER_SAMPLE_RESULTS": true}, "evaluationLog": "GT polygons: 19 (12 don't care)\nDET polygons: 11 (1 don't care)\nMatch GT #1 with Det #0\nMatch GT #2 with Det #3\nMatch GT #8 with Det #2\nMatch GT #13 with Det #4\n"}