{"precision": 0.4, "recall": 0.6666666666666666, "hmean": 0.5, "pairs": [{"gt": 2, "det": 0}, {"gt": 4, "det": 1}], "AP": 0, "iouMat": [[0.0, 0.0, 0.0, 0.0, 0.0, 0.8043826830571886, 0.0, 0.0, 0.0], [0.0, 0.0, 0.34164430014378216, 0.3107307439104674, 0.0, 0.0, 0.25392645537477665, 0.0, 0.0], [0.9390283066477038, 0.0, 0.0, 0.0, 0.0, 0.0, 0.0, 0.0, 0.0], [0.0, 0.0, 0.0, 0.0, 0.3716221246184769, 0.0, 0.0, 0.2951417675344056, 0.3244646333549643], [0.0, 0.7711160914388168, 0.0, 0.0, 0.0, 0.0, 0.0, 0.0, 0.0], [0.0, 0.0, 0.0, 0.0, 0.0, 0.0, 0.0, 0.0, 0.0]], "gtPolPoints": [[520, 52, 520, 77, 443, 75, 441, 52], [348, 340, 348, 371, 5, 371, 5, 340], [311, 382, 311, 416, 10, 416, 10, 382], [8, 436, 8, 447, 270, 447, 270, 436], [8, 455, 8, 468, 176, 468, 176, 455], [144, 461, 144, 461, 143, 461, 143, 461]], "detPolPoints": [[4, 382, 311, 382, 311, 417, 4, 418], [4, 453, 172, 452, 172, 467, 4, 468], [223, 341, 352, 342, 351, 372, 223, 371], [5, 341, 117, 341, 117, 370, 5, 371], [11, 435, 125, 434, 125, 446, 12, 446], [446, 52, 516, 52, 516, 74, 446, 73], [124, 341, 214, 341, 214, 371, 124, 371], [156, 435, 245, 434, 245, 445, 156, 447], [82, 434, 182, 434, 182, 446, 82, 446]], "gtDontCare": [0, 3, 5], "detDontCare": [4, 5, 7, 8], "evaluationParams": {"IOU_CONSTRAINT": 0.5, "AREA_PRECISION_CONSTRAINT": 0.5, "GT_SAMPLE_NAME_2_ID": "", "DET_SAMPLE_NAME_2_ID": "", "LTRB": false, "CRLF": false, "CONFIDENCES": false, "PER_SAMPLE_RESULTS": true}, "evaluationLog": "GT polygons: 6 (3 don't care)\nDET polygons: 9 (4 don't care)\nMatch GT #2 with Det #0\nMatch GT #4 with Det #1\n"}