{"precision": 0.5, "recall": 0.6, "hmean": 0.5454545454545454, "pairs": [{"gt": 0, "det": 5}, {"gt": 1, "det": 4}, {"gt": 4, "det": 0}], "AP": 0, "iouMat": [[0.0, 0.0, 0.0, 0.0, 0.0, 0.8615384615384616], [0.0, 0.0, 0.0, 0.0, 0.7877424978039863, 0.0], [0.0, 0.37474134245404017, 0.0, 0.41419206820911836, 0.0, 0.0], [0.0, 0.2951832029641827, 0.37154989384288745, 0.048495949190058604, 0.0, 0.0], [0.5842871218710254, 0.0, 0.0, 0.0, 0.0, 0.0]], "gtPolPoints": [[46, 34, 46, 215, 61, 215, 61, 34], [64, 35, 64, 213, 77, 213, 77, 35], [98, 29, 98, 218, 123, 218, 123, 29], [125, 29, 125, 219, 146, 219, 146, 29], [152, 32, 152, 209, 215, 209, 215, 32]], "detPolPoints": [[152, -4, 202, -5, 207, 252, 157, 253], [107, 66, 140, 67, 137, 219, 104, 218], [123, 28, 147, 28, 147, 104, 123, 104], [98, 28, 128, 28, 129, 117, 99, 118], [61, 32, 75, 31, 80, 207, 66, 207], [47, 19, 61, 19, 60, 214, 46, 214]], "gtDontCare": [], "detDontCare": [], "evaluationParams": {"IOU_CONSTRAINT": 0.5, "AREA_PRECISION_CONSTRAINT": 0.5, "GT_SAMPLE_NAME_2_ID": "", "DET_SAMPLE_NAME_2_ID": "", "LTRB": false, "CRLF": false, "CONFIDENCES": false, "PER_SAMPLE_RESULTS": true}, "evaluationLog": "GT polygons: 5\nDET polygons: 6\nMatch GT #0 with Det #5\nMatch GT #1 with Det #4\nMatch GT #4 with Det #0\n"}