{"precision": 0.5, "recall": 0.16666666666666666, "hmean": 0.25, "pairs": [{"gt": 0, "det": 0}, {"gt": 1, "det": 1}, {"gt": 23, "det": 5}], "AP": 0, "iouMat": [[0.901467949763497, 0.0, 0.0, 0.0, 0.0, 0.0], [0.0, 0.9542905692438403, 0.0, 0.0, 0.0, 0.0], [0.0, 0.0, 0.0, 0.11701337295690936, 0.0, 0.0], [0.0, 0.0, 0.0, 0.16998421475870423, 0.0, 0.0], [0.0, 0.0, 0.0, 0.03400075557234605, 0.0, 0.0], [0.0, 0.0, 0.0, 0.08840196448809974, 0.0, 0.0], [0.0, 0.0, 0.0, 0.03022289384208538, 0.0, 0.0], [0.0, 0.0, 0.0, 0.08155405904960407, 0.0, 0.0], [0.0, 0.0, 0.0, 0.05583542616724571, 0.0, 0.0], [0.0, 0.0, 0.0, 0.03022289384208538, 0.0, 0.0], [0.0, 0.0, 0.0, 0.07663784370871643, 0.0, 0.0], [0.0, 0.0, 0.0, 0.0, 0.1265511042833048, 0.0], [0.0, 0.0, 0.0, 0.0, 0.07228915662650602, 0.0], [0.0, 0.0, 0.0, 0.0, 0.10680899291851885, 0.0], [0.0, 0.0, 0.0, 0.0, 0.04471734767082867, 0.0], [0.0, 0.0, 0.0, 0.0, 0.07530120481927711, 0.0], [0.0, 0.0, 0.0, 0.0, 0.12048192771084337, 0.0], [0.0, 0.0, 0.0, 0.0, 0.04819277108433735, 0.0], [0.0, 0.0, 0.0, 0.0, 0.107095046854083, 0.0], [0.0, 0.0, 0.31573096199468964, 0.0, 0.0, 0.0], [0.0, 0.0, 0.16254980079681275, 0.0, 0.0, 0.0], [0.0, 0.0, 0.2906596995427825, 0.0, 0.0, 0.0], [0.0, 0.0, 0.0, 0.0, 0.0, 0.0], [0.0, 0.0, 0.0, 0.0, 0.0, 0.9115028166454661]], "gtPolPoints": [[479, 681, 480, 770, 795, 770, 795, 681], [26, 158, 26, 211, 244, 211, 244, 158], [24, 134, 24, 143, 64, 143, 64, 134], [67, 134, 67, 144, 112, 144, 112, 134], [115, 134, 115, 143, 125, 143, 125, 134], [127, 134, 127, 143, 153, 143, 153, 134], [155, 135, 155, 143, 165, 143, 165, 135], [167, 135, 167, 143, 194, 143, 194, 135], [197, 135, 197, 143, 216, 143, 216, 135], [218, 134, 218, 142, 228, 142, 228, 134], [232, 135, 232, 143, 260, 143, 260, 135], [26, 120, 26, 130, 70, 130, 70, 120], [73, 120, 73, 129, 97, 129, 97, 120], [99, 120, 99, 130, 132, 130, 132, 120], [134, 121, 134, 130, 149, 130, 149, 121], [151, 120, 151, 129, 176, 129, 176, 120], [179, 121, 179, 130, 219, 130, 219, 121], [222, 121, 222, 130, 238, 130, 238, 121], [240, 120, 240, 130, 272, 130, 272, 120], [21, 89, 21, 113, 124, 113, 125, 88], [130, 89, 130, 113, 181, 113, 181, 89], [188, 88, 188, 113, 282, 113, 282, 88], [205, 276, 207, 282, 242, 266, 240, 260], [286, 81, 286, 148, 365, 148, 365, 81]], "detPolPoints": [[472, 679, 790, 678, 790, 773, 472, 774], [26, 157, 242, 157, 242, 210, 26, 210], [26, 84, 277, 84, 277, 114, 26, 114], [29, 134, 269, 131, 270, 142, 29, 145], [28, 117, 277, 119, 277, 131, 28, 129], [284, 80, 362, 80, 362, 147, 284, 147]], "gtDontCare": [11, 13, 16, 17, 18, 22], "detDontCare": [], "evaluationParams": {"IOU_CONSTRAINT": 0.5, "AREA_PRECISION_CONSTRAINT": 0.5, "GT_SAMPLE_NAME_2_ID": "", "DET_SAMPLE_NAME_2_ID": "", "LTRB": false, "CRLF": false, "CONFIDENCES": false, "PER_SAMPLE_RESULTS": true}, "evaluationLog": "GT polygons: 24 (6 don't care)\nDET polygons: 6\nMatch GT #0 with Det #0\nMatch GT #1 with Det #1\nMatch GT #23 with Det #5\n"}