{"precision": 0.8, "recall": 0.6666666666666666, "hmean": 0.7272727272727272, "pairs": [{"gt": 2, "det": 0}, {"gt": 3, "det": 2}, {"gt": 4, "det": 3}, {"gt": 5, "det": 1}], "AP": 0, "iouMat": [[0.0, 0.0, 0.0, 0.0, 0.348695652173913], [0.0, 0.0, 0.0, 0.0, 0.24812640957036988], [0.8990390686887937, 0.0, 0.0, 0.0, 0.0], [0.0, 0.0, 0.963751247090123, 0.0, 0.0], [0.0, 0.0, 0.0, 0.9399741926185485, 0.0], [0.0, 0.9178776564776491, 0.0, 0.0, 0.0], [0.0, 0.0, 0.0, 0.0, 0.014559068219633943], [0.007530812846165636, 0.0, 0.0, 0.0, 0.0]], "gtPolPoints": [[281, 110, 283, 118, 329, 117, 329, 108], [334, 108, 334, 117, 372, 120, 374, 112], [223, 218, 223, 280, 387, 280, 386, 222], [65, 24, 65, 70, 160, 70, 160, 24], [64, 71, 65, 117, 163, 117, 160, 70], [34, 153, 34, 202, 198, 202, 198, 153], [260, 113, 264, 119, 274, 118, 275, 113], [409, 211, 412, 218, 383, 228, 379, 221]], "detPolPoints": [[219, 219, 392, 219, 392, 282, 220, 282], [32, 155, 200, 156, 199, 202, 31, 201], [65, 24, 162, 23, 162, 70, 66, 70], [65, 71, 164, 71, 164, 118, 65, 118], [271, 106, 371, 107, 371, 118, 271, 118]], "gtDontCare": [6, 7], "detDontCare": [], "evaluationParams": {"IOU_CONSTRAINT": 0.5, "AREA_PRECISION_CONSTRAINT": 0.5, "GT_SAMPLE_NAME_2_ID": "", "DET_SAMPLE_NAME_2_ID": "", "LTRB": false, "CRLF": false, "CONFIDENCES": false, "PER_SAMPLE_RESULTS": true}, "evaluationLog": "GT polygons: 8 (2 don't care)\nDET polygons: 5\nMatch GT #2 with Det #0\nMatch GT #3 with Det #2\nMatch GT #4 with Det #3\nMatch GT #5 with Det #1\n"}