{"precision": 0.4, "recall": 0.4, "hmean": 0.4000000000000001, "pairs": [{"gt": 0, "det": 2}, {"gt": 4, "det": 4}], "AP": 0, "iouMat": [[0.0, 0.2846166389156752, 0.7928785614088832, 0.0, 0.0], [0.005878935627868124, 0.3701079603201724, 0.0, 0.4167865344807728, 0.0], [0.24355131171203406, 0.0, 0.0, 0.1624990489491006, 8.398722423687733e-06], [0.37277945038089855, 0.0, 0.0, 0.047531165804885304, 0.0], [0.0005819372518141114, 0.0, 0.0, 0.06668677250785882, 0.60536968179047]], "gtPolPoints": [[574, 15, 588, 162, 312, 264, 243, 113], [665, 26, 643, 166, 879, 229, 937, 71], [966, 111, 892, 242, 986, 297, 1074, 175], [1103, 213, 1006, 322, 1086, 442, 1219, 342], [1088, 33, 1019, 93, 1255, 329, 1330, 262]], "detPolPoints": [[925, 110, 1219, 286, 1143, 442, 849, 266], [367, 37, 906, 15, 912, 185, 373, 207], [241, 121, 533, -6, 594, 133, 303, 261], [655, -7, 1183, 140, 1136, 309, 609, 162], [1063, 3, 1296, 207, 1215, 299, 982, 95]], "gtDontCare": [], "detDontCare": [], "evaluationParams": {"IOU_CONSTRAINT": 0.5, "AREA_PRECISION_CONSTRAINT": 0.5, "GT_SAMPLE_NAME_2_ID": "", "DET_SAMPLE_NAME_2_ID": "", "LTRB": false, "CRLF": false, "CONFIDENCES": false, "PER_SAMPLE_RESULTS": true}, "evaluationLog": "GT polygons: 5\nDET polygons: 5\nMatch GT #0 with Det #2\nMatch GT #4 with Det #4\n"}