{"precision": 0.6666666666666666, "recall": 0.4444444444444444, "hmean": 0.5333333333333333, "pairs": [{"gt": 3, "det": 2}, {"gt": 4, "det": 3}, {"gt": 5, "det": 1}, {"gt": 8, "det": 5}], "AP": 0, "iouMat": [[0.22868954009690692, 0.0, 0.0, 0.0, 0.0, 0.0], [0.26918947933440684, 0.0, 0.0, 0.0, 0.0, 0.0], [0.0, 0.0, 0.0, 0.0, 0.0, 0.0], [0.0, 0.0, 0.6127275556247083, 0.0, 0.0, 0.0], [0.0, 0.0, 0.0, 0.6462376574736125, 0.0, 0.0], [0.0, 0.7725894481503942, 0.0, 0.0, 0.0, 0.0], [0.0, 0.0, 0.0, 0.0, 0.0, 0.0], [0.0, 0.0, 0.0, 0.0, 0.0, 0.05254697202112135], [0.0, 0.0, 0.0, 0.0, 0.0, 0.5288496963502612], [0.0, 0.0, 0.0, 0.0, 0.41116173751070734, 0.0]], "gtPolPoints": [[231, 116, 227, 124, 276, 151, 281, 145], [287, 151, 282, 159, 330, 186, 334, 178], [245, 145, 242, 150, 299, 183, 303, 180], [10, 311, 10, 322, 190, 322, 190, 311], [209, 310, 209, 323, 390, 323, 390, 310], [411, 310, 411, 324, 593, 324, 593, 310], [245, 357, 233, 328, 216, 326, 238, 364], [249, 358, 244, 366, 255, 373, 258, 363], [262, 364, 260, 375, 292, 381, 294, 370], [329, 350, 336, 359, 309, 376, 304, 367]], "detPolPoints": [[239, 113, 338, 177, 329, 190, 230, 126], [401, 309, 595, 308, 595, 325, 401, 326], [6, 307, 189, 308, 189, 325, 6, 325], [244, 308, 390, 308, 390, 325, 244, 325], [293, 361, 329, 346, 337, 365, 301, 380], [254, 361, 292, 366, 290, 382, 252, 377]], "gtDontCare": [2], "detDontCare": [], "evaluationParams": {"IOU_CONSTRAINT": 0.5, "AREA_PRECISION_CONSTRAINT": 0.5, "GT_SAMPLE_NAME_2_ID": "", "DET_SAMPLE_NAME_2_ID": "", "LTRB": false, "CRLF": false, "CONFIDENCES": false, "PER_SAMPLE_RESULTS": true}, "evaluationLog": "GT polygons: 10 (1 don't care)\nDET polygons: 6\nMatch GT #3 with Det #2\nMatch GT #4 with Det #3\nMatch GT #5 with Det #1\nMatch GT #8 with Det #5\n"}