{"precision": 1.0, "recall": 1.0, "hmean": 1.0, "pairs": [{"gt": 0, "det": 2}, {"gt": 1, "det": 0}, {"gt": 2, "det": 1}], "AP": 0, "iouMat": [[0.0, 0.0, 0.8477842003853564], [0.8988596624600882, 0.0, 0.0], [0.0, 0.68358399986393, 0.0]], "gtPolPoints": [[15, 701, 15, 713, 180, 713, 180, 701], [19, 428, 19, 487, 270, 487, 270, 428], [124, 494, 124, 519, 491, 519, 491, 494]], "detPolPoints": [[20, 425, 272, 426, 272, 491, 19, 490], [130, 498, 479, 500, 479, 523, 129, 521], [11, 699, 184, 700, 184, 713, 11, 713]], "gtDontCare": [], "detDontCare": [], "evaluationParams": {"IOU_CONSTRAINT": 0.5, "AREA_PRECISION_CONSTRAINT": 0.5, "GT_SAMPLE_NAME_2_ID": "", "DET_SAMPLE_NAME_2_ID": "", "LTRB": false, "CRLF": false, "CONFIDENCES": false, "PER_SAMPLE_RESULTS": true}, "evaluationLog": "GT polygons: 3\nDET polygons: 3\nMatch GT #0 with Det #2\nMatch GT #1 with Det #0\nMatch GT #2 with Det #1\n"}