{"precision": 1.0, "recall": 1.0, "hmean": 1.0, "pairs": [{"gt": 0, "det": 0}, {"gt": 3, "det": 1}], "AP": 0, "iouMat": [[0.9393511988716502, 0.0], [0.0, 0.0], [0.0, 0.0], [0.0, 0.6730769230769231], [0.0, 0.0], [0.0, 0.0]], "gtPolPoints": [[5, 3, 5, 78, 33, 78, 33, 3], [137, 350, 137, 357, 163, 357, 163, 350], [137, 358, 137, 365, 163, 365, 163, 358], [176, 350, 176, 360, 246, 360, 246, 350], [170, 362, 170, 367, 216, 367, 216, 362], [218, 362, 218, 366, 254, 366, 254, 362]], "detPolPoints": [[6, 2, 33, 2, 33, 77, 6, 77], [167, 349, 247, 348, 247, 361, 167, 362]], "gtDontCare": [1, 2, 4, 5], "detDontCare": [], "evaluationParams": {"IOU_CONSTRAINT": 0.5, "AREA_PRECISION_CONSTRAINT": 0.5, "GT_SAMPLE_NAME_2_ID": "", "DET_SAMPLE_NAME_2_ID": "", "LTRB": false, "CRLF": false, "CONFIDENCES": false, "PER_SAMPLE_RESULTS": true}, "evaluationLog": "GT polygons: 6 (4 don't care)\nDET polygons: 2\nMatch GT #0 with Det #0\nMatch GT #3 with Det #1\n"}