{"precision": 0.75, "recall": 1.0, "hmean": 0.8571428571428571, "pairs": [{"gt": 1, "det": 3}, {"gt": 2, "det": 1}, {"gt": 13, "det": 0}], "AP": 0, "iouMat": [[0.0, 0.0, 0.7727519739155452, 0.0, 0.0, 0.0, 0.0, 0.0, 0.0, 0.0, 0.0, 0.0, 0.0, 0.0, 0.0], [0.0, 0.0, 0.0, 0.6996384297520661, 0.0, 0.0, 0.321797520661157, 0.0, 0.0, 0.0, 0.0, 0.0, 0.0, 0.0, 0.0], [0.0, 0.9172845608831768, 0.0, 0.0, 0.0, 0.0, 0.0, 0.0, 0.0, 0.0, 0.0, 0.0, 0.0, 0.0, 0.0], [0.0, 0.0, 0.0, 0.0, 0.0, 0.0, 0.0, 0.0, 0.735, 0.0, 0.0, 0.0, 0.0, 0.0, 0.0], [0.0, 0.0, 0.0, 0.0, 0.0, 0.0, 0.0, 0.0, 0.0, 0.0, 0.689795918367347, 0.0, 0.0, 0.0, 0.0], [0.0, 0.0, 0.0, 0.0, 0.0, 0.0, 0.0, 0.0, 0.0, 0.6329113924050633, 0.0, 0.0, 0.0, 0.0, 0.0], [0.0, 0.0, 0.0, 0.0, 0.0, 0.0, 0.0, 0.6709677419354839, 0.0, 0.0, 0.0, 0.0, 0.0, 0.0, 0.0], [0.0, 0.0, 0.0, 0.0, 0.0, 0.0, 0.0, 0.0, 0.0, 0.0, 0.0, 0.6804123711340206, 0.0, 0.0, 0.0], [0.0, 0.0, 0.0, 0.0, 0.0, 0.0, 0.0, 0.0, 0.0, 0.0, 0.0, 0.0, 0.0, 0.6644444444444444, 0.0], [0.0, 0.0, 0.0, 0.0, 0.0, 0.0, 0.0, 0.0, 0.0, 0.0, 0.0, 0.0, 0.7103594080338267, 0.0, 0.0], [0.0, 0.0, 0.0, 0.0, 0.0, 0.0, 0.0, 0.0, 0.0, 0.0, 0.0, 0.0, 0.0, 0.0, 0.6446886446886447], [0.0, 0.0, 0.0, 0.0, 0.0, 0.7983870967741935, 0.0, 0.0, 0.0, 0.0, 0.0, 0.0, 0.0, 0.0, 0.0], [0.0, 0.0, 0.0, 0.0, 0.8851190281814323, 0.0, 0.0, 0.0, 0.0, 0.0, 0.0, 0.0, 0.0, 0.0, 0.0], [0.8846113610210273, 0.0, 0.0, 0.0, 0.0, 0.0, 0.0, 0.0, 0.0, 0.0, 0.0, 0.0, 0.0, 0.0, 0.0]], "gtPolPoints": [[31, 58, 31, 109, 272, 109, 272, 58], [28, 244, 28, 266, 292, 266, 292, 244], [31, 300, 31, 340, 324, 340, 324, 300], [571, 420, 571, 433, 599, 433, 599, 420], [571, 452, 571, 468, 600, 468, 600, 452], [572, 486, 572, 501, 602, 501, 602, 486], [571, 518, 571, 533, 602, 533, 602, 518], [574, 553, 574, 566, 602, 566, 602, 553], [572, 586, 572, 601, 602, 601, 602, 586], [578, 621, 578, 633, 596, 633, 596, 621], [575, 637, 575, 650, 596, 650, 596, 637], [564, 658, 564, 673, 626, 673, 626, 658], [564, 773, 564, 788, 624, 788, 624, 773], [28, 182, 28, 238, 330, 238, 330, 182]], "detPolPoints": [[22, 180, 338, 181, 338, 241, 22, 241], [29, 300, 333, 301, 333, 339, 29, 338], [30, 49, 268, 49, 268, 114, 31, 114], [30, 245, 219, 244, 219, 266, 30, 266], [566, 773, 622, 773, 623, 789, 566, 789], [567, 658, 622, 659, 622, 672, 567, 672], [203, 244, 292, 245, 292, 266, 203, 265], [571, 520, 597, 520, 597, 532, 571, 532], [568, 420, 595, 420, 596, 432, 568, 432], [570, 486, 597, 486, 597, 498, 570, 498], [569, 453, 597, 453, 597, 466, 569, 466], [572, 553, 596, 553, 596, 565, 572, 565], [578, 620, 592, 620, 592, 633, 577, 633], [573, 586, 596, 586, 596, 599, 573, 599], [577, 638, 593, 638, 593, 649, 577, 649]], "gtDontCare": [0, 3, 4, 5, 6, 7, 8, 9, 10, 11, 12], "detDontCare": [2, 4, 5, 7, 8, 9, 10, 11, 12, 13, 14], "evaluationParams": {"IOU_CONSTRAINT": 0.5, "AREA_PRECISION_CONSTRAINT": 0.5, "GT_SAMPLE_NAME_2_ID": "", "DET_SAMPLE_NAME_2_ID": "", "LTRB": false, "CRLF": false, "CONFIDENCES": false, "PER_SAMPLE_RESULTS": true}, "evaluationLog": "GT polygons: 14 (11 don't care)\nDET polygons: 15 (11 don't care)\nMatch GT #1 with Det #3\nMatch GT #2 with Det #1\nMatch GT #13 with Det #0\n"}