{"precision": 0.5714285714285714, "recall": 0.6666666666666666, "hmean": 0.6153846153846153, "pairs": [{"gt": 0, "det": 1}, {"gt": 2, "det": 2}, {"gt": 9, "det": 4}, {"gt": 10, "det": 3}], "AP": 0, "iouMat": [[0.0, 0.935228557583589, 0.0, 0.0, 0.0, 0.0, 0.0, 0.0], [0.9586445366528354, 0.0, 0.0, 0.0, 0.0, 0.0, 0.0, 0.0], [0.0, 0.0, 0.9294388609715243, 0.0, 0.0, 0.0, 0.0, 0.0], [0.0, 0.0, 0.0, 0.0, 0.0, 0.0, 0.0, 0.0], [0.0, 0.0, 0.0, 0.0, 0.0, 0.0, 0.0, 0.0], [0.0, 0.0, 0.0, 0.0, 0.0, 0.0, 0.0, 0.0], [0.0, 0.0, 0.0, 0.0, 0.0, 0.0, 0.0, 0.0], [0.0, 0.0, 0.0, 0.0, 0.0, 0.0, 0.0, 0.0], [0.0, 0.0, 0.0, 0.0, 0.0, 0.0, 0.0, 0.0], [0.0, 0.0, 0.0, 0.0, 0.8460308235895765, 0.0, 0.0, 0.0], [0.0, 0.0, 0.0, 0.7209583962397591, 0.0, 0.0, 0.0, 0.0], [0.0, 0.0, 0.0, 0.0, 0.0, 0.0, 0.0, 0.0]], "gtPolPoints": [[364, 368, 364, 413, 557, 413, 557, 368], [340, 297, 340, 355, 579, 355, 579, 297], [368, 236, 368, 282, 562, 282, 562, 236], [445, 384, 445, 384, 446, 384, 446, 384], [122, 198, 121, 207, 179, 195, 179, 186], [200, 119, 209, 136, 292, 156, 289, 136], [576, 129, 580, 137, 644, 140, 646, 134], [655, 80, 665, 100, 759, 96, 755, 76], [701, 51, 700, 57, 733, 60, 733, 44], [194, 76, 200, 89, 275, 80, 275, 65], [187, 96, 187, 111, 288, 99, 288, 83], [416, 698, 389, 685, 444, 730, 455, 707]], "detPolPoints": [[338, 297, 579, 296, 579, 356, 338, 357], [363, 367, 559, 368, 558, 415, 363, 415], [365, 234, 561, 234, 561, 283, 365, 282], [194, 93, 285, 81, 287, 97, 196, 109], [194, 76, 276, 63, 279, 78, 196, 91], [96, 631, 152, 645, 142, 691, 85, 678], [133, 680, 161, 687, 157, 702, 129, 695], [141, 660, 168, 669, 162, 686, 135, 677]], "gtDontCare": [1, 4, 5, 6, 7, 8], "detDontCare": [0], "evaluationParams": {"IOU_CONSTRAINT": 0.5, "AREA_PRECISION_CONSTRAINT": 0.5, "GT_SAMPLE_NAME_2_ID": "", "DET_SAMPLE_NAME_2_ID": "", "LTRB": false, "CRLF": false, "CONFIDENCES": false, "PER_SAMPLE_RESULTS": true}, "evaluationLog": "GT polygons: 12 (6 don't care)\nDET polygons: 8 (1 don't care)\nMatch GT #0 with Det #1\nMatch GT #2 with Det #2\nMatch GT #9 with Det #4\nMatch GT #10 with Det #3\n"}