{"precision": 0.5, "recall": 0.3333333333333333, "hmean": 0.4, "pairs": [{"gt": 1, "det": 6}, {"gt": 9, "det": 0}, {"gt": 10, "det": 2}, {"gt": 11, "det": 1}], "AP": 0, "iouMat": [[0.0, 0.0, 0.0, 0.19715050577443452, 0.1145432875233974, 0.46312346688470973, 0.0, 0.1973149397545548], [0.0, 0.0, 0.0, 0.0, 0.0, 0.0, 0.850359304616355, 0.0], [0.0, 0.0, 0.0, 0.0, 0.2077562326869806, 0.0, 0.0, 0.0], [0.0, 0.0, 0.0, 0.0, 0.16407415299382058, 0.0, 0.0, 0.0073929344669166185], [0.0, 0.0, 0.0, 0.034418853038248556, 0.1827191935857702, 0.0, 0.0, 0.3647336691285851], [0.0, 0.0, 0.0, 0.17736742525908755, 0.0, 0.2682717110920036, 0.0, 0.0], [0.0, 0.0, 0.0, 0.19250221059398434, 0.0, 0.15187303711431432, 0.0, 0.0], [0.0, 0.0, 0.0, 0.19730178193236436, 0.0, 0.0, 0.0, 0.0], [0.0, 0.0, 0.0, 0.09819121447028425, 0.0, 0.0, 0.0, 0.0], [0.8180574555403557, 0.0, 0.0, 0.0, 0.0, 0.0, 0.0, 0.0], [0.0, 0.0, 0.828410704419134, 0.0, 0.0, 0.0, 0.0, 0.0], [0.0, 0.5603154228152316, 0.0, 0.0, 0.0, 0.0, 0.0, 0.0], [0.0, 0.0, 0.0, 0.0, 0.0, 0.0, 0.0, 0.0]], "gtPolPoints": [[380, 898, 380, 930, 672, 930, 672, 898], [5, 876, 5, 918, 109, 918, 109, 876], [132, 876, 132, 915, 232, 915, 232, 876], [257, 880, 257, 915, 345, 915, 345, 880], [377, 873, 377, 913, 477, 913, 477, 873], [504, 875, 504, 915, 600, 915, 600, 875], [627, 878, 627, 915, 727, 915, 727, 878], [749, 876, 749, 915, 850, 915, 850, 876], [872, 878, 872, 916, 974, 916, 974, 878], [189, 950, 189, 1031, 792, 1031, 792, 950], [269, 1040, 269, 1073, 695, 1073, 695, 1040], [429, 715, 624, 456, 682, 491, 485, 760], [936, 1142, 963, 1070, 976, 1081, 949, 1157]], "detPolPoints": [[238, 951, 774, 949, 774, 1024, 238, 1026], [625, 483, 670, 511, 520, 706, 475, 678], [280, 1040, 703, 1042, 703, 1070, 280, 1069], [454, 880, 925, 877, 926, 917, 454, 920], [113, 875, 474, 877, 474, 929, 113, 927], [495, 888, 685, 887, 685, 932, 495, 933], [5, 877, 110, 878, 109, 914, 4, 913], [343, 880, 462, 880, 461, 935, 343, 934]], "gtDontCare": [12], "detDontCare": [], "evaluationParams": {"IOU_CONSTRAINT": 0.5, "AREA_PRECISION_CONSTRAINT": 0.5, "GT_SAMPLE_NAME_2_ID": "", "DET_SAMPLE_NAME_2_ID": "", "LTRB": false, "CRLF": false, "CONFIDENCES": false, "PER_SAMPLE_RESULTS": true}, "evaluationLog": "GT polygons: 13 (1 don't care)\nDET polygons: 8\nMatch GT #1 with Det #6\nMatch GT #9 with Det #0\nMatch GT #10 with Det #2\nMatch GT #11 with Det #1\n"}