{"precision": 0.5, "recall": 0.5, "hmean": 0.5, "pairs": [{"gt": 2, "det": 0}, {"gt": 4, "det": 1}, {"gt": 8, "det": 6}], "AP": 0, "iouMat": [[0.0, 0.0, 0.0, 0.0, 0.0, 0.0, 0.0], [0.0, 0.0, 0.0, 0.0, 0.0, 0.0, 0.0], [0.9621462927103505, 0.0, 0.0, 0.0, 0.0, 0.0, 0.0], [0.0, 0.0, 0.9340339433065235, 0.0, 0.0, 0.0, 0.0], [0.0, 0.8051394265836279, 0.0, 0.0, 0.0, 0.0, 0.0], [0.0, 0.0, 0.0, 0.0, 0.0, 0.0, 0.0], [0.0, 0.046805531987103376, 0.0, 0.0, 0.0, 0.0, 0.0], [0.0, 0.0, 0.0, 0.0, 0.0, 0.0, 0.01957831325301205], [0.0, 0.0, 0.0, 0.0, 0.0, 0.0, 0.6499032882011605], [0.0, 0.0, 0.0, 0.0, 0.0, 0.0, 0.0], [0.0, 0.0, 0.0, 0.3253384912959381, 0.3167674081237911, 0.15794537033387737, 0.0]], "gtPolPoints": [[348, 276, 348, 373, 368, 373, 368, 276], [408, 244, 408, 252, 600, 252, 600, 244], [395, 167, 395, 240, 608, 240, 608, 167], [424, 328, 424, 356, 545, 356, 545, 328], [477, 277, 477, 312, 694, 312, 694, 277], [474, 318, 474, 325, 695, 325, 695, 318], [430, 281, 430, 323, 466, 323, 466, 281], [644, 471, 644, 485, 658, 485, 658, 471], [666, 472, 666, 484, 697, 484, 697, 472], [730, 274, 730, 374, 742, 374, 742, 274], [136, 696, 136, 776, 653, 776, 653, 696]], "detPolPoints": [[397, 165, 609, 166, 608, 241, 397, 240], [453, 277, 682, 277, 682, 314, 452, 314], [421, 328, 546, 329, 546, 357, 421, 356], [454, 703, 649, 702, 650, 771, 455, 772], [138, 704, 337, 703, 337, 769, 139, 770], [350, 694, 444, 696, 442, 767, 349, 765], [657, 471, 694, 471, 694, 484, 657, 484]], "gtDontCare": [0, 1, 3, 5, 9], "detDontCare": [2], "evaluationParams": {"IOU_CONSTRAINT": 0.5, "AREA_PRECISION_CONSTRAINT": 0.5, "GT_SAMPLE_NAME_2_ID": "", "DET_SAMPLE_NAME_2_ID": "", "LTRB": false, "CRLF": false, "CONFIDENCES": false, "PER_SAMPLE_RESULTS": true}, "evaluationLog": "GT polygons: 11 (5 don't care)\nDET polygons: 7 (1 don't care)\nMatch GT #2 with Det #0\nMatch GT #4 with Det #1\nMatch GT #8 with Det #6\n"}