{"precision": 0.6666666666666666, "recall": 0.3076923076923077, "hmean": 0.42105263157894735, "pairs": [{"gt": 9, "det": 1}, {"gt": 11, "det": 0}, {"gt": 12, "det": 4}, {"gt": 16, "det": 2}], "AP": 0, "iouMat": [[0.0, 0.0, 0.0, 0.0, 0.0, 0.0, 0.0, 0.8151283129995801, 0.0], [0.0, 0.0, 0.0, 0.0, 0.0, 0.06939625260235947, 0.0, 0.0, 0.0], [0.0, 0.0, 0.0, 0.0, 0.0, 0.08743927827897294, 0.0, 0.0, 0.0], [0.0, 0.0, 0.0, 0.0, 0.0, 0.026717557251908396, 0.0, 0.0, 0.0], [0.0, 0.0, 0.0, 0.0, 0.0, 0.06072172102706454, 0.0, 0.0, 0.0], [0.0, 0.0, 0.0, 0.0, 0.0, 0.18043025676613464, 0.0, 0.0, 0.0], [0.0, 0.0, 0.0, 0.0, 0.0, 0.05829285218598196, 0.0, 0.0, 0.0], [0.0, 0.0, 0.0, 0.0, 0.0, 0.08882720333102012, 0.0, 0.0, 0.0], [0.0, 0.0, 0.0, 0.0, 0.0, 0.09961950882047735, 0.0, 0.0, 0.0], [0.0, 0.9146153053867545, 0.0, 0.0, 0.0, 0.0, 0.0, 0.0, 0.0], [0.10572907122577635, 0.0, 0.0, 0.0, 0.0, 0.0, 0.0, 0.0, 0.0], [0.7840556316496264, 0.0, 0.0, 0.0, 0.0, 0.0, 0.0, 0.0, 0.0], [0.0, 0.0, 0.0, 0.0, 0.9376320817348384, 0.0, 0.0, 0.0, 0.0], [0.0, 0.0, 0.0, 0.0, 0.0, 0.0, 0.13971539456662355, 0.0, 0.4897959183673469], [0.0, 0.0, 0.0, 0.0, 0.0, 0.0, 0.591062427075431, 0.0, 0.04683679916490404], [0.0, 0.0, 0.0, 0.8122853269117413, 0.0, 0.0, 0.0, 0.0, 0.0], [0.0, 0.0, 0.6636103779049504, 0.0, 0.0, 0.0, 0.0, 0.0, 0.0]], "gtPolPoints": [[105, 411, 105, 424, 193, 424, 193, 411], [146, 6, 146, 14, 171, 14, 171, 6], [175, 5, 175, 14, 203, 14, 203, 5], [206, 6, 206, 13, 217, 13, 217, 6], [220, 6, 220, 13, 245, 13, 245, 6], [250, 6, 250, 14, 315, 14, 315, 6], [318, 6, 318, 14, 339, 14, 339, 6], [342, 6, 342, 14, 374, 14, 374, 6], [376, 6, 376, 15, 409, 15, 409, 6], [166, 58, 166, 122, 389, 122, 389, 57], [111, 130, 111, 183, 147, 183, 147, 130], [165, 127, 163, 184, 389, 186, 389, 127], [288, 196, 289, 254, 389, 254, 389, 197], [204, 411, 204, 423, 248, 423, 248, 411], [260, 412, 260, 424, 397, 424, 397, 412], [145, 442, 147, 464, 400, 463, 400, 443], [104, 467, 103, 490, 397, 490, 397, 465]], "detPolPoints": [[117, 130, 389, 130, 389, 185, 116, 185], [163, 58, 388, 58, 388, 118, 163, 118], [138, 466, 364, 466, 364, 487, 138, 487], [143, 440, 402, 441, 402, 462, 143, 461], [290, 198, 391, 199, 390, 254, 290, 254], [146, 4, 408, 4, 408, 15, 146, 15], [216, 410, 399, 409, 399, 423, 217, 424], [100, 411, 197, 409, 197, 423, 100, 425], [194, 410, 271, 409, 271, 423, 194, 424]], "gtDontCare": [0, 13, 14, 15], "detDontCare": [3, 6, 7], "evaluationParams": {"IOU_CONSTRAINT": 0.5, "AREA_PRECISION_CONSTRAINT": 0.5, "GT_SAMPLE_NAME_2_ID": "", "DET_SAMPLE_NAME_2_ID": "", "LTRB": false, "CRLF": false, "CONFIDENCES": false, "PER_SAMPLE_RESULTS": true}, "evaluationLog": "GT polygons: 17 (4 don't care)\nDET polygons: 9 (3 don't care)\nMatch GT #9 with Det #1\nMatch GT #11 with Det #0\nMatch GT #12 with Det #4\nMatch GT #16 with Det #2\n"}