{"precision": 0.2857142857142857, "recall": 0.6666666666666666, "hmean": 0.4, "pairs": [{"gt": 1, "det": 10}, {"gt": 19, "det": 9}], "AP": 0, "iouMat": [[0.32054643300676144, 0.0, 0.0, 0.0, 0.0, 0.0, 0.0, 0.0, 0.0, 0.0, 0.0, 0.0, 0.0, 0.0, 0.0, 0.0, 0.0, 0.0, 0.0, 0.0, 0.0, 0.0, 0.0], [0.0, 0.0, 0.0, 0.0, 0.0, 0.0, 0.0, 0.0, 0.0, 0.0, 0.8607884212530946, 0.0, 0.0, 0.0, 0.0, 0.0, 0.0, 0.0, 0.0, 0.0, 0.0, 0.0, 0.0], [0.0, 0.7493117537121338, 0.0, 0.0, 0.0, 0.0, 0.0, 0.0, 0.0, 0.0, 0.0, 0.0, 0.0, 0.0, 0.0, 0.0, 0.0, 0.0, 0.0, 0.0, 0.0, 0.0, 0.0], [0.0, 0.0, 0.0, 0.0, 0.0, 0.0, 0.0, 0.0, 0.0, 0.0, 0.0, 0.0, 0.0, 0.0, 0.0, 0.0, 0.0, 0.4178719989893207, 0.0, 0.0, 0.0, 0.0, 0.0], [0.0, 0.0, 0.0, 0.0, 0.0, 0.0, 0.0, 0.0, 0.0, 0.0, 0.0, 0.0, 0.0, 0.0, 0.0, 0.0, 0.5645161290322581, 0.0, 0.0, 0.0, 0.0, 0.0, 0.0], [0.0, 0.0, 0.0, 0.0, 0.0, 0.4717345135879718, 0.0, 0.0, 0.0, 0.0, 0.0, 0.0, 0.0, 0.0, 0.0, 0.0, 0.0, 0.0, 0.0, 0.0, 0.0, 0.0, 0.0], [0.0, 0.0, 0.0, 0.0, 0.0, 0.0, 0.0, 0.0, 0.0, 0.0, 0.0, 0.0, 0.0, 0.0, 0.0, 0.0, 0.0, 0.0, 0.0, 0.8381374722838137, 0.0, 0.0, 0.0], [0.0, 0.0, 0.0, 0.0, 0.0, 0.0, 0.0, 0.0, 0.0, 0.0, 0.0, 0.0, 0.0, 0.0, 0.0, 0.0, 0.0, 0.0, 0.0, 0.0, 0.0, 0.0, 0.6333333333333333], [0.0, 0.0, 0.0, 0.0, 0.0, 0.0, 0.7880184331797235, 0.0, 0.0, 0.0, 0.0, 0.0, 0.0, 0.0, 0.0, 0.0, 0.0, 0.0, 0.0, 0.0, 0.0, 0.0, 0.0], [0.0, 0.0, 0.0, 0.0, 0.0, 0.0, 0.0, 0.0, 0.0, 0.0, 0.0, 0.0, 0.0, 0.0, 0.0, 0.0, 0.0, 0.0, 0.0, 0.0, 0.0, 0.0, 0.0], [0.0, 0.0, 0.7855372368868159, 0.0, 0.0, 0.0, 0.0, 0.0, 0.0, 0.0, 0.0, 0.0, 0.0, 0.0, 0.0, 0.0, 0.0, 0.0, 0.0, 0.0, 0.0, 0.0, 0.0], [0.0, 0.0, 0.0, 0.0, 0.0, 0.0, 0.0, 0.0, 0.0, 0.0, 0.0, 0.0, 0.0, 0.0, 0.8128179043743642, 0.0, 0.0, 0.0, 0.0, 0.0, 0.0, 0.0, 0.0], [0.0, 0.0, 0.0, 0.0, 0.0, 0.0, 0.0, 0.0, 0.0, 0.0, 0.0, 0.0, 0.8820577164366374, 0.0, 0.0, 0.0, 0.0, 0.0, 0.0, 0.0, 0.0, 0.0, 0.0], [0.0, 0.0, 0.0, 0.0, 0.0, 0.0, 0.0, 0.0, 0.0, 0.0, 0.0, 0.0, 0.0, 0.0, 0.0, 0.0, 0.0, 0.0, 0.8547641073080481, 0.0, 0.0, 0.0, 0.0], [0.0, 0.0, 0.0, 0.0, 0.0, 0.0, 0.0, 0.0, 0.0, 0.0, 0.0, 0.0, 0.0, 0.918724741805119, 0.0, 0.0, 0.0, 0.0, 0.0, 0.0, 0.0, 0.0, 0.0], [0.0, 0.0, 0.0, 0.0, 0.0, 0.0, 0.0, 0.8138981437410757, 0.0, 0.0, 0.0, 0.0, 0.0, 0.0, 0.0, 0.0, 0.0, 0.0, 0.0, 0.0, 0.0, 0.0, 0.0], [0.0, 0.0, 0.0, 0.0, 0.9226666666666666, 0.0, 0.0, 0.0, 0.0, 0.0, 0.0, 0.0, 0.0, 0.0, 0.0, 0.0, 0.0, 0.0, 0.0, 0.0, 0.0, 0.0, 0.0], [0.0, 0.0, 0.0, 0.5618670189343902, 0.0, 0.0, 0.0, 0.0, 0.0, 0.0, 0.0, 0.0, 0.0, 0.0, 0.0, 0.0, 0.0, 0.0, 0.0, 0.0, 0.0, 0.0, 0.0], [0.0, 0.0, 0.0, 0.23665480427046262, 0.0, 0.0, 0.0, 0.0, 0.0, 0.0, 0.0, 0.0, 0.0, 0.0, 0.0, 0.0, 0.0, 0.0, 0.0, 0.0, 0.0, 0.0, 0.0], [0.0, 0.0, 0.0, 0.0, 0.0, 0.0, 0.0, 0.0, 0.0, 0.9191353082465973, 0.0, 0.0, 0.0, 0.0, 0.0, 0.0, 0.0, 0.0, 0.0, 0.0, 0.0, 0.0, 0.0], [0.0, 0.0, 0.0, 0.0, 0.0, 0.0, 0.0, 0.0, 0.0, 0.0, 0.0, 0.8877305533279871, 0.0, 0.0, 0.0, 0.0, 0.0, 0.0, 0.0, 0.0, 0.0, 0.0, 0.0], [0.0, 0.0, 0.0, 0.0, 0.0, 0.0, 0.0, 0.0, 0.0, 0.0, 0.0, 0.0, 0.0, 0.0, 0.0, 0.0, 0.0, 0.0, 0.0, 0.0, 0.8181818181818182, 0.0, 0.0], [0.0, 0.0, 0.0, 0.0, 0.0, 0.0, 0.0, 0.0, 0.0, 0.0, 0.0, 0.0, 0.0, 0.0, 0.0, 0.0, 0.0, 0.0, 0.0, 0.0, 0.0, 0.7264805366049419, 0.0], [0.0, 0.0, 0.0, 0.0, 0.0, 0.0, 0.0, 0.0, 0.2425915534999127, 0.0, 0.0, 0.0, 0.0, 0.0, 0.0, 0.0, 0.0, 0.0, 0.0, 0.0, 0.0, 0.0, 0.0], [0.3848026595981354, 0.0, 0.0, 0.0, 0.0, 0.0, 0.0, 0.0, 0.0, 0.0, 0.0, 0.0, 0.0, 0.0, 0.0, 0.0, 0.0, 0.0, 0.0, 0.0, 0.0, 0.0, 0.0]], "gtPolPoints": [[136, 697, 188, 697, 188, 720, 136, 720], [492, 517, 605, 517, 605, 557, 492, 557], [144, 35, 18, 55, 20, 72, 147, 52], [253, 84, 233, 87, 240, 126, 259, 124], [29, 217, 66, 217, 66, 232, 29, 232], [342, 21, 310, 34, 318, 51, 354, 37], [460, 98, 502, 98, 502, 117, 460, 117], [416, 98, 435, 98, 435, 118, 416, 118], [548, 51, 605, 51, 605, 75, 548, 75], [442, 31, 460, 31, 460, 71, 442, 71], [486, 180, 569, 180, 569, 200, 486, 200], [248, 210, 187, 218, 190, 237, 250, 230], [198, 439, 235, 439, 235, 459, 198, 459], [63, 580, 107, 580, 107, 601, 63, 601], [261, 579, 354, 579, 354, 602, 261, 602], [503, 581, 593, 581, 593, 600, 503, 600], [138, 732, 311, 732, 311, 756, 138, 756], [397, 733, 522, 733, 522, 755, 397, 755], [324, 734, 388, 734, 388, 753, 324, 753], [238, 517, 379, 517, 379, 559, 238, 559], [44, 517, 125, 517, 125, 558, 44, 558], [166, 168, 184, 168, 184, 188, 166, 188], [153, 233, 174, 233, 174, 254, 153, 254], [42, 322, 23, 315, 16, 330, 32, 338], [208, 694, 264, 694, 264, 719, 208, 719]], "detPolPoints": [[137, 695, 268, 694, 268, 722, 138, 722], [15, 50, 145, 36, 148, 58, 17, 72], [484, 178, 576, 177, 576, 199, 484, 200], [332, 732, 513, 731, 513, 755, 332, 756], [135, 731, 315, 731, 315, 756, 135, 756], [303, 34, 366, 9, 374, 28, 312, 53], [548, 50, 610, 50, 610, 78, 548, 78], [498, 579, 594, 579, 594, 601, 499, 601], [21, 313, 37, 315, 26, 382, 10, 379], [237, 515, 378, 515, 378, 558, 237, 558], [487, 513, 605, 514, 605, 558, 487, 558], [41, 515, 127, 515, 127, 559, 41, 558], [197, 440, 237, 439, 237, 458, 197, 459], [259, 579, 356, 579, 356, 601, 259, 601], [183, 218, 250, 209, 254, 231, 187, 239], [227, 14, 287, 14, 287, 26, 227, 27], [14, 215, 64, 215, 64, 233, 14, 233], [233, 81, 256, 80, 259, 161, 236, 161], [60, 578, 107, 578, 107, 601, 60, 601], [460, 99, 503, 99, 503, 119, 460, 119], [164, 167, 184, 167, 184, 187, 164, 187], [152, 233, 171, 233, 171, 252, 152, 251], [415, 99, 444, 99, 444, 118, 415, 118]], "gtDontCare": [0, 2, 3, 4, 5, 6, 7, 8, 9, 10, 11, 12, 13, 14, 15, 16, 17, 20, 21, 22, 23, 24], "detDontCare": [1, 2, 3, 4, 6, 7, 11, 12, 13, 14, 16, 18, 19, 20, 21, 22], "evaluationParams": {"IOU_CONSTRAINT": 0.5, "AREA_PRECISION_CONSTRAINT": 0.5, "GT_SAMPLE_NAME_2_ID": "", "DET_SAMPLE_NAME_2_ID": "", "LTRB": false, "CRLF": false, "CONFIDENCES": false, "PER_SAMPLE_RESULTS": true}, "evaluationLog": "GT polygons: 25 (22 don't care)\nDET polygons: 23 (16 don't care)\nMatch GT #1 with Det #10\nMatch GT #19 with Det #9\n"}