{"precision": 0.75, "recall": 0.75, "hmean": 0.75, "pairs": [{"gt": 26, "det": 7}, {"gt": 27, "det": 6}, {"gt": 28, "det": 10}], "AP": 0, "iouMat": [[0.9275452841973766, 0.0, 0.0, 0.0, 0.0, 0.0, 0.0, 0.0, 0.0, 0.0, 0.0, 0.0, 0.0, 0.0, 0.0], [0.0, 0.0, 0.8509406657018813, 0.0, 0.0, 0.0, 0.0, 0.0, 0.0, 0.0, 0.0, 0.0, 0.0, 0.0, 0.0], [0.0, 0.0, 0.0, 0.0, 0.0, 0.5838542596892302, 0.0, 0.0, 0.0, 0.0, 0.0, 0.0, 0.0, 0.0, 0.0], [0.0, 0.0, 0.0, 0.0, 0.0, 0.0, 0.0, 0.0, 0.95, 0.0, 0.0, 0.0, 0.0, 0.0, 0.0], [0.0, 0.0, 0.0, 0.0, 0.0, 0.0, 0.0, 0.0, 0.0, 0.0, 0.0, 0.0, 0.0, 0.0, 0.0], [0.0, 0.0, 0.0, 0.0, 0.0, 0.0, 0.0, 0.0, 0.0, 0.0, 0.0, 0.0, 0.0, 0.0, 0.0], [0.0, 0.0, 0.0, 0.0, 0.0, 0.0, 0.0, 0.0, 0.0, 0.0, 0.0, 0.0, 0.0, 0.0, 0.0], [0.0, 0.0, 0.0, 0.0, 0.0, 0.0, 0.0, 0.0, 0.0, 0.0, 0.0, 0.0, 0.0, 0.0, 0.0], [0.0, 0.0, 0.0, 0.0, 0.0, 0.0, 0.0, 0.0, 0.0, 0.0, 0.0, 0.0, 0.0, 0.0, 0.0], [0.0, 0.0, 0.0, 0.0, 0.0, 0.0, 0.0, 0.0, 0.0, 0.0, 0.0, 0.0, 0.0, 0.0, 0.0], [0.0, 0.0, 0.0, 0.0, 0.0, 0.0, 0.0, 0.0, 0.0, 0.0, 0.0, 0.0, 0.0, 0.0, 0.0], [0.0, 0.0, 0.0, 0.0, 0.0, 0.0, 0.0, 0.0, 0.0, 0.0, 0.0, 0.0, 0.0, 0.0, 0.0], [0.0, 0.0, 0.0, 0.0, 0.0, 0.0, 0.0, 0.0, 0.0, 0.0, 0.0, 0.0, 0.0, 0.0, 0.0], [0.0, 0.0, 0.0, 0.0, 0.0, 0.0, 0.0, 0.0, 0.0, 0.0, 0.0, 0.0, 0.0, 0.0, 0.0], [0.0, 0.0, 0.0, 0.0, 0.0, 0.0, 0.0, 0.0, 0.0, 0.0, 0.0, 0.0, 0.0, 0.0, 0.0], [0.0, 0.0, 0.0, 0.0, 0.0, 0.0, 0.0, 0.0, 0.0, 0.0, 0.0, 0.0, 0.0, 0.0, 0.0], [0.0, 0.0, 0.0, 0.0, 0.0, 0.0, 0.0, 0.0, 0.0, 0.0, 0.0, 0.0, 0.0, 0.0, 0.0], [0.0, 0.0, 0.0, 0.0, 0.0, 0.0, 0.0, 0.0, 0.0, 0.0, 0.0, 0.0, 0.0, 0.0, 0.0], [0.0, 0.0, 0.0, 0.0, 0.0, 0.0, 0.0, 0.0, 0.0, 0.0, 0.0, 0.0, 0.0, 0.0, 0.6451612903225806], [0.0, 0.0, 0.0, 0.0, 0.0, 0.0, 0.0, 0.0, 0.0, 0.0, 0.0, 0.0, 0.0, 0.0, 0.0], [0.0, 0.0, 0.0, 0.0, 0.0, 0.0, 0.0, 0.0, 0.0, 0.868421052631579, 0.0, 0.0, 0.0, 0.0, 0.0], [0.0, 0.0, 0.0, 0.0, 0.0, 0.0, 0.0, 0.0, 0.0, 0.0, 0.0, 0.859375, 0.0, 0.0, 0.0], [0.0, 0.0, 0.0, 0.0, 0.0, 0.0, 0.0, 0.0, 0.0, 0.0, 0.0, 0.0, 0.8405797101449275, 0.0, 0.0], [0.0, 0.0, 0.0, 0.26543566070398156, 0.0, 0.0, 0.0, 0.0, 0.0, 0.0, 0.0, 0.0, 0.0, 0.0, 0.0], [0.0, 0.0, 0.0, 0.18311213694941336, 0.0, 0.0, 0.0, 0.0, 0.0, 0.0, 0.0, 0.0, 0.0, 0.0, 0.0], [0.0, 0.9235033259423503, 0.0, 0.0, 0.0, 0.0, 0.0, 0.0, 0.0, 0.0, 0.0, 0.0, 0.0, 0.0, 0.0], [0.0, 0.0, 0.0, 0.0, 0.0, 0.0, 0.0, 0.8694885361552028, 0.0, 0.0, 0.0, 0.0, 0.0, 0.0, 0.0], [0.0, 0.0, 0.0, 0.0, 0.0, 0.0, 0.9745762711864406, 0.0, 0.0, 0.0, 0.0, 0.0, 0.0, 0.0, 0.0], [0.0, 0.0, 0.0, 0.0, 0.0, 0.0, 0.0, 0.0, 0.0, 0.0, 0.905709910304091, 0.0, 0.0, 0.0, 0.0], [0.0, 0.0, 0.0, 0.0, 0.0, 0.0, 0.0, 0.0, 0.0, 0.0, 0.0, 0.0, 0.0, 0.8333333333333334, 0.0], [0.0, 0.0, 0.0, 0.0, 0.7550077041602465, 0.0, 0.0, 0.0, 0.0, 0.0, 0.0, 0.0, 0.0, 0.0, 0.0], [0.0, 0.0, 0.0, 0.2850548182342758, 0.0, 0.0, 0.0, 0.0, 0.0, 0.0, 0.0, 0.0, 0.0, 0.0, 0.0]], "gtPolPoints": [[85, 46, 250, 46, 250, 64, 85, 64], [4, 91, 74, 91, 74, 112, 4, 112], [611, 227, 650, 227, 650, 248, 611, 248], [438, 149, 502, 149, 502, 169, 438, 169], [379, 74, 392, 74, 392, 90, 379, 90], [353, 111, 368, 111, 368, 128, 353, 128], [270, 124, 282, 124, 282, 140, 270, 140], [289, 143, 304, 143, 304, 157, 289, 157], [308, 158, 317, 158, 317, 174, 308, 174], [362, 153, 369, 153, 369, 171, 362, 171], [400, 182, 413, 182, 413, 197, 400, 197], [460, 196, 469, 196, 469, 211, 460, 211], [448, 255, 461, 255, 461, 270, 448, 270], [413, 221, 431, 221, 431, 236, 413, 236], [399, 262, 413, 262, 413, 276, 399, 276], [204, 198, 218, 198, 218, 215, 204, 215], [242, 237, 255, 237, 255, 253, 242, 253], [338, 304, 350, 304, 350, 319, 338, 319], [381, 302, 393, 302, 393, 317, 381, 317], [322, 292, 330, 292, 330, 306, 322, 306], [560, 562, 631, 562, 631, 580, 560, 580], [298, 563, 331, 563, 331, 578, 298, 578], [38, 561, 67, 561, 67, 578, 38, 578], [121, 468, 167, 468, 167, 483, 121, 483], [241, 468, 275, 468, 275, 482, 241, 482], [119, 433, 238, 433, 238, 454, 119, 454], [544, 516, 629, 516, 629, 545, 544, 545], [257, 515, 374, 515, 374, 546, 257, 546], [34, 516, 103, 516, 103, 547, 34, 547], [354, 338, 374, 338, 374, 359, 354, 359], [239, 355, 298, 355, 298, 377, 239, 377], [176, 467, 233, 467, 233, 480, 176, 480]], "detPolPoints": [[84, 46, 253, 45, 253, 64, 85, 65], [117, 433, 240, 432, 240, 454, 117, 455], [1, 91, 75, 90, 75, 114, 2, 114], [120, 467, 277, 466, 278, 482, 120, 484], [240, 357, 296, 357, 296, 374, 240, 375], [607, 227, 671, 225, 671, 247, 608, 249], [256, 515, 372, 515, 372, 546, 256, 546], [539, 514, 629, 515, 629, 546, 539, 546], [438, 150, 502, 150, 502, 169, 438, 169], [560, 561, 631, 561, 631, 578, 560, 579], [33, 515, 105, 515, 104, 546, 33, 546], [296, 562, 332, 562, 332, 578, 296, 578], [36, 561, 71, 561, 71, 578, 37, 578], [356, 338, 373, 338, 374, 358, 356, 358], [378, 300, 394, 300, 394, 318, 379, 318]], "gtDontCare": [0, 1, 2, 3, 4, 5, 6, 7, 8, 9, 10, 11, 12, 13, 14, 15, 16, 17, 18, 19, 20, 21, 22, 23, 25, 29, 30, 31], "detDontCare": [0, 1, 2, 4, 5, 8, 9, 11, 12, 13, 14], "evaluationParams": {"IOU_CONSTRAINT": 0.5, "AREA_PRECISION_CONSTRAINT": 0.5, "GT_SAMPLE_NAME_2_ID": "", "DET_SAMPLE_NAME_2_ID": "", "LTRB": false, "CRLF": false, "CONFIDENCES": false, "PER_SAMPLE_RESULTS": true}, "evaluationLog": "GT polygons: 32 (28 don't care)\nDET polygons: 15 (11 don't care)\nMatch GT #26 with Det #7\nMatch GT #27 with Det #6\nMatch GT #28 with Det #10\n"}