{"precision": 0.75, "recall": 1.0, "hmean": 0.8571428571428571, "pairs": [{"gt": 28, "det": 13}, {"gt": 29, "det": 10}, {"gt": 30, "det": 12}], "AP": 0, "iouMat": [[0.0, 0.9487179487179487, 0.0, 0.0, 0.0, 0.0, 0.0, 0.0, 0.0, 0.0, 0.0, 0.0, 0.0, 0.0, 0.0, 0.0, 0.0, 0.0, 0.0, 0.0, 0.0], [0.0, 0.014097224028447113, 0.0, 0.0, 0.0, 0.0, 0.0, 0.0, 0.0, 0.0, 0.0, 0.0, 0.0, 0.0, 0.0, 0.0, 0.0, 0.0, 0.0, 0.0, 0.0], [0.0, 0.0, 0.0, 0.0, 0.0, 0.0, 0.0, 0.0, 0.0, 0.0, 0.0, 0.0, 0.0, 0.0, 0.0, 0.0, 0.0, 0.0, 0.0, 0.0, 0.0], [0.0, 0.0, 0.0, 0.0, 0.0, 0.0, 0.0, 0.0, 0.0, 0.0, 0.0, 0.0, 0.0, 0.0, 0.0, 0.0, 0.0, 0.898538961038961, 0.0, 0.0, 0.0], [0.0, 0.0, 0.0, 0.0, 0.0, 0.0, 0.0, 0.0, 0.0, 0.0, 0.0, 0.0, 0.0, 0.0, 0.0, 0.0, 0.0, 0.0, 0.0, 0.0, 0.6212624584717608], [0.0, 0.0, 0.0, 0.0, 0.0, 0.0, 0.0, 0.0, 0.0, 0.0, 0.0, 0.0, 0.0, 0.0, 0.0, 0.0, 0.0, 0.0, 0.0, 0.0, 0.0], [0.0, 0.0, 0.0, 0.0, 0.0, 0.0, 0.0, 0.0, 0.0, 0.0, 0.0, 0.8758568164508759, 0.0, 0.0, 0.0, 0.0, 0.0, 0.0, 0.0, 0.0, 0.0], [0.0, 0.0, 0.0, 0.0, 0.0, 0.0, 0.0, 0.0, 0.0, 0.0, 0.0, 0.0, 0.0, 0.0, 0.0, 0.0, 0.0, 0.0, 0.0, 0.0, 0.0], [0.0, 0.0, 0.0, 0.0, 0.0, 0.0, 0.0, 0.0, 0.0, 0.0, 0.0, 0.0, 0.0, 0.0, 0.0, 0.0, 0.0, 0.0, 0.0, 0.0, 0.0], [0.0, 0.0, 0.0, 0.0, 0.0, 0.0, 0.0, 0.0, 0.0, 0.0, 0.0, 0.0, 0.0, 0.0, 0.0, 0.0, 0.815876848777543, 0.0, 0.0, 0.0, 0.0], [0.0, 0.0, 0.0, 0.0, 0.0, 0.0, 0.0, 0.0, 0.0, 0.0, 0.0, 0.0, 0.0, 0.0, 0.0, 0.0, 0.0, 0.0, 0.0, 0.6312741312741303, 0.0], [0.0, 0.0, 0.0, 0.0, 0.0, 0.0, 0.0, 0.0, 0.0, 0.0, 0.0, 0.0, 0.0, 0.0, 0.0, 0.0, 0.0, 0.0, 0.0, 0.0, 0.0], [0.0, 0.0, 0.0, 0.0, 0.0, 0.0, 0.0, 0.8551108170691366, 0.0, 0.0, 0.0, 0.0, 0.0, 0.0, 0.0, 0.0, 0.0, 0.0, 0.0, 0.0, 0.0], [0.0, 0.0, 0.0, 0.0, 0.0, 0.0, 0.0, 0.0, 0.0, 0.0, 0.0, 0.0, 0.0, 0.0, 0.0, 0.0, 0.0, 0.0, 0.0, 0.0, 0.0], [0.0, 0.0, 0.0, 0.0, 0.0, 0.0, 0.0, 0.0, 0.0, 0.0, 0.0, 0.0, 0.0, 0.0, 0.0, 0.0, 0.0, 0.0, 0.0, 0.0, 0.0], [0.0, 0.0, 0.0, 0.0, 0.8315168840450241, 0.0, 0.0, 0.0, 0.0, 0.0, 0.0, 0.0, 0.0, 0.0, 0.0, 0.0, 0.0, 0.0, 0.0, 0.0, 0.0], [0.0, 0.0, 0.9658273381294964, 0.0, 0.0, 0.0, 0.0, 0.0, 0.0, 0.0, 0.0, 0.0, 0.0, 0.0, 0.0, 0.0, 0.0, 0.0, 0.0, 0.0, 0.0], [0.0, 0.0, 0.0, 0.0, 0.0, 0.0, 0.8648939027665861, 0.0, 0.0, 0.0, 0.0, 0.0, 0.0, 0.0, 0.0, 0.0, 0.0, 0.0, 0.0, 0.0, 0.0], [0.0, 0.0, 0.0, 0.0, 0.0, 0.06651693158258466, 0.0, 0.0, 0.7022693528195877, 0.0, 0.0, 0.0, 0.0, 0.0, 0.0, 0.0, 0.0, 0.0, 0.0, 0.0, 0.0], [0.0, 0.0, 0.0, 0.0, 0.0, 0.8790170132325141, 0.0, 0.0, 0.06128559854307673, 0.0, 0.0, 0.0, 0.0, 0.0, 0.0, 0.0, 0.0, 0.0, 0.0, 0.0, 0.0], [0.0, 0.0, 0.0, 0.0, 0.0, 0.0, 0.0, 0.0, 0.0, 0.0, 0.0, 0.0, 0.0, 0.0, 0.0, 0.0, 0.0, 0.0, 0.0, 0.0, 0.0], [0.8860573388875276, 0.0, 0.0, 0.0, 0.0, 0.0, 0.0, 0.0, 0.0, 0.0, 0.0, 0.0, 0.0, 0.0, 0.0, 0.0, 0.0, 0.0, 0.0, 0.0, 0.0], [0.0, 0.0, 0.0, 0.2586479764865476, 0.0, 0.0, 0.0, 0.0, 0.0, 0.0, 0.0, 0.0, 0.0, 0.0, 0.0, 0.0, 0.0, 0.0, 0.0, 0.0, 0.0], [0.0, 0.0, 0.0, 0.4519774011299435, 0.0, 0.0, 0.0, 0.0, 0.0, 0.0, 0.0, 0.0, 0.0, 0.0, 0.0, 0.0, 0.0, 0.0, 0.0, 0.0, 0.0], [0.0, 0.0, 0.0, 0.07107231920199501, 0.0, 0.0, 0.0, 0.0, 0.0, 0.0, 0.0, 0.0, 0.0, 0.0, 0.0, 0.0, 0.0, 0.0, 0.0, 0.0, 0.0], [0.0, 0.0, 0.0, 0.0, 0.0, 0.0, 0.0, 0.0, 0.0, 0.0, 0.0, 0.0, 0.0, 0.0, 0.0, 0.9, 0.0, 0.0, 0.0, 0.0, 0.0], [0.0, 0.0, 0.0, 0.0, 0.0, 0.0, 0.0, 0.0, 0.0, 0.0, 0.0, 0.0, 0.0, 0.0, 0.9019847924263794, 0.0, 0.0, 0.0, 0.0, 0.0, 0.0], [0.0, 0.0, 0.0, 0.0, 0.0, 0.0, 0.0, 0.0, 0.0, 0.8298555377207063, 0.0, 0.0, 0.0, 0.0, 0.0, 0.0, 0.0, 0.0, 0.0, 0.0, 0.0], [0.0, 0.0, 0.0, 0.0, 0.0, 0.0, 0.0, 0.0, 0.0, 0.0, 0.0, 0.0, 0.0, 0.9169642857142857, 0.0, 0.0, 0.0, 0.0, 0.0, 0.0, 0.0], [0.0, 0.0, 0.0, 0.0, 0.0, 0.0, 0.0, 0.0, 0.0, 0.0, 0.9172482552342971, 0.0, 0.0, 0.0, 0.0, 0.0, 0.0, 0.0, 0.0, 0.0, 0.0], [0.0, 0.0, 0.0, 0.0, 0.0, 0.0, 0.0, 0.0, 0.0, 0.0, 0.0, 0.0, 0.9192439862542955, 0.0, 0.0, 0.0, 0.0, 0.0, 0.0, 0.0, 0.0], [0.0, 0.0, 0.0, 0.0, 0.0, 0.0, 0.0, 0.0, 0.0, 0.0, 0.0, 0.0, 0.0, 0.0, 0.0, 0.0, 0.0, 0.0, 0.7275748211488802, 0.0, 0.0]], "gtPolPoints": [[107, 56, 329, 56, 329, 81, 107, 81], [177, 8, 205, 8, 205, 59, 177, 59], [394, 6, 420, 6, 420, 31, 394, 31], [219, 149, 247, 149, 247, 171, 219, 171], [200, 170, 211, 170, 211, 187, 200, 187], [426, 150, 441, 150, 441, 168, 426, 168], [362, 204, 409, 204, 409, 229, 362, 229], [194, 234, 205, 234, 205, 253, 194, 253], [222, 280, 243, 280, 243, 306, 222, 306], [239, 314, 261, 314, 261, 339, 239, 339], [201, 329, 214, 329, 214, 349, 201, 349], [222, 392, 237, 392, 237, 412, 222, 412], [0, 461, 101, 461, 101, 490, 0, 490], [448, 358, 459, 358, 459, 377, 448, 377], [527, 363, 539, 363, 539, 382, 527, 382], [581, 132, 760, 132, 760, 158, 581, 158], [580, 245, 761, 245, 761, 272, 580, 272], [547, 339, 617, 339, 617, 362, 547, 362], [728, 479, 799, 479, 799, 507, 728, 507], [566, 496, 773, 496, 773, 519, 566, 519], [358, 503, 405, 488, 420, 516, 368, 530], [146, 546, 372, 546, 372, 570, 146, 570], [146, 584, 214, 584, 214, 606, 146, 606], [221, 586, 313, 586, 313, 606, 221, 606], [321, 587, 378, 587, 378, 606, 321, 606], [46, 706, 91, 706, 91, 730, 46, 730], [353, 706, 402, 706, 402, 730, 353, 730], [661, 708, 757, 708, 757, 731, 661, 731], [45, 649, 125, 649, 125, 688, 45, 688], [306, 649, 446, 649, 446, 691, 306, 691], [646, 649, 756, 649, 756, 689, 646, 689], [176, 91, 203, 91, 203, 121, 176, 121]], "detPolPoints": [[146, 545, 377, 544, 377, 570, 146, 572], [104, 55, 329, 56, 329, 82, 104, 81], [579, 245, 759, 245, 759, 272, 579, 273], [162, 584, 339, 584, 339, 607, 162, 607], [578, 130, 762, 130, 762, 160, 579, 161], [577, 496, 763, 496, 763, 518, 577, 519], [545, 338, 618, 337, 618, 363, 545, 363], [4, 460, 98, 460, 98, 488, 4, 489], [714, 479, 801, 479, 801, 502, 714, 503], [659, 706, 755, 705, 755, 730, 659, 730], [307, 648, 445, 648, 445, 689, 307, 689], [363, 202, 409, 201, 409, 229, 363, 230], [645, 647, 753, 648, 753, 690, 645, 689], [43, 648, 124, 648, 124, 689, 43, 689], [352, 706, 399, 706, 399, 730, 352, 729], [44, 705, 92, 705, 92, 730, 44, 730], [238, 312, 261, 314, 260, 338, 236, 337], [219, 149, 246, 149, 246, 170, 219, 169], [176, 89, 202, 88, 202, 116, 177, 116], [198, 324, 213, 324, 214, 350, 199, 350], [198, 168, 212, 169, 212, 190, 198, 190]], "gtDontCare": [0, 1, 2, 3, 4, 5, 6, 7, 8, 9, 10, 11, 12, 13, 14, 15, 16, 17, 18, 19, 20, 21, 22, 23, 24, 25, 26, 27, 31], "detDontCare": [0, 1, 2, 4, 5, 6, 7, 8, 9, 11, 14, 15, 16, 17, 18, 19, 20], "evaluationParams": {"IOU_CONSTRAINT": 0.5, "AREA_PRECISION_CONSTRAINT": 0.5, "GT_SAMPLE_NAME_2_ID": "", "DET_SAMPLE_NAME_2_ID": "", "LTRB": false, "CRLF": false, "CONFIDENCES": false, "PER_SAMPLE_RESULTS": true}, "evaluationLog": "GT polygons: 32 (29 don't care)\nDET polygons: 21 (17 don't care)\nMatch GT #28 with Det #13\nMatch GT #29 with Det #10\nMatch GT #30 with Det #12\n"}