{"precision": 0.6666666666666666, "recall": 1.0, "hmean": 0.8, "pairs": [{"gt": 13, "det": 14}, {"gt": 14, "det": 11}, {"gt": 15, "det": 10}, {"gt": 16, "det": 12}], "AP": 0, "iouMat": [[0.0, 0.0, 0.0, 0.0, 0.0, 0.0, 0.0, 0.8314204652279351, 0.0, 0.0, 0.0, 0.0, 0.0, 0.017359491948851672, 0.0, 0.0, 0.0, 0.0, 0.0, 0.0], [0.0, 0.0, 0.0, 0.0, 0.0, 0.0, 0.0, 0.0, 0.0, 0.0, 0.0, 0.0, 0.0, 0.42869151022695434, 0.0, 0.0, 0.0, 0.0, 0.0, 0.0], [0.0, 0.0, 0.0, 0.0, 0.0, 0.0, 0.0, 0.0, 0.0, 0.0, 0.0, 0.0, 0.0, 0.21058464948739264, 0.0, 0.0, 0.0, 0.0, 0.0, 0.0], [0.0, 0.0, 0.0, 0.0, 0.0, 0.0, 0.0, 0.0, 0.0, 0.0, 0.0, 0.0, 0.0, 0.0, 0.0, 0.0, 0.0, 0.0, 0.0, 0.0], [0.0, 0.0, 0.0, 0.0, 0.0, 0.0, 0.0, 0.0, 0.7902040816326531, 0.0, 0.0, 0.0, 0.0, 0.0, 0.0, 0.0, 0.0, 0.0, 0.0, 0.0], [0.0, 0.0, 0.0, 0.0, 0.0, 0.0, 0.0, 0.0, 0.0, 0.0, 0.0, 0.0, 0.0, 0.0, 0.0, 0.0, 0.0, 0.0, 0.0, 0.0], [0.0, 0.0, 0.0, 0.0, 0.0, 0.0, 0.0, 0.0, 0.0, 0.0, 0.0, 0.0, 0.0, 0.0, 0.0, 0.0, 0.0, 0.0, 0.0, 0.0], [0.8324324324324325, 0.0, 0.0, 0.0, 0.0, 0.0, 0.0, 0.0, 0.0, 0.0, 0.0, 0.0, 0.0, 0.0, 0.0, 0.0, 0.0, 0.0, 0.0, 0.0], [0.0, 0.0, 0.0, 0.0, 0.0, 0.0, 0.0, 0.0, 0.0, 0.0, 0.0, 0.0, 0.0, 0.0, 0.0, 0.0, 0.0, 0.0, 0.0, 0.8018181818181818], [0.0, 0.0, 0.0, 0.0, 0.0, 0.0, 0.0, 0.0, 0.0, 0.0, 0.0, 0.0, 0.0, 0.0, 0.0, 0.0, 0.0, 0.0, 0.7954545454545454, 0.0], [0.0, 0.0, 0.0, 0.0, 0.0, 0.0, 0.9102564102564102, 0.0, 0.0, 0.0, 0.0, 0.0, 0.0, 0.0, 0.0, 0.0, 0.0, 0.0, 0.0, 0.0], [0.0, 0.8243801652892562, 0.0, 0.0, 0.0, 0.0, 0.0, 0.0, 0.0, 0.0, 0.0, 0.0, 0.0, 0.0, 0.0, 0.0, 0.0, 0.0, 0.0, 0.0], [0.0, 0.0, 0.0, 0.0, 0.0, 0.7264285714285714, 0.0, 0.0, 0.0, 0.0, 0.0, 0.0, 0.0, 0.0, 0.028258761601329823, 0.0, 0.0, 0.0, 0.0, 0.0], [0.0, 0.0, 0.0, 0.0, 0.0, 0.0, 0.0, 0.0, 0.0, 0.0, 0.0, 0.0, 0.0, 0.0, 0.5257142857142857, 0.0, 0.0, 0.0, 0.0, 0.0], [0.0, 0.0, 0.0, 0.0, 0.0, 0.0, 0.0, 0.0, 0.0, 0.0, 0.0, 0.9175673495725117, 0.0, 0.0, 0.0, 0.0, 0.0, 0.0, 0.0, 0.0], [0.0, 0.0, 0.0, 0.0, 0.0, 0.0, 0.0, 0.0, 0.0, 0.0, 0.9473684210526315, 0.0, 0.0, 0.0, 0.0, 0.0, 0.0, 0.0, 0.0, 0.0], [0.0, 0.0, 0.0, 0.0, 0.0, 0.0, 0.0, 0.0, 0.0, 0.0, 0.0, 0.0, 0.9112734864300627, 0.0, 0.0, 0.0, 0.0, 0.0, 0.0, 0.0], [0.0, 0.0, 0.0, 0.0, 0.0, 0.0, 0.0, 0.0, 0.0, 0.0, 0.0, 0.0, 0.0, 0.0, 0.0, 0.9080841638981174, 0.0, 0.0, 0.0, 0.0], [0.0, 0.0, 0.0, 0.0, 0.0, 0.0, 0.0, 0.0, 0.0, 0.0, 0.0, 0.0, 0.0, 0.0, 0.0, 0.0, 0.9302325581395349, 0.0, 0.0, 0.0], [0.0, 0.0, 0.0, 0.0, 0.0, 0.0, 0.0, 0.0, 0.0, 0.9659090909090909, 0.0, 0.0, 0.0, 0.0, 0.0, 0.0, 0.0, 0.0, 0.0, 0.0], [0.0, 0.0, 0.0, 0.0, 0.7802197802197802, 0.0, 0.0, 0.0, 0.0, 0.0, 0.0, 0.0, 0.0, 0.0, 0.0, 0.0, 0.0, 0.0, 0.0, 0.0], [0.0, 0.0, 0.0, 0.8951351351351351, 0.0, 0.0, 0.0, 0.0, 0.0, 0.0, 0.0, 0.0, 0.0, 0.0, 0.0, 0.0, 0.0, 0.0, 0.0, 0.0], [0.0, 0.0, 0.8228571428571428, 0.0, 0.0, 0.0, 0.0, 0.0, 0.0, 0.0, 0.0, 0.0, 0.0, 0.0, 0.0, 0.0, 0.0, 0.0, 0.0, 0.0], [0.0, 0.0, 0.0, 0.0, 0.0, 0.0, 0.0, 0.0, 0.0, 0.0, 0.0, 0.0, 0.0, 0.0, 0.0, 0.0, 0.0, 0.0, 0.0, 0.0], [0.0, 0.0, 0.0, 0.0, 0.0, 0.0, 0.0, 0.0, 0.0, 0.0, 0.0, 0.0, 0.0, 0.0, 0.0, 0.0, 0.0, 0.0, 0.0, 0.0]], "gtPolPoints": [[97, 52, 228, 52, 228, 76, 97, 76], [234, 54, 279, 54, 279, 71, 234, 71], [288, 53, 308, 53, 308, 73, 288, 73], [223, 143, 233, 143, 233, 160, 223, 160], [215, 109, 259, 109, 259, 131, 215, 131], [63, 151, 74, 151, 74, 168, 63, 168], [382, 129, 395, 129, 395, 144, 382, 144], [237, 270, 307, 270, 307, 292, 237, 292], [129, 351, 150, 351, 150, 372, 129, 372], [50, 281, 71, 281, 71, 296, 50, 296], [185, 450, 256, 450, 256, 474, 185, 474], [133, 497, 217, 497, 217, 516, 133, 516], [133, 533, 276, 533, 276, 551, 133, 551], [286, 533, 332, 533, 332, 546, 286, 546], [39, 589, 118, 589, 118, 625, 39, 625], [244, 588, 371, 588, 371, 624, 244, 624], [520, 589, 620, 589, 620, 625, 520, 625], [40, 641, 81, 641, 81, 661, 40, 661], [287, 641, 327, 641, 327, 661, 287, 661], [533, 641, 618, 641, 618, 661, 533, 661], [520, 415, 591, 415, 591, 437, 520, 437], [473, 236, 542, 236, 542, 260, 473, 260], [452, 190, 524, 190, 524, 211, 452, 211], [541, 109, 552, 109, 552, 126, 541, 126], [3, 59, 27, 59, 27, 84, 3, 84]], "detPolPoints": [[235, 269, 310, 268, 311, 293, 235, 293], [132, 496, 220, 496, 220, 518, 132, 518], [451, 188, 526, 188, 526, 212, 451, 213], [470, 236, 544, 236, 544, 261, 470, 261], [516, 412, 593, 412, 593, 438, 516, 438], [147, 531, 260, 531, 260, 551, 147, 551], [184, 450, 256, 450, 256, 476, 184, 476], [94, 51, 233, 52, 233, 74, 94, 73], [213, 108, 262, 108, 262, 133, 213, 133], [531, 641, 619, 641, 619, 661, 531, 661], [244, 587, 371, 587, 371, 625, 244, 625], [39, 587, 119, 587, 120, 625, 39, 626], [519, 587, 617, 587, 617, 625, 519, 625], [224, 52, 307, 52, 307, 74, 224, 73], [270, 533, 335, 532, 335, 550, 270, 550], [40, 641, 83, 641, 83, 662, 40, 662], [285, 641, 328, 641, 328, 661, 285, 661], [45, 311, 74, 310, 74, 331, 45, 332], [49, 279, 71, 279, 71, 297, 49, 297], [129, 351, 151, 351, 151, 376, 129, 376]], "gtDontCare": [0, 1, 2, 3, 4, 5, 6, 7, 8, 9, 10, 11, 12, 17, 18, 19, 20, 21, 22, 23, 24], "detDontCare": [0, 1, 2, 3, 4, 5, 6, 7, 8, 9, 15, 16, 18, 19], "evaluationParams": {"IOU_CONSTRAINT": 0.5, "AREA_PRECISION_CONSTRAINT": 0.5, "GT_SAMPLE_NAME_2_ID": "", "DET_SAMPLE_NAME_2_ID": "", "LTRB": false, "CRLF": false, "CONFIDENCES": false, "PER_SAMPLE_RESULTS": true}, "evaluationLog": "GT polygons: 25 (21 don't care)\nDET polygons: 20 (14 don't care)\nMatch GT #13 with Det #14\nMatch GT #14 with Det #11\nMatch GT #15 with Det #10\nMatch GT #16 with Det #12\n"}