{"precision": 0.5, "recall": 1.0, "hmean": 0.6666666666666666, "pairs": [{"gt": 0, "det": 0}, {"gt": 1, "det": 17}, {"gt": 2, "det": 18}, {"gt": 3, "det": 20}], "AP": 0, "iouMat": [[0.953654051213896, 0.0, 0.0, 0.0, 0.0, 0.0, 0.0, 0.0, 0.0, 0.0, 0.0, 0.0, 0.0, 0.0, 0.0, 0.0, 0.0, 0.0, 0.0, 0.0, 0.0, 0.0, 0.0, 0.0, 0.0, 0.0, 0.0, 0.0, 0.0, 0.0], [0.0, 0.0, 0.0, 0.0, 0.0, 0.0, 0.0, 0.0, 0.0, 0.0, 0.0, 0.0, 0.0, 0.0, 0.0, 0.0, 0.0, 0.902200912714459, 0.0, 0.0, 0.0, 0.0, 0.0, 0.0, 0.0, 0.0, 0.0, 0.0, 0.0, 0.0], [0.0, 0.0, 0.0, 0.0, 0.0, 0.0, 0.0, 0.0, 0.0, 0.0, 0.0, 0.0, 0.0, 0.0, 0.0, 0.0, 0.0, 0.0, 0.896249314853966, 0.0, 0.0, 0.0, 0.0, 0.0, 0.0, 0.0, 0.0, 0.0, 0.0, 0.0], [0.0, 0.0, 0.0, 0.0, 0.0, 0.0, 0.0, 0.0, 0.0, 0.0, 0.0, 0.0, 0.0, 0.0, 0.0, 0.0, 0.0, 0.0, 0.0, 0.0, 0.8977820636451301, 0.0, 0.0, 0.0, 0.0, 0.0, 0.0, 0.0, 0.0, 0.0], [0.0, 0.0, 0.0, 0.0, 0.0, 0.0, 0.0, 0.0, 0.0, 0.0, 0.0, 0.0, 0.0, 0.0, 0.0, 0.0, 0.0, 0.0, 0.0, 0.0, 0.0, 0.0, 0.0, 0.0, 0.0, 0.0, 0.0, 0.84375, 0.0, 0.0], [0.0, 0.0, 0.0, 0.0, 0.0, 0.0, 0.0, 0.0, 0.0, 0.0, 0.0, 0.0, 0.0, 0.0, 0.0, 0.0, 0.0, 0.0, 0.0, 0.0, 0.0, 0.0, 0.0, 0.0, 0.0, 0.0, 0.0, 0.0, 0.953125, 0.0], [0.0, 0.0, 0.0, 0.0, 0.0, 0.0, 0.0, 0.0, 0.0, 0.0, 0.0, 0.0, 0.0, 0.0, 0.0, 0.8929551692589204, 0.0, 0.0, 0.0, 0.0, 0.0, 0.0, 0.0, 0.0, 0.0, 0.0, 0.0, 0.0, 0.0, 0.0], [0.0, 0.0, 0.0, 0.0, 0.0, 0.0, 0.0, 0.0, 0.0, 0.0, 0.872207327971403, 0.0, 0.0, 0.0, 0.0, 0.0, 0.0, 0.0, 0.0, 0.0, 0.0, 0.0, 0.0, 0.0, 0.0, 0.0, 0.0, 0.0, 0.0, 0.0], [0.0, 0.0, 0.0, 0.0, 0.0, 0.0, 0.0, 0.0, 0.0, 0.0, 0.0, 0.0, 0.0, 0.0, 0.3342441796917696, 0.0, 0.0, 0.0, 0.0, 0.0, 0.0, 0.0, 0.22889059248713176, 0.0, 0.0, 0.0, 0.27629513343799056, 0.0, 0.0, 0.0], [0.0, 0.0, 0.0, 0.0, 0.0, 0.0, 0.0, 0.0, 0.0, 0.0, 0.0, 0.0, 0.0, 0.0, 0.0, 0.0, 0.0, 0.0, 0.0, 0.0, 0.0, 0.0, 0.0, 0.0, 0.0, 0.0, 0.0, 0.0, 0.0, 0.0], [0.0, 0.0, 0.0, 0.0, 0.0, 0.0, 0.0, 0.0, 0.0, 0.0, 0.0, 0.5176933158584535, 0.0, 0.0, 0.0, 0.0, 0.0, 0.0, 0.0, 0.0, 0.0, 0.0, 0.0, 0.0, 0.0, 0.0, 0.0, 0.0, 0.0, 0.0], [0.0, 0.0, 0.0, 0.0, 0.0, 0.0, 0.0, 0.0, 0.0, 0.0, 0.0, 0.0, 0.0, 0.0, 0.0, 0.0, 0.0, 0.0, 0.0, 0.9205387814138496, 0.0, 0.0, 0.0, 0.0, 0.0, 0.0, 0.0, 0.0, 0.0, 0.0], [0.0, 0.0, 0.0, 0.0, 0.0, 0.0, 0.0, 0.0, 0.0, 0.0, 0.0, 0.0, 0.0, 0.0, 0.0, 0.0, 0.0, 0.0, 0.0, 0.0, 0.0, 0.0, 0.0, 0.0, 0.0, 0.8810975609756098, 0.0, 0.0, 0.0, 0.0], [0.0, 0.0, 0.0, 0.0, 0.0, 0.0, 0.0, 0.0, 0.0, 0.0, 0.0, 0.0, 0.0, 0.0, 0.0, 0.0, 0.0, 0.0, 0.0, 0.0, 0.0, 0.0, 0.0, 0.0, 0.0, 0.0, 0.0, 0.0, 0.0, 0.0], [0.0, 0.0, 0.0, 0.0, 0.0, 0.0, 0.0, 0.0, 0.0, 0.0, 0.0, 0.0, 0.0, 0.0, 0.0, 0.0, 0.0, 0.0, 0.0, 0.0, 0.0, 0.0, 0.0, 0.6824175824175824, 0.0, 0.0, 0.0, 0.0, 0.0, 0.0], [0.0, 0.0, 0.0, 0.0, 0.0, 0.0, 0.0, 0.0, 0.0, 0.0, 0.0, 0.0, 0.8406466424656097, 0.0, 0.0, 0.0, 0.0, 0.0, 0.0, 0.0, 0.0, 0.0, 0.0, 0.0, 0.0, 0.0, 0.0, 0.0, 0.0, 0.0], [0.0, 0.0, 0.0, 0.0, 0.0, 1.0, 0.0, 0.0, 0.0, 0.0, 0.0, 0.0, 0.0, 0.0, 0.0, 0.0, 0.0, 0.0, 0.0, 0.0, 0.0, 0.0, 0.0, 0.0, 0.0, 0.0, 0.0, 0.0, 0.0, 0.0], [0.0, 0.0, 0.8830943457340019, 0.0, 0.0, 0.0, 0.0, 0.0, 0.0, 0.0, 0.0, 0.0, 0.0, 0.0, 0.0, 0.0, 0.0, 0.0, 0.0, 0.0, 0.0, 0.0, 0.0, 0.0, 0.0, 0.0, 0.0, 0.0, 0.0, 0.0], [0.0, 0.0, 0.0, 0.0, 0.0, 0.0, 0.8990557553956835, 0.0, 0.0, 0.0, 0.0, 0.0, 0.0, 0.0, 0.0, 0.0, 0.0, 0.0, 0.0, 0.0, 0.0, 0.0, 0.0, 0.0, 0.0, 0.0, 0.0, 0.0, 0.0, 0.0], [0.0, 0.8776255707762557, 0.0, 0.0, 0.0, 0.0, 0.0, 0.0, 0.0, 0.0, 0.0, 0.0, 0.0, 0.0, 0.0, 0.0, 0.0, 0.0, 0.0, 0.0, 0.0, 0.0, 0.0, 0.0, 0.0, 0.0, 0.0, 0.0, 0.0, 0.0], [0.0, 0.0, 0.0, 0.0, 0.8533278553820871, 0.0, 0.0, 0.0, 0.0, 0.0, 0.0, 0.0, 0.0, 0.0, 0.0, 0.0, 0.0, 0.0, 0.0, 0.0, 0.0, 0.0, 0.0, 0.0, 0.0, 0.0, 0.0, 0.0, 0.0, 0.0], [0.0, 0.0, 0.0, 0.0, 0.0, 0.0, 0.0, 0.0, 0.8554302840017126, 0.0, 0.0, 0.0, 0.0, 0.0, 0.0, 0.0, 0.0, 0.0, 0.0, 0.0, 0.0, 0.0, 0.0, 0.0, 0.0, 0.0, 0.0, 0.0, 0.0, 0.0], [0.0, 0.0, 0.0, 0.0, 0.0, 0.0, 0.0, 0.0, 0.0, 0.6800428036383093, 0.0, 0.0, 0.0, 0.0, 0.0, 0.0, 0.0, 0.0, 0.0, 0.0, 0.0, 0.0, 0.0, 0.0, 0.0, 0.0, 0.0, 0.0, 0.0, 0.0], [0.0, 0.0, 0.0, 0.0, 0.0, 0.0, 0.0, 0.740841500910241, 0.0, 0.0, 0.0, 0.0, 0.0, 0.0, 0.0, 0.0, 0.0, 0.0, 0.0, 0.0, 0.0, 0.0, 0.0, 0.0, 0.0, 0.0, 0.0, 0.0, 0.0, 0.0], [0.0, 0.0, 0.0, 0.0, 0.0, 0.0, 0.0, 0.0, 0.0, 0.0, 0.0, 0.0, 0.0, 0.0, 0.0, 0.0, 0.0, 0.0, 0.0, 0.0, 0.0, 0.7637698898408812, 0.0, 0.0, 0.0, 0.0, 0.0, 0.0, 0.0, 0.0], [0.0, 0.0, 0.0, 0.8964616891069043, 0.0, 0.0, 0.0, 0.0, 0.0, 0.0, 0.0, 0.0, 0.0, 0.0, 0.0, 0.0, 0.0, 0.0, 0.0, 0.0, 0.0, 0.0, 0.0, 0.0, 0.0, 0.0, 0.0, 0.0, 0.0, 0.0], [0.0, 0.0, 0.0, 0.0, 0.0, 0.0, 0.0, 0.0, 0.0, 0.0, 0.0, 0.28345725183498255, 0.0, 0.0, 0.0, 0.0, 0.0, 0.0, 0.0, 0.0, 0.0, 0.0, 0.0, 0.0, 0.0, 0.0, 0.0, 0.0, 0.0, 0.0]], "gtPolPoints": [[79, 1194, 335, 1194, 335, 1315, 79, 1315], [75, 1464, 217, 1464, 217, 1521, 75, 1521], [442, 1464, 636, 1464, 636, 1523, 442, 1523], [907, 1465, 1005, 1465, 1005, 1522, 907, 1522], [943, 1544, 1004, 1544, 1004, 1571, 943, 1571], [509, 1543, 570, 1543, 570, 1573, 509, 1573], [76, 1544, 198, 1544, 198, 1572, 76, 1572], [148, 1727, 331, 1727, 331, 1759, 148, 1759], [401, 1823, 765, 1823, 765, 1872, 401, 1872], [977, 1366, 1002, 1366, 1002, 1394, 977, 1394], [755, 1287, 913, 1287, 913, 1312, 755, 1312], [858, 1226, 1004, 1226, 1004, 1259, 858, 1259], [348, 1285, 417, 1285, 417, 1319, 348, 1319], [75, 1366, 103, 1366, 103, 1396, 75, 1396], [76, 1133, 145, 1133, 145, 1160, 76, 1160], [184, 1130, 403, 1130, 403, 1161, 184, 1161], [513, 1038, 644, 1038, 644, 1070, 513, 1070], [120, 920, 320, 920, 320, 952, 120, 952], [158, 710, 287, 710, 287, 741, 158, 741], [23, 564, 240, 564, 240, 595, 23, 595], [16, 386, 150, 386, 150, 417, 16, 417], [79, 95, 160, 95, 160, 132, 79, 132], [73, 9, 196, 9, 196, 40, 73, 40], [954, 223, 1053, 223, 1053, 256, 954, 256], [500, 13, 578, 13, 578, 37, 500, 37], [286, 23, 486, 23, 486, 55, 286, 55], [923, 1286, 1005, 1286, 1005, 1313, 923, 1313]], "detPolPoints": [[80, 1194, 341, 1193, 341, 1317, 80, 1317], [21, 563, 240, 561, 240, 596, 21, 598], [111, 919, 324, 918, 324, 951, 111, 952], [282, 24, 489, 22, 489, 56, 282, 58], [6, 385, 153, 384, 154, 417, 6, 418], [513, 1038, 644, 1038, 644, 1070, 513, 1070], [153, 710, 292, 709, 292, 741, 153, 742], [953, 223, 1084, 222, 1084, 255, 953, 257], [76, 93, 162, 94, 162, 134, 75, 134], [69, 8, 247, 9, 247, 40, 69, 40], [145, 1724, 332, 1724, 331, 1760, 145, 1760], [745, 1286, 1008, 1283, 1009, 1312, 746, 1315], [157, 1129, 405, 1129, 405, 1160, 157, 1161], [620, 1638, 758, 1637, 758, 1665, 621, 1665], [397, 1821, 540, 1821, 540, 1867, 397, 1867], [73, 1543, 200, 1542, 201, 1572, 73, 1573], [514, 1070, 641, 1071, 641, 1093, 514, 1092], [72, 1463, 212, 1462, 212, 1522, 73, 1523], [439, 1459, 637, 1460, 637, 1524, 439, 1524], [858, 1224, 1007, 1224, 1007, 1259, 859, 1259], [904, 1462, 1006, 1461, 1006, 1522, 904, 1523], [496, 11, 581, 10, 581, 39, 497, 40], [670, 1820, 768, 1820, 768, 1867, 670, 1867], [69, 1130, 160, 1130, 160, 1160, 69, 1160], [930, 12, 996, 11, 997, 37, 930, 37], [349, 1283, 419, 1283, 419, 1320, 349, 1320], [550, 1824, 662, 1825, 662, 1869, 550, 1868], [941, 1542, 1005, 1543, 1005, 1573, 941, 1573], [507, 1543, 571, 1543, 571, 1573, 507, 1573], [72, 1723, 116, 1723, 116, 1762, 72, 1762]], "gtDontCare": [4, 5, 6, 7, 8, 9, 10, 11, 12, 13, 14, 15, 16, 17, 18, 19, 20, 21, 22, 23, 24, 25, 26], "detDontCare": [1, 2, 3, 4, 5, 6, 7, 8, 9, 10, 11, 12, 14, 15, 19, 21, 22, 23, 25, 26, 27, 28], "evaluationParams": {"IOU_CONSTRAINT": 0.5, "AREA_PRECISION_CONSTRAINT": 0.5, "GT_SAMPLE_NAME_2_ID": "", "DET_SAMPLE_NAME_2_ID": "", "LTRB": false, "CRLF": false, "CONFIDENCES": false, "PER_SAMPLE_RESULTS": true}, "evaluationLog": "GT polygons: 27 (23 don't care)\nDET polygons: 30 (22 don't care)\nMatch GT #0 with Det #0\nMatch GT #1 with Det #17\nMatch GT #2 with Det #18\nMatch GT #3 with Det #20\n"}