{"precision": 0.5714285714285714, "recall": 1.0, "hmean": 0.7272727272727273, "pairs": [{"gt": 0, "det": 9}, {"gt": 1, "det": 2}, {"gt": 2, "det": 3}, {"gt": 3, "det": 0}], "AP": 0, "iouMat": [[0.0, 0.0, 0.0, 0.0, 0.0, 0.0, 0.0, 0.0, 0.0, 0.9241502683363149, 0.0, 0.0, 0.0, 0.0, 0.0, 0.0, 0.0], [0.0, 0.0, 0.9405080213903744, 0.0, 0.0, 0.0, 0.0, 0.0, 0.0, 0.0, 0.0, 0.0, 0.0, 0.0, 0.0, 0.0, 0.0], [0.0, 0.0, 0.0, 0.8551906546175887, 0.0, 0.0, 0.0, 0.0, 0.0, 0.0, 0.0, 0.0, 0.0, 0.0, 0.0, 0.0, 0.0], [0.963302752293578, 0.0, 0.0, 0.0, 0.0, 0.0, 0.0, 0.0, 0.0, 0.0, 0.0, 0.0, 0.0, 0.0, 0.0, 0.0, 0.0], [0.0, 0.0, 0.0, 0.0, 0.0, 0.0, 0.8823529411764706, 0.0, 0.0, 0.0, 0.0, 0.0, 0.0, 0.0, 0.0, 0.0, 0.0], [0.0, 0.8890269151138717, 0.0, 0.0, 0.0, 0.0, 0.0, 0.0, 0.0, 0.0, 0.0, 0.0, 0.0, 0.0, 0.0, 0.0, 0.0], [0.0, 0.0, 0.0, 0.0, 0.48804297525896145, 0.0, 0.0, 0.0, 0.3657262277951933, 0.0, 0.0, 0.0, 0.0, 0.0, 0.0, 0.0, 0.0], [0.0, 0.0, 0.0, 0.0, 0.0, 0.0, 0.0, 0.0, 0.0, 0.0, 0.8202808390228542, 0.0, 0.0, 0.0, 0.0, 0.0, 0.0], [0.0, 0.0, 0.0, 0.0, 0.0, 0.0, 0.0, 0.0, 0.0, 0.0, 0.0, 0.729483282674772, 0.0, 0.0, 0.0, 0.0, 0.0], [0.0, 0.0, 0.0, 0.0, 0.0, 0.0, 0.0, 0.0, 0.0, 0.0, 0.0, 0.0, 0.0, 0.0, 0.7004377736085053, 0.0, 0.0], [0.0, 0.0, 0.0, 0.0, 0.0, 0.0, 0.0, 0.0, 0.0, 0.0, 0.0, 0.0, 0.9387116948092558, 0.0, 0.0, 0.0, 0.0], [0.0, 0.0, 0.0, 0.0, 0.0, 0.0, 0.0, 0.0, 0.0, 0.0, 0.0, 0.0, 0.0, 0.7988636363636363, 0.0, 0.0, 0.0], [0.0, 0.0, 0.0, 0.0, 0.0, 0.0, 0.0, 0.9402985074626866, 0.0, 0.0, 0.0, 0.0, 0.0, 0.0, 0.0, 0.0, 0.0]], "gtPolPoints": [[590, 584, 653, 584, 653, 625, 590, 625], [279, 584, 413, 584, 413, 626, 279, 626], [42, 584, 146, 584, 146, 624, 42, 624], [42, 493, 148, 493, 148, 546, 42, 546], [104, 43, 167, 43, 167, 63, 104, 63], [176, 43, 289, 43, 289, 62, 176, 62], [401, 491, 544, 491, 544, 516, 401, 516], [407, 527, 487, 527, 487, 547, 407, 547], [497, 529, 546, 529, 546, 544, 497, 544], [616, 637, 651, 637, 651, 653, 616, 653], [306, 636, 386, 636, 386, 655, 306, 655], [157, 529, 194, 529, 194, 548, 157, 548], [42, 635, 105, 635, 105, 655, 42, 655]], "detPolPoints": [[41, 492, 147, 492, 147, 546, 41, 546], [174, 42, 289, 42, 289, 63, 174, 63], [278, 582, 414, 582, 414, 626, 278, 626], [40, 582, 139, 583, 139, 626, 40, 625], [466, 493, 545, 493, 545, 515, 466, 516], [185, 264, 224, 263, 224, 278, 185, 279], [101, 42, 169, 42, 169, 63, 101, 63], [39, 635, 106, 635, 106, 655, 39, 655], [399, 488, 457, 489, 457, 517, 399, 517], [588, 582, 653, 582, 653, 625, 588, 625], [404, 526, 486, 525, 486, 545, 404, 546], [491, 527, 545, 527, 545, 545, 491, 545], [307, 635, 386, 635, 386, 655, 307, 655], [155, 527, 195, 527, 195, 549, 155, 549], [612, 636, 653, 635, 653, 655, 612, 655], [539, 8, 580, 7, 580, 19, 539, 20], [46, 46, 76, 46, 76, 74, 46, 74]], "gtDontCare": [4, 5, 6, 7, 8, 9, 10, 11, 12], "detDontCare": [1, 4, 6, 7, 8, 10, 11, 12, 13, 14], "evaluationParams": {"IOU_CONSTRAINT": 0.5, "AREA_PRECISION_CONSTRAINT": 0.5, "GT_SAMPLE_NAME_2_ID": "", "DET_SAMPLE_NAME_2_ID": "", "LTRB": false, "CRLF": false, "CONFIDENCES": false, "PER_SAMPLE_RESULTS": true}, "evaluationLog": "GT polygons: 13 (9 don't care)\nDET polygons: 17 (10 don't care)\nMatch GT #0 with Det #9\nMatch GT #1 with Det #2\nMatch GT #2 with Det #3\nMatch GT #3 with Det #0\n"}