{"precision": 0.8, "recall": 1.0, "hmean": 0.888888888888889, "pairs": [{"gt": 15, "det": 12}, {"gt": 19, "det": 6}, {"gt": 20, "det": 3}, {"gt": 21, "det": 5}], "AP": 0, "iouMat": [[0.0, 0.0, 0.0, 0.0, 0.6172319599362622, 0.0, 0.0, 0.374001369550331, 0.0, 0.0, 0.0, 0.0, 0.0, 0.0, 0.0, 0.0, 0.0, 0.0, 0.0, 0.0], [0.0, 0.0, 0.0, 0.0, 0.0, 0.0, 0.0, 0.0, 0.0, 0.0, 0.0, 0.0, 0.0, 0.7540948574978568, 0.0, 0.0, 0.0, 0.0, 0.0, 0.0], [0.0, 0.0, 0.0, 0.0, 0.0, 0.0, 0.0, 0.0, 0.0, 0.0, 0.0, 0.0, 0.0, 0.0, 0.0, 0.0, 0.0, 0.0, 0.0, 0.0], [0.0, 0.0, 0.0, 0.0, 0.0, 0.0, 0.0, 0.0, 0.0, 0.0, 0.0, 0.0, 0.0, 0.0, 0.0, 0.7216494845360825, 0.0, 0.0, 0.0, 0.0], [0.0, 0.0, 0.0, 0.0, 0.0, 0.0, 0.0, 0.0, 0.0, 0.0, 0.0, 0.0, 0.0, 0.0, 0.0, 0.0, 0.34602649006622516, 0.0, 0.0, 0.0], [0.0, 0.0, 0.0, 0.0, 0.0, 0.0, 0.0, 0.0, 0.0, 0.0, 0.0, 0.0, 0.0, 0.0, 0.0, 0.0, 0.0, 0.0, 0.5615403976843695, 0.0], [0.0, 0.0, 0.0, 0.0, 0.0, 0.0, 0.0, 0.0, 0.0, 0.0, 0.0, 0.0, 0.0, 0.0, 0.5375408052230686, 0.0, 0.0, 0.0, 0.0, 0.0], [0.0, 0.0, 0.0, 0.0, 0.0, 0.0, 0.0, 0.0, 0.0, 0.0, 0.0, 0.0, 0.0, 0.0, 0.0, 0.0, 0.0, 0.0, 0.0, 0.0], [0.0, 0.0, 0.0, 0.0, 0.0, 0.0, 0.0, 0.0, 0.0, 0.0, 0.0, 0.0, 0.0, 0.0, 0.0, 0.0, 0.0, 0.0, 0.0, 0.704225352112676], [0.0, 0.0, 0.0, 0.0, 0.0, 0.0, 0.0, 0.0, 0.0, 0.0, 0.0, 0.0, 0.0, 0.0, 0.0, 0.0, 0.0, 0.0, 0.0, 0.0], [0.0, 0.0, 0.0, 0.0, 0.0, 0.0, 0.0, 0.0, 0.0, 0.0, 0.0, 0.0, 0.0, 0.0, 0.0, 0.0, 0.0, 0.7692307692307693, 0.0, 0.0], [0.0, 0.0, 0.0, 0.0, 0.0, 0.0, 0.0, 0.0, 0.0, 0.0, 0.8610979066198859, 0.0, 0.0, 0.0, 0.0, 0.0, 0.0, 0.0, 0.0, 0.0], [0.0, 0.0, 0.0, 0.0, 0.0, 0.0, 0.0, 0.0, 0.0, 0.0, 0.0, 0.90625, 0.0, 0.0, 0.0, 0.0, 0.0, 0.0, 0.0, 0.0], [0.8966803663854597, 0.0, 0.0, 0.0, 0.0, 0.0, 0.0, 0.0, 0.0, 0.0, 0.0, 0.0, 0.0, 0.0, 0.0, 0.0, 0.0, 0.0, 0.0, 0.0], [0.0, 0.8861876952329214, 0.0, 0.0, 0.0, 0.0, 0.0, 0.0, 0.0, 0.0, 0.0, 0.0, 0.0, 0.0, 0.0, 0.0, 0.0, 0.0, 0.0, 0.0], [0.0, 0.0, 0.0, 0.0, 0.0, 0.0, 0.0, 0.0, 0.0, 0.0, 0.0, 0.0, 0.7543216343635412, 0.0, 0.0, 0.0, 0.0, 0.0, 0.0, 0.0], [0.0, 0.0, 0.9586776859504132, 0.0, 0.0, 0.0, 0.0, 0.0, 0.0, 0.0, 0.0, 0.0, 0.0, 0.0, 0.0, 0.0, 0.0, 0.0, 0.0, 0.0], [0.0, 0.0, 0.0, 0.0, 0.0, 0.0, 0.0, 0.0, 0.8274193548387097, 0.0, 0.0, 0.0, 0.0, 0.0, 0.0, 0.0, 0.0, 0.0, 0.0, 0.0], [0.0, 0.0, 0.0, 0.0, 0.0, 0.0, 0.0, 0.0, 0.0, 0.8046599837442427, 0.0, 0.0, 0.0, 0.0, 0.0, 0.0, 0.0, 0.0, 0.0, 0.0], [0.0, 0.0, 0.0, 0.0, 0.0, 0.0, 0.9115228546675651, 0.0, 0.0, 0.0, 0.0, 0.0, 0.0, 0.0, 0.0, 0.0, 0.0, 0.0, 0.0, 0.0], [0.0, 0.0, 0.0, 0.9335765640090138, 0.0, 0.0, 0.0, 0.0, 0.0, 0.0, 0.0, 0.0, 0.0, 0.0, 0.0, 0.0, 0.0, 0.0, 0.0, 0.0], [0.0, 0.0, 0.0, 0.0, 0.0, 0.9297221510250052, 0.0, 0.0, 0.0, 0.0, 0.0, 0.0, 0.0, 0.0, 0.0, 0.0, 0.0, 0.0, 0.0, 0.0]], "gtPolPoints": [[124, 61, 413, 61, 413, 90, 124, 90], [895, 79, 924, 79, 924, 100, 895, 100], [956, 89, 968, 89, 968, 106, 956, 106], [937, 148, 951, 148, 951, 168, 937, 168], [925, 206, 936, 206, 936, 225, 925, 225], [908, 267, 922, 267, 922, 287, 908, 287], [887, 333, 900, 333, 900, 352, 887, 352], [816, 343, 829, 343, 829, 362, 816, 362], [771, 306, 786, 306, 786, 326, 771, 326], [785, 491, 793, 491, 793, 511, 785, 511], [639, 511, 662, 511, 662, 531, 639, 531], [204, 568, 233, 568, 233, 599, 204, 599], [101, 590, 130, 590, 130, 619, 101, 619], [211, 782, 498, 782, 498, 814, 211, 814], [214, 828, 479, 828, 479, 853, 214, 853], [496, 830, 568, 830, 568, 850, 496, 850], [877, 984, 997, 984, 997, 1013, 877, 1013], [511, 985, 568, 985, 568, 1012, 511, 1012], [59, 985, 114, 985, 114, 1012, 59, 1012], [56, 903, 155, 903, 155, 954, 56, 954], [452, 903, 626, 903, 626, 953, 452, 953], [883, 902, 994, 902, 994, 953, 883, 953]], "detPolPoints": [[207, 781, 498, 780, 499, 812, 207, 813], [218, 827, 487, 826, 487, 853, 218, 854], [877, 983, 998, 983, 998, 1013, 877, 1013], [449, 901, 626, 901, 627, 953, 449, 954], [123, 60, 311, 60, 311, 91, 123, 91], [880, 901, 993, 901, 992, 953, 879, 952], [55, 901, 154, 901, 155, 952, 55, 952], [300, 60, 418, 60, 418, 91, 300, 91], [508, 983, 570, 983, 570, 1013, 508, 1013], [56, 983, 116, 983, 117, 1013, 56, 1014], [205, 567, 236, 568, 235, 599, 204, 597], [101, 589, 130, 589, 130, 621, 101, 621], [485, 829, 568, 829, 568, 852, 485, 852], [894, 76, 923, 77, 922, 99, 893, 98], [884, 328, 902, 329, 901, 354, 883, 354], [935, 145, 952, 145, 951, 169, 935, 168], [922, 200, 941, 203, 936, 234, 917, 231], [640, 509, 663, 509, 663, 533, 640, 533], [906, 263, 926, 268, 920, 292, 901, 287], [770, 303, 788, 305, 786, 328, 768, 327]], "gtDontCare": [0, 1, 2, 3, 4, 5, 6, 7, 8, 9, 10, 11, 12, 13, 14, 16, 17, 18], "detDontCare": [0, 1, 2, 4, 7, 8, 9, 10, 11, 13, 14, 15, 17, 18, 19], "evaluationParams": {"IOU_CONSTRAINT": 0.5, "AREA_PRECISION_CONSTRAINT": 0.5, "GT_SAMPLE_NAME_2_ID": "", "DET_SAMPLE_NAME_2_ID": "", "LTRB": false, "CRLF": false, "CONFIDENCES": false, "PER_SAMPLE_RESULTS": true}, "evaluationLog": "GT polygons: 22 (18 don't care)\nDET polygons: 20 (15 don't care)\nMatch GT #15 with Det #12\nMatch GT #19 with Det #6\nMatch GT #20 with Det #3\nMatch GT #21 with Det #5\n"}